Fecha Venta,Cliente,Producto,Cantidad,Precio Unitario,Coste Unitario
2026-05-06,  Retail Partner  ,Graphic Zip-Up Hoodie,1.0,95.0,37.4
2026-03-19,  Drop Online Global  ,Puffer Jacket Limited Release,1.0,$180.0,87.62
2026-04-05,  Pop-Up Store Madrid  ,Graphic Zip-Up Hoodie,3.0,-45.0,39.1
2026-04-10,  Flagship Store  ,Boxy Fit Hoodie 500 GSM,,$90.0,35.28
2026-03-04,  Drop Online Global  ,Denim Shorts Wide Leg,1.0,65.0,23.87
2026-01-17,  Pop-Up Store Madrid  ,Heavyweight Oversize Tee 300 GSM,1.0,45.0,21.17
2026-04-10,  Pop-Up Store Madrid  ,Graphic Zip-Up Hoodie,1.0,$95.0,44.83
2026-06-28,  Retail Partner  ,Graphic Zip-Up Hoodie,3.0,$95.0,34.79
2026-02-13,  Pop-Up Store Madrid  ,Heavyweight Oversize Tee 300 GSM,1.0,$45.0,18.59
2026-03-17,  Retail Partner  ,New Balance 990v3 Made in USA,1.0,220.0 €,79.41
2026-03-17,  Flagship Store  ,Denim Shorts Wide Leg,-1.0,65.0 €,27.71
2026-03-07,  Retail Partner  ,New Balance 990v3 Made in USA,5.0,220.0 €,89.74
2026-06-06,  Retail Partner  ,Puffer Jacket Limited Release,1.0,180.0,66.93
2026-01-09,  Retail Partner  ,Denim Shorts Wide Leg,1.0,65.0 €,23.92
2026-04-10,  Retail Partner  ,Heavyweight Oversize Tee 300 GSM,1.0,$45.0,22.5
2026-03-02,  Flagship Store  ,Cargo Pants Baggy Fit,1.0,$85.0,39.28
2026-03-14,  Drop Online Global  ,Cargo Pants Baggy Fit,5.0,85.0,32.26
2026-07-03,  Pop-Up Store Madrid  ,Heavyweight Oversize Tee 300 GSM,1.0,$45.0,17.69
2026-03-17,  Flagship Store  ,ASICS GEL-NYC Tech Runner,,150.0,73.84
2026-02-22,  Pop-Up Store Madrid  ,Denim Shorts Wide Leg,-1.0,65.0 €,31.7
2026-01-11,  Drop Online Global  ,New Balance 990v3 Made in USA,,220.0 €,100.87
2026-07-13,  Pop-Up Store Madrid  ,Boxy Fit Hoodie 500 GSM,5.0,90.0 €,37.38
2026-04-03,  Retail Partner  ,Puffer Jacket Limited Release,,180.0 €,70.97
2026-04-29,  Drop Online Global  ,Puffer Jacket Limited Release,3.0,180.0 €,67.84
2026-07-06,  Pop-Up Store Madrid  ,Graphic Zip-Up Hoodie,1.0,95.0,38.96
2026-01-09,  Flagship Store  ,Heavyweight Oversize Tee 300 GSM,3.0,$45.0,21.96
2026-02-12,  Flagship Store  ,Heavyweight Oversize Tee 300 GSM,1.0,$45.0,17.37
2026-07-22,  Flagship Store  ,Puffer Jacket Limited Release,-1.0,-45.0,84.71
2026-07-03,  Flagship Store  ,Puffer Jacket Limited Release,-1.0,180.0,83.51
2026-04-26,  Retail Partner  ,Puffer Jacket Limited Release,3.0,$180.0,73.49
2026-07-03,  Pop-Up Store Madrid  ,ASICS GEL-NYC Tech Runner,-1.0,$150.0,53.87
2026-06-19,  Drop Online Global  ,Puffer Jacket Limited Release,1.0,180.0 €,89.18
2026-08-01,  Drop Online Global  ,Puffer Jacket Limited Release,2.0,$180.0,74.35
2026-06-21,  Pop-Up Store Madrid  ,Puffer Jacket Limited Release,3.0,180.0,88.04
2026-01-02,  Pop-Up Store Madrid  ,ASICS GEL-NYC Tech Runner,2.0,150.0 €,57.69
2026-01-05,  Flagship Store  ,ASICS GEL-NYC Tech Runner,1.0,$150.0,71.42
2026-06-22,  Drop Online Global  ,ASICS GEL-NYC Tech Runner,2.0,150.0 €,66.29
2026-01-11,  Pop-Up Store Madrid  ,ASICS GEL-NYC Tech Runner,3.0,150.0 €,52.83
2026-01-08,  Retail Partner  ,New Balance 990v3 Made in USA,2.0,$220.0,101.54
2026-06-27,  Drop Online Global  ,Boxy Fit Hoodie 500 GSM,3.0,90.0,44.16
2026-07-13,  Retail Partner  ,Denim Shorts Wide Leg,1.0,65.0,25.19
2026-01-11,  Drop Online Global  ,Denim Shorts Wide Leg,1.0,$65.0,25.13
2026-07-02,  Drop Online Global  ,Boxy Fit Hoodie 500 GSM,5.0,90.0 €,36.04
2026-04-04,  Retail Partner  ,Cargo Pants Baggy Fit,1.0,$85.0,38.05
2026-07-16,  Pop-Up Store Madrid  ,Denim Shorts Wide Leg,1.0,65.0,31.77
2026-01-10,  Drop Online Global  ,Cargo Pants Baggy Fit,1.0,85.0,40.32
2026-05-31,  Drop Online Global  ,New Balance 990v3 Made in USA,1.0,220.0,96.75
2026-01-19,  Flagship Store  ,Denim Shorts Wide Leg,1.0,65.0 €,26.86
2026-06-06,  Drop Online Global  ,ASICS GEL-NYC Tech Runner,1.0,150.0 €,66.1
2026-08-08,  Drop Online Global  ,ASICS GEL-NYC Tech Runner,5.0,150.0 €,59.75
2026-01-05,  Pop-Up Store Madrid  ,Denim Shorts Wide Leg,5.0,65.0 €,24.5
2026-03-09,  Pop-Up Store Madrid  ,Heavyweight Oversize Tee 300 GSM,1.0,45.0 €,16.46
2026-03-06,  Drop Online Global  ,Boxy Fit Hoodie 500 GSM,1.0,90.0 €,40.39
2026-05-02,  Retail Partner  ,Boxy Fit Hoodie 500 GSM,,90.0 €,44.28
2026-04-07,  Drop Online Global  ,Denim Shorts Wide Leg,5.0,$65.0,31.69
2026-01-03,  Retail Partner  ,New Balance 990v3 Made in USA,2.0,220.0 €,90.28
2026-02-21,  Drop Online Global  ,Graphic Zip-Up Hoodie,1.0,$95.0,37.02
2026-03-08,  Drop Online Global  ,Boxy Fit Hoodie 500 GSM,,$90.0,36.0
2026-04-04,  Retail Partner  ,ASICS GEL-NYC Tech Runner,3.0,150.0 €,68.17
2026-02-22,  Pop-Up Store Madrid  ,ASICS GEL-NYC Tech Runner,5.0,$150.0,58.27
2026-01-04,  Drop Online Global  ,Denim Shorts Wide Leg,3.0,65.0,24.49
2026-01-03,  Retail Partner  ,Puffer Jacket Limited Release,5.0,$180.0,74.75
2026-05-26,  Retail Partner  ,Boxy Fit Hoodie 500 GSM,5.0,-45.0,40.21
2026-07-06,  Flagship Store  ,Graphic Zip-Up Hoodie,1.0,95.0,47.28
2026-07-29,  Retail Partner  ,Puffer Jacket Limited Release,,$180.0,63.48
2026-02-06,  Flagship Store  ,Puffer Jacket Limited Release,,180.0 €,79.31
2026-02-15,  Pop-Up Store Madrid  ,Denim Shorts Wide Leg,,65.0 €,30.58
2026-04-26,  Flagship Store  ,Boxy Fit Hoodie 500 GSM,2.0,90.0 €,36.5
2026-07-25,  Drop Online Global  ,Boxy Fit Hoodie 500 GSM,3.0,$90.0,37.7
2026-08-09,  Retail Partner  ,Boxy Fit Hoodie 500 GSM,3.0,$90.0,40.87
2026-03-31,  Flagship Store  ,Cargo Pants Baggy Fit,-1.0,-45.0,39.14
2026-01-16,  Pop-Up Store Madrid  ,Graphic Zip-Up Hoodie,3.0,95.0 €,34.45
2026-06-21,  Flagship Store  ,Boxy Fit Hoodie 500 GSM,5.0,90.0,44.02
2026-02-08,  Flagship Store  ,Heavyweight Oversize Tee 300 GSM,,$45.0,20.91
2026-02-18,  Retail Partner  ,ASICS GEL-NYC Tech Runner,5.0,$150.0,67.4
2026-06-26,  Flagship Store  ,Heavyweight Oversize Tee 300 GSM,1.0,45.0,21.79
2026-04-02,  Retail Partner  ,New Balance 990v3 Made in USA,1.0,$220.0,80.03
2026-07-14,  Retail Partner  ,Puffer Jacket Limited Release,-1.0,180.0 €,73.97
2026-03-23,  Drop Online Global  ,Heavyweight Oversize Tee 300 GSM,3.0,45.0 €,17.16
2026-01-02,  Drop Online Global  ,Puffer Jacket Limited Release,3.0,$180.0,68.76
2026-08-09,  Flagship Store  ,Denim Shorts Wide Leg,1.0,65.0 €,30.76
2026-03-21,  Retail Partner  ,Puffer Jacket Limited Release,,180.0,63.44
2026-04-05,  Flagship Store  ,Boxy Fit Hoodie 500 GSM,1.0,$90.0,43.32
2026-05-12,  Pop-Up Store Madrid  ,ASICS GEL-NYC Tech Runner,-1.0,$150.0,56.56
2026-04-10,  Pop-Up Store Madrid  ,Graphic Zip-Up Hoodie,-1.0,95.0,41.31
2026-06-04,  Drop Online Global  ,Graphic Zip-Up Hoodie,1.0,95.0 €,37.97
2026-06-21,  Pop-Up Store Madrid  ,New Balance 990v3 Made in USA,1.0,220.0,82.06
2026-06-22,  Retail Partner  ,Boxy Fit Hoodie 500 GSM,1.0,90.0 €,34.96
2026-07-16,  Retail Partner  ,Cargo Pants Baggy Fit,1.0,85.0,36.81
2026-07-22,  Retail Partner  ,Graphic Zip-Up Hoodie,1.0,95.0,45.26
2026-06-21,  Pop-Up Store Madrid  ,ASICS GEL-NYC Tech Runner,2.0,150.0 €,71.03
2026-05-19,  Retail Partner  ,Graphic Zip-Up Hoodie,1.0,$95.0,44.77
2026-07-01,  Pop-Up Store Madrid  ,ASICS GEL-NYC Tech Runner,5.0,$150.0,69.02
2026-06-24,  Flagship Store  ,Denim Shorts Wide Leg,2.0,65.0 €,30.02
2026-06-13,  Flagship Store  ,New Balance 990v3 Made in USA,2.0,220.0 €,100.41
2026-01-29,  Flagship Store  ,Denim Shorts Wide Leg,-1.0,65.0 €,30.26
2026-06-15,  Pop-Up Store Madrid  ,ASICS GEL-NYC Tech Runner,5.0,150.0 €,62.03
2026-03-25,  Pop-Up Store Madrid  ,Cargo Pants Baggy Fit,-1.0,-45.0,32.82
2026-06-21,  Pop-Up Store Madrid  ,Boxy Fit Hoodie 500 GSM,2.0,90.0,34.09
2026-04-11,  Retail Partner  ,Heavyweight Oversize Tee 300 GSM,-1.0,45.0 €,17.58
2026-02-11,  Flagship Store  ,New Balance 990v3 Made in USA,2.0,$220.0,108.5
2026-05-22,  Pop-Up Store Madrid  ,Graphic Zip-Up Hoodie,3.0,95.0,42.62
2026-04-28,  Retail Partner  ,Boxy Fit Hoodie 500 GSM,,$90.0,41.5
2026-06-15,  Drop Online Global  ,Heavyweight Oversize Tee 300 GSM,1.0,45.0 €,21.35
2026-02-28,  Drop Online Global  ,Puffer Jacket Limited Release,3.0,$180.0,63.73
2026-07-06,  Retail Partner  ,Denim Shorts Wide Leg,,65.0,30.73
2026-05-17,  Flagship Store  ,New Balance 990v3 Made in USA,-1.0,$220.0,90.46
2026-02-19,  Drop Online Global  ,Puffer Jacket Limited Release,2.0,$180.0,75.67
2026-04-30,  Flagship Store  ,Cargo Pants Baggy Fit,5.0,85.0 €,38.02
2026-02-21,  Drop Online Global  ,Puffer Jacket Limited Release,1.0,180.0 €,75.47
2026-07-04,  Pop-Up Store Madrid  ,Heavyweight Oversize Tee 300 GSM,-1.0,$45.0,21.88
2026-06-11,  Pop-Up Store Madrid  ,Denim Shorts Wide Leg,,$65.0,28.61
2026-02-06,  Drop Online Global  ,ASICS GEL-NYC Tech Runner,,150.0 €,59.4
2026-06-08,  Flagship Store  ,Boxy Fit Hoodie 500 GSM,2.0,90.0 €,43.15
2026-01-09,  Retail Partner  ,Heavyweight Oversize Tee 300 GSM,5.0,45.0 €,16.79
2026-06-13,  Drop Online Global  ,ASICS GEL-NYC Tech Runner,2.0,150.0,69.4
2026-05-29,  Retail Partner  ,Boxy Fit Hoodie 500 GSM,5.0,$90.0,34.84
2026-04-16,  Pop-Up Store Madrid  ,Boxy Fit Hoodie 500 GSM,3.0,$90.0,38.35
2026-04-20,  Drop Online Global  ,Denim Shorts Wide Leg,5.0,65.0,31.67
2026-08-08,  Drop Online Global  ,Heavyweight Oversize Tee 300 GSM,5.0,45.0 €,18.37
2026-06-21,  Retail Partner  ,Puffer Jacket Limited Release,2.0,180.0 €,63.37
2026-06-12,  Retail Partner  ,Denim Shorts Wide Leg,5.0,$65.0,31.89
2026-06-25,  Flagship Store  ,Puffer Jacket Limited Release,1.0,180.0,67.71
2026-01-23,  Drop Online Global  ,Denim Shorts Wide Leg,1.0,$65.0,30.78
2026-08-06,  Retail Partner  ,Boxy Fit Hoodie 500 GSM,5.0,90.0,42.88
2026-07-02,  Pop-Up Store Madrid  ,Cargo Pants Baggy Fit,2.0,85.0 €,35.26
2026-05-11,  Flagship Store  ,Heavyweight Oversize Tee 300 GSM,5.0,-45.0,19.04
2026-05-09,  Drop Online Global  ,Denim Shorts Wide Leg,3.0,$65.0,26.01
2026-04-16,  Pop-Up Store Madrid  ,Puffer Jacket Limited Release,1.0,180.0 €,83.81
2026-01-16,  Pop-Up Store Madrid  ,Heavyweight Oversize Tee 300 GSM,3.0,$45.0,15.76
2026-02-17,  Retail Partner  ,New Balance 990v3 Made in USA,1.0,220.0 €,77.18
2026-01-14,  Drop Online Global  ,Denim Shorts Wide Leg,3.0,65.0,29.04
2026-05-05,  Drop Online Global  ,ASICS GEL-NYC Tech Runner,,150.0 €,61.07
2026-04-16,  Drop Online Global  ,Graphic Zip-Up Hoodie,,95.0 €,38.7
2026-07-19,  Retail Partner  ,Graphic Zip-Up Hoodie,1.0,95.0 €,47.36
2026-01-02,  Pop-Up Store Madrid  ,Graphic Zip-Up Hoodie,1.0,$95.0,35.18
2026-01-11,  Retail Partner  ,Puffer Jacket Limited Release,1.0,180.0,85.67
2026-06-07,  Pop-Up Store Madrid  ,Puffer Jacket Limited Release,3.0,180.0 €,77.96
2026-02-12,  Drop Online Global  ,Puffer Jacket Limited Release,3.0,180.0 €,64.84
2026-02-28,  Retail Partner  ,ASICS GEL-NYC Tech Runner,2.0,150.0 €,68.54
2026-06-27,  Flagship Store  ,New Balance 990v3 Made in USA,5.0,$220.0,108.74
2026-03-29,  Drop Online Global  ,Heavyweight Oversize Tee 300 GSM,5.0,-45.0,18.38
2026-06-18,  Flagship Store  ,Denim Shorts Wide Leg,-1.0,$65.0,27.25
2026-02-12,  Retail Partner  ,Cargo Pants Baggy Fit,2.0,85.0 €,31.31
2026-01-01,  Drop Online Global  ,Heavyweight Oversize Tee 300 GSM,1.0,45.0 €,19.56
2026-07-05,  Flagship Store  ,Puffer Jacket Limited Release,1.0,$180.0,65.16
2026-07-31,  Drop Online Global  ,ASICS GEL-NYC Tech Runner,,150.0 €,65.1
2026-05-30,  Pop-Up Store Madrid  ,Denim Shorts Wide Leg,2.0,$65.0,27.68
2026-05-21,  Pop-Up Store Madrid  ,Cargo Pants Baggy Fit,1.0,-45.0,33.97
2026-06-09,  Drop Online Global  ,Graphic Zip-Up Hoodie,,$95.0,36.35
2026-06-03,  Drop Online Global  ,Puffer Jacket Limited Release,3.0,180.0,68.36
2026-02-10,  Retail Partner  ,Boxy Fit Hoodie 500 GSM,-1.0,90.0 €,35.97
2026-03-15,  Flagship Store  ,Puffer Jacket Limited Release,,$180.0,85.37
2026-03-01,  Drop Online Global  ,ASICS GEL-NYC Tech Runner,3.0,$150.0,62.29
2026-05-19,  Pop-Up Store Madrid  ,Denim Shorts Wide Leg,1.0,65.0,24.08
2026-03-25,  Drop Online Global  ,Heavyweight Oversize Tee 300 GSM,,45.0 €,21.13
2026-01-28,  Drop Online Global  ,Boxy Fit Hoodie 500 GSM,3.0,$90.0,31.8
2026-03-10,  Drop Online Global  ,Puffer Jacket Limited Release,2.0,180.0,76.53
2026-06-10,  Pop-Up Store Madrid  ,Heavyweight Oversize Tee 300 GSM,1.0,$45.0,15.8
2026-04-13,  Drop Online Global  ,ASICS GEL-NYC Tech Runner,2.0,$150.0,60.53
2026-02-01,  Flagship Store  ,Cargo Pants Baggy Fit,1.0,85.0,40.43
2026-04-01,  Drop Online Global  ,Cargo Pants Baggy Fit,-1.0,85.0,32.53
2026-01-16,  Flagship Store  ,Boxy Fit Hoodie 500 GSM,1.0,90.0 €,34.56
2026-07-16,  Drop Online Global  ,Heavyweight Oversize Tee 300 GSM,3.0,$45.0,19.38
2026-07-23,  Flagship Store  ,Cargo Pants Baggy Fit,3.0,85.0 €,29.78
2026-01-18,  Flagship Store  ,ASICS GEL-NYC Tech Runner,,$150.0,64.99
2026-06-08,  Flagship Store  ,ASICS GEL-NYC Tech Runner,1.0,150.0 €,60.03
2026-03-25,  Drop Online Global  ,Boxy Fit Hoodie 500 GSM,1.0,$90.0,40.83
2026-04-23,  Retail Partner  ,Cargo Pants Baggy Fit,3.0,85.0 €,33.2
2026-02-17,  Retail Partner  ,Denim Shorts Wide Leg,1.0,$65.0,30.17
2026-01-25,  Flagship Store  ,Graphic Zip-Up Hoodie,1.0,95.0,41.08
2026-01-09,  Pop-Up Store Madrid  ,Heavyweight Oversize Tee 300 GSM,,$45.0,21.89
2026-02-26,  Retail Partner  ,Puffer Jacket Limited Release,,$180.0,86.05
2026-06-28,  Pop-Up Store Madrid  ,Graphic Zip-Up Hoodie,3.0,95.0,47.02
2026-06-08,  Pop-Up Store Madrid  ,Cargo Pants Baggy Fit,5.0,85.0 €,29.98
2026-01-24,  Pop-Up Store Madrid  ,Puffer Jacket Limited Release,1.0,180.0,78.84
2026-07-24,  Drop Online Global  ,ASICS GEL-NYC Tech Runner,1.0,$150.0,73.05
2026-02-17,  Flagship Store  ,New Balance 990v3 Made in USA,2.0,$220.0,81.97
2026-01-10,  Drop Online Global  ,Denim Shorts Wide Leg,,$65.0,27.09
2026-02-07,  Retail Partner  ,Denim Shorts Wide Leg,,$65.0,29.56
2026-06-15,  Pop-Up Store Madrid  ,Boxy Fit Hoodie 500 GSM,5.0,90.0 €,38.12
2026-06-01,  Retail Partner  ,Denim Shorts Wide Leg,1.0,-45.0,24.15
2026-01-10,  Pop-Up Store Madrid  ,Denim Shorts Wide Leg,1.0,65.0 €,29.66
2026-06-21,  Flagship Store  ,Graphic Zip-Up Hoodie,-1.0,95.0,45.13
2026-03-28,  Drop Online Global  ,ASICS GEL-NYC Tech Runner,1.0,150.0,54.98
2026-04-25,  Drop Online Global  ,Boxy Fit Hoodie 500 GSM,1.0,90.0 €,43.58
2026-02-03,  Drop Online Global  ,New Balance 990v3 Made in USA,5.0,220.0 €,81.74
2026-05-19,  Retail Partner  ,Boxy Fit Hoodie 500 GSM,-1.0,90.0 €,40.31
2026-02-11,  Retail Partner  ,Boxy Fit Hoodie 500 GSM,5.0,$90.0,43.8
2026-07-14,  Drop Online Global  ,Cargo Pants Baggy Fit,5.0,85.0 €,38.42
2026-06-21,  Flagship Store  ,ASICS GEL-NYC Tech Runner,3.0,$150.0,67.38
2026-07-03,  Pop-Up Store Madrid  ,Boxy Fit Hoodie 500 GSM,3.0,$90.0,38.62
2026-06-23,  Flagship Store  ,ASICS GEL-NYC Tech Runner,5.0,150.0 €,65.01
2026-04-15,  Pop-Up Store Madrid  ,Denim Shorts Wide Leg,-1.0,65.0,31.61
2026-06-06,  Pop-Up Store Madrid  ,Heavyweight Oversize Tee 300 GSM,2.0,45.0 €,16.09
2026-05-02,  Drop Online Global  ,Cargo Pants Baggy Fit,1.0,85.0,35.55
2026-01-21,  Retail Partner  ,Boxy Fit Hoodie 500 GSM,5.0,$90.0,42.97
2026-01-26,  Drop Online Global  ,Heavyweight Oversize Tee 300 GSM,,45.0,21.52
2026-03-11,  Flagship Store  ,ASICS GEL-NYC Tech Runner,1.0,150.0 €,54.91
2026-07-26,  Retail Partner  ,Graphic Zip-Up Hoodie,-1.0,$95.0,36.06
2026-05-12,  Pop-Up Store Madrid  ,Denim Shorts Wide Leg,3.0,$65.0,28.47
2026-06-07,  Retail Partner  ,Puffer Jacket Limited Release,2.0,$180.0,76.48
2026-04-10,  Drop Online Global  ,ASICS GEL-NYC Tech Runner,2.0,$150.0,52.62
2026-04-11,  Retail Partner  ,Graphic Zip-Up Hoodie,1.0,95.0,33.83
2026-06-03,  Pop-Up Store Madrid  ,Cargo Pants Baggy Fit,1.0,$85.0,31.97
2026-07-25,  Pop-Up Store Madrid  ,Graphic Zip-Up Hoodie,1.0,$95.0,45.45
2026-03-07,  Pop-Up Store Madrid  ,Cargo Pants Baggy Fit,3.0,85.0,41.0
2026-04-27,  Flagship Store  ,Heavyweight Oversize Tee 300 GSM,,45.0,19.27
2026-02-16,  Drop Online Global  ,Denim Shorts Wide Leg,1.0,65.0 €,30.65
2026-03-17,  Pop-Up Store Madrid  ,Boxy Fit Hoodie 500 GSM,1.0,90.0,37.77
2026-05-18,  Flagship Store  ,New Balance 990v3 Made in USA,3.0,220.0 €,86.97
2026-07-25,  Pop-Up Store Madrid  ,Boxy Fit Hoodie 500 GSM,1.0,$90.0,35.95
2026-01-06,  Drop Online Global  ,New Balance 990v3 Made in USA,1.0,220.0 €,81.92
2026-05-05,  Retail Partner  ,Puffer Jacket Limited Release,-1.0,180.0,87.73
2026-04-24,  Drop Online Global  ,Graphic Zip-Up Hoodie,3.0,95.0,35.52
2026-07-14,  Retail Partner  ,New Balance 990v3 Made in USA,3.0,220.0,94.68
2026-03-10,  Retail Partner  ,Graphic Zip-Up Hoodie,3.0,$95.0,45.32
2026-02-20,  Retail Partner  ,New Balance 990v3 Made in USA,,$220.0,106.73
2026-07-27,  Drop Online Global  ,Cargo Pants Baggy Fit,,$85.0,42.28
2026-07-16,  Retail Partner  ,ASICS GEL-NYC Tech Runner,-1.0,150.0,70.23
2026-06-16,  Pop-Up Store Madrid  ,Denim Shorts Wide Leg,3.0,65.0,29.48
2026-04-28,  Retail Partner  ,Puffer Jacket Limited Release,1.0,$180.0,75.81
2026-01-24,  Retail Partner  ,ASICS GEL-NYC Tech Runner,5.0,150.0,59.61
2026-04-30,  Flagship Store  ,Puffer Jacket Limited Release,1.0,180.0 €,66.49
2026-02-08,  Pop-Up Store Madrid  ,Graphic Zip-Up Hoodie,2.0,95.0,43.73
2026-02-06,  Pop-Up Store Madrid  ,Boxy Fit Hoodie 500 GSM,1.0,90.0,34.45
2026-06-17,  Pop-Up Store Madrid  ,Cargo Pants Baggy Fit,1.0,$85.0,37.71
2026-05-17,  Retail Partner  ,Cargo Pants Baggy Fit,-1.0,85.0,35.37
2026-08-08,  Flagship Store  ,New Balance 990v3 Made in USA,2.0,220.0,79.23
2026-07-05,  Flagship Store  ,New Balance 990v3 Made in USA,1.0,220.0 €,100.31
2026-05-24,  Drop Online Global  ,Graphic Zip-Up Hoodie,-1.0,95.0,34.73
2026-01-02,  Retail Partner  ,ASICS GEL-NYC Tech Runner,1.0,150.0,62.42
2026-01-04,  Pop-Up Store Madrid  ,ASICS GEL-NYC Tech Runner,5.0,150.0 €,63.08
2026-02-01,  Flagship Store  ,ASICS GEL-NYC Tech Runner,1.0,150.0 €,66.21
2026-03-08,  Drop Online Global  ,Heavyweight Oversize Tee 300 GSM,3.0,45.0 €,21.45
2026-06-29,  Retail Partner  ,Heavyweight Oversize Tee 300 GSM,-1.0,-45.0,16.57
2026-02-19,  Pop-Up Store Madrid  ,Heavyweight Oversize Tee 300 GSM,3.0,45.0,18.89
2026-02-22,  Pop-Up Store Madrid  ,Cargo Pants Baggy Fit,,$85.0,34.59
2026-01-16,  Retail Partner  ,Puffer Jacket Limited Release,1.0,180.0 €,65.57
2026-01-18,  Drop Online Global  ,Graphic Zip-Up Hoodie,3.0,$95.0,45.87
2026-04-08,  Drop Online Global  ,Graphic Zip-Up Hoodie,2.0,95.0 €,36.3
2026-07-09,  Retail Partner  ,Heavyweight Oversize Tee 300 GSM,5.0,45.0 €,19.53
2026-01-16,  Retail Partner  ,Boxy Fit Hoodie 500 GSM,1.0,90.0,35.31
2026-06-04,  Flagship Store  ,Puffer Jacket Limited Release,2.0,$180.0,69.93
2026-07-05,  Flagship Store  ,Denim Shorts Wide Leg,2.0,65.0,26.59
2026-05-10,  Flagship Store  ,Denim Shorts Wide Leg,1.0,$65.0,31.1
2026-05-03,  Flagship Store  ,Graphic Zip-Up Hoodie,5.0,95.0,38.21
2026-01-05,  Retail Partner  ,Heavyweight Oversize Tee 300 GSM,5.0,$45.0,20.69
2026-02-20,  Drop Online Global  ,New Balance 990v3 Made in USA,5.0,220.0,104.49
2026-03-31,  Drop Online Global  ,Denim Shorts Wide Leg,1.0,65.0 €,24.95
2026-02-07,  Drop Online Global  ,Graphic Zip-Up Hoodie,1.0,$95.0,45.73
2026-08-07,  Flagship Store  ,Cargo Pants Baggy Fit,,$85.0,29.84
2026-02-24,  Flagship Store  ,New Balance 990v3 Made in USA,,220.0,86.98
2026-01-12,  Drop Online Global  ,Heavyweight Oversize Tee 300 GSM,,45.0 €,17.28
2026-01-21,  Retail Partner  ,ASICS GEL-NYC Tech Runner,-1.0,$150.0,71.89
2026-02-14,  Drop Online Global  ,Cargo Pants Baggy Fit,1.0,85.0 €,36.29
2026-03-15,  Pop-Up Store Madrid  ,Denim Shorts Wide Leg,-1.0,$65.0,31.85
2026-04-10,  Retail Partner  ,Heavyweight Oversize Tee 300 GSM,1.0,$45.0,20.45
2026-07-28,  Retail Partner  ,Graphic Zip-Up Hoodie,5.0,$95.0,46.38
2026-08-01,  Drop Online Global  ,Graphic Zip-Up Hoodie,,95.0,43.19
2026-06-20,  Retail Partner  ,Graphic Zip-Up Hoodie,1.0,-45.0,38.84
2026-05-24,  Flagship Store  ,ASICS GEL-NYC Tech Runner,1.0,$150.0,69.77
2026-01-11,  Flagship Store  ,Cargo Pants Baggy Fit,1.0,85.0,37.23
2026-04-01,  Retail Partner  ,Graphic Zip-Up Hoodie,1.0,$95.0,45.5
2026-07-19,  Flagship Store  ,Heavyweight Oversize Tee 300 GSM,5.0,45.0 €,18.6
2026-02-12,  Pop-Up Store Madrid  ,Heavyweight Oversize Tee 300 GSM,-1.0,$45.0,22.22
2026-06-06,  Drop Online Global  ,New Balance 990v3 Made in USA,3.0,$220.0,88.87
2026-02-19,  Retail Partner  ,ASICS GEL-NYC Tech Runner,,-45.0,62.39
2026-01-22,  Retail Partner  ,Graphic Zip-Up Hoodie,-1.0,$95.0,38.54
2026-07-09,  Flagship Store  ,Cargo Pants Baggy Fit,1.0,85.0,33.96
2026-04-19,  Flagship Store  ,New Balance 990v3 Made in USA,5.0,-45.0,90.0
2026-06-03,  Flagship Store  ,Puffer Jacket Limited Release,1.0,-45.0,76.57
2026-06-24,  Pop-Up Store Madrid  ,Denim Shorts Wide Leg,1.0,65.0,24.3
2026-01-12,  Drop Online Global  ,Puffer Jacket Limited Release,1.0,$180.0,65.45
2026-02-03,  Pop-Up Store Madrid  ,ASICS GEL-NYC Tech Runner,5.0,150.0 €,59.24
2026-02-12,  Drop Online Global  ,Denim Shorts Wide Leg,-1.0,$65.0,27.31
2026-03-16,  Retail Partner  ,Puffer Jacket Limited Release,2.0,180.0 €,68.81
2026-03-28,  Flagship Store  ,Puffer Jacket Limited Release,1.0,$180.0,69.33
2026-07-11,  Flagship Store  ,Puffer Jacket Limited Release,1.0,$180.0,70.56
2026-06-26,  Pop-Up Store Madrid  ,Denim Shorts Wide Leg,1.0,65.0,31.66
2026-05-05,  Pop-Up Store Madrid  ,Cargo Pants Baggy Fit,1.0,$85.0,42.21
2026-07-01,  Drop Online Global  ,ASICS GEL-NYC Tech Runner,1.0,$150.0,63.07
2026-05-05,  Drop Online Global  ,Denim Shorts Wide Leg,5.0,-45.0,23.88
2026-08-05,  Flagship Store  ,Graphic Zip-Up Hoodie,,95.0 €,41.44
2026-07-11,  Retail Partner  ,Graphic Zip-Up Hoodie,1.0,$95.0,35.49
2026-05-31,  Drop Online Global  ,ASICS GEL-NYC Tech Runner,1.0,$150.0,54.0
2026-01-03,  Retail Partner  ,Heavyweight Oversize Tee 300 GSM,2.0,$45.0,18.5
2026-02-23,  Drop Online Global  ,Puffer Jacket Limited Release,,$180.0,65.52
2026-01-11,  Flagship Store  ,Boxy Fit Hoodie 500 GSM,1.0,90.0,38.47
2026-04-26,  Drop Online Global  ,Denim Shorts Wide Leg,-1.0,65.0 €,23.48
2026-04-09,  Pop-Up Store Madrid  ,Graphic Zip-Up Hoodie,-1.0,95.0,43.71
2026-01-31,  Pop-Up Store Madrid  ,New Balance 990v3 Made in USA,5.0,$220.0,78.9
2026-07-05,  Drop Online Global  ,Heavyweight Oversize Tee 300 GSM,,$45.0,17.75
2026-06-25,  Drop Online Global  ,ASICS GEL-NYC Tech Runner,5.0,150.0 €,56.03
2026-01-24,  Flagship Store  ,Heavyweight Oversize Tee 300 GSM,1.0,45.0,20.15
2026-02-12,  Pop-Up Store Madrid  ,Denim Shorts Wide Leg,2.0,-45.0,22.95
2026-01-21,  Flagship Store  ,Graphic Zip-Up Hoodie,1.0,$95.0,35.02
2026-06-17,  Pop-Up Store Madrid  ,Graphic Zip-Up Hoodie,1.0,95.0,34.48
2026-07-26,  Drop Online Global  ,Graphic Zip-Up Hoodie,1.0,-45.0,40.63
2026-05-12,  Pop-Up Store Madrid  ,Cargo Pants Baggy Fit,2.0,85.0 €,32.26
2026-02-02,  Drop Online Global  ,ASICS GEL-NYC Tech Runner,2.0,150.0,56.84
2026-06-14,  Pop-Up Store Madrid  ,New Balance 990v3 Made in USA,1.0,$220.0,108.97
2026-02-15,  Pop-Up Store Madrid  ,ASICS GEL-NYC Tech Runner,1.0,$150.0,68.69
2026-06-08,  Pop-Up Store Madrid  ,Denim Shorts Wide Leg,1.0,65.0,25.24
2026-01-03,  Drop Online Global  ,Cargo Pants Baggy Fit,3.0,$85.0,34.65
2026-07-12,  Drop Online Global  ,New Balance 990v3 Made in USA,1.0,220.0 €,80.95
2026-04-16,  Retail Partner  ,Cargo Pants Baggy Fit,-1.0,$85.0,40.37
2026-01-08,  Flagship Store  ,Boxy Fit Hoodie 500 GSM,1.0,$90.0,33.76
2026-01-04,  Retail Partner  ,Heavyweight Oversize Tee 300 GSM,,$45.0,19.16
2026-07-20,  Pop-Up Store Madrid  ,ASICS GEL-NYC Tech Runner,1.0,150.0,54.95
2026-06-16,  Flagship Store  ,Denim Shorts Wide Leg,3.0,65.0,23.36
2026-04-29,  Flagship Store  ,Graphic Zip-Up Hoodie,-1.0,$95.0,47.11
2026-08-02,  Retail Partner  ,Heavyweight Oversize Tee 300 GSM,-1.0,45.0,20.9
2026-04-29,  Drop Online Global  ,Boxy Fit Hoodie 500 GSM,,90.0 €,41.58
2026-06-30,  Pop-Up Store Madrid  ,Cargo Pants Baggy Fit,1.0,$85.0,31.93
2026-02-06,  Drop Online Global  ,Heavyweight Oversize Tee 300 GSM,5.0,45.0 €,19.97
2026-03-13,  Drop Online Global  ,New Balance 990v3 Made in USA,1.0,$220.0,109.55
2026-03-19,  Pop-Up Store Madrid  ,New Balance 990v3 Made in USA,,$220.0,91.61
2026-01-11,  Retail Partner  ,Denim Shorts Wide Leg,1.0,$65.0,28.43
2026-02-04,  Flagship Store  ,ASICS GEL-NYC Tech Runner,3.0,150.0 €,54.91
2026-06-16,  Drop Online Global  ,Denim Shorts Wide Leg,-1.0,$65.0,31.57
2026-06-06,  Retail Partner  ,Heavyweight Oversize Tee 300 GSM,-1.0,45.0 €,21.02
2026-07-16,  Flagship Store  ,Denim Shorts Wide Leg,,65.0,23.72
2026-04-13,  Retail Partner  ,Heavyweight Oversize Tee 300 GSM,3.0,45.0 €,20.1
2026-06-14,  Retail Partner  ,Heavyweight Oversize Tee 300 GSM,-1.0,-45.0,19.6
2026-07-30,  Flagship Store  ,Boxy Fit Hoodie 500 GSM,1.0,$90.0,37.08
2026-02-14,  Pop-Up Store Madrid  ,Cargo Pants Baggy Fit,,85.0 €,42.08
2026-01-13,  Pop-Up Store Madrid  ,Denim Shorts Wide Leg,3.0,65.0,30.02
2026-05-08,  Flagship Store  ,Heavyweight Oversize Tee 300 GSM,-1.0,45.0 €,19.92
2026-04-15,  Drop Online Global  ,Cargo Pants Baggy Fit,3.0,$85.0,33.0
2026-06-28,  Flagship Store  ,New Balance 990v3 Made in USA,5.0,$220.0,79.94
2026-04-12,  Drop Online Global  ,Cargo Pants Baggy Fit,1.0,85.0 €,30.85
2026-01-24,  Pop-Up Store Madrid  ,Graphic Zip-Up Hoodie,-1.0,95.0,41.85
2026-02-11,  Retail Partner  ,New Balance 990v3 Made in USA,5.0,220.0,105.86
2026-07-01,  Flagship Store  ,Puffer Jacket Limited Release,1.0,180.0 €,72.41
2026-01-31,  Retail Partner  ,Cargo Pants Baggy Fit,1.0,85.0 €,36.81
2026-05-19,  Flagship Store  ,Graphic Zip-Up Hoodie,1.0,95.0 €,41.51
2026-07-09,  Drop Online Global  ,Boxy Fit Hoodie 500 GSM,1.0,90.0 €,44.59
2026-05-24,  Pop-Up Store Madrid  ,New Balance 990v3 Made in USA,2.0,220.0,105.71
2026-06-03,  Drop Online Global  ,New Balance 990v3 Made in USA,1.0,220.0,85.04
2026-04-07,  Retail Partner  ,Boxy Fit Hoodie 500 GSM,,90.0 €,40.07
2026-02-19,  Pop-Up Store Madrid  ,Cargo Pants Baggy Fit,2.0,$85.0,35.93
2026-07-31,  Drop Online Global  ,ASICS GEL-NYC Tech Runner,2.0,150.0,66.02
2026-03-21,  Pop-Up Store Madrid  ,New Balance 990v3 Made in USA,1.0,$220.0,78.68
2026-08-05,  Retail Partner  ,ASICS GEL-NYC Tech Runner,1.0,$150.0,65.58
2026-01-17,  Pop-Up Store Madrid  ,New Balance 990v3 Made in USA,,220.0 €,80.88
2026-04-07,  Pop-Up Store Madrid  ,Puffer Jacket Limited Release,1.0,$180.0,76.72
2026-06-21,  Retail Partner  ,Denim Shorts Wide Leg,-1.0,$65.0,25.82
2026-01-07,  Drop Online Global  ,Heavyweight Oversize Tee 300 GSM,,45.0 €,21.26
2026-05-01,  Pop-Up Store Madrid  ,Graphic Zip-Up Hoodie,5.0,$95.0,33.8
2026-02-06,  Pop-Up Store Madrid  ,Cargo Pants Baggy Fit,2.0,85.0,33.31
2026-03-09,  Drop Online Global  ,Graphic Zip-Up Hoodie,5.0,95.0,33.36
2026-07-09,  Flagship Store  ,New Balance 990v3 Made in USA,3.0,220.0 €,85.02
2026-02-25,  Drop Online Global  ,Puffer Jacket Limited Release,5.0,$180.0,79.39
2026-04-18,  Drop Online Global  ,ASICS GEL-NYC Tech Runner,3.0,$150.0,73.98
2026-02-06,  Retail Partner  ,Cargo Pants Baggy Fit,1.0,85.0 €,39.48
2026-05-28,  Flagship Store  ,ASICS GEL-NYC Tech Runner,1.0,$150.0,60.67
2026-02-11,  Flagship Store  ,ASICS GEL-NYC Tech Runner,5.0,150.0 €,68.1
2026-01-16,  Drop Online Global  ,Graphic Zip-Up Hoodie,1.0,$95.0,37.24
2026-02-21,  Pop-Up Store Madrid  ,ASICS GEL-NYC Tech Runner,3.0,150.0,74.31
2026-07-01,  Retail Partner  ,Heavyweight Oversize Tee 300 GSM,5.0,45.0 €,16.28
2026-07-03,  Drop Online Global  ,Graphic Zip-Up Hoodie,,95.0 €,34.42
2026-05-23,  Retail Partner  ,Graphic Zip-Up Hoodie,5.0,$95.0,34.8
2026-03-17,  Drop Online Global  ,Heavyweight Oversize Tee 300 GSM,-1.0,$45.0,17.99
2026-04-24,  Drop Online Global  ,Boxy Fit Hoodie 500 GSM,3.0,$90.0,43.14
2026-04-20,  Retail Partner  ,Boxy Fit Hoodie 500 GSM,2.0,$90.0,37.84
2026-04-22,  Drop Online Global  ,Graphic Zip-Up Hoodie,3.0,95.0 €,45.99
2026-07-21,  Retail Partner  ,Cargo Pants Baggy Fit,3.0,$85.0,33.52
2026-02-28,  Retail Partner  ,Heavyweight Oversize Tee 300 GSM,3.0,$45.0,18.29
2026-07-27,  Retail Partner  ,Cargo Pants Baggy Fit,,$85.0,35.34
2026-04-11,  Retail Partner  ,Cargo Pants Baggy Fit,2.0,85.0 €,30.63
2026-03-06,  Pop-Up Store Madrid  ,New Balance 990v3 Made in USA,1.0,$220.0,87.53
2026-03-26,  Drop Online Global  ,Puffer Jacket Limited Release,3.0,180.0,84.48
2026-05-01,  Pop-Up Store Madrid  ,Puffer Jacket Limited Release,2.0,180.0 €,71.85
2026-01-24,  Retail Partner  ,Heavyweight Oversize Tee 300 GSM,1.0,$45.0,21.86
2026-06-15,  Pop-Up Store Madrid  ,Puffer Jacket Limited Release,1.0,$180.0,86.01
2026-03-20,  Drop Online Global  ,Cargo Pants Baggy Fit,5.0,$85.0,42.05
2026-07-01,  Pop-Up Store Madrid  ,Graphic Zip-Up Hoodie,2.0,95.0 €,42.88
2026-06-25,  Drop Online Global  ,Cargo Pants Baggy Fit,1.0,$85.0,37.43
2026-04-26,  Pop-Up Store Madrid  ,ASICS GEL-NYC Tech Runner,1.0,150.0 €,52.64
2026-04-14,  Pop-Up Store Madrid  ,Puffer Jacket Limited Release,3.0,180.0,69.42
2026-04-13,  Retail Partner  ,ASICS GEL-NYC Tech Runner,-1.0,$150.0,68.38
2026-02-08,  Pop-Up Store Madrid  ,Graphic Zip-Up Hoodie,5.0,95.0,37.42
2026-01-12,  Pop-Up Store Madrid  ,Graphic Zip-Up Hoodie,1.0,$95.0,41.23
2026-03-06,  Retail Partner  ,Heavyweight Oversize Tee 300 GSM,1.0,$45.0,21.68
2026-06-05,  Drop Online Global  ,Cargo Pants Baggy Fit,1.0,85.0,30.97
2026-01-09,  Retail Partner  ,ASICS GEL-NYC Tech Runner,-1.0,150.0,65.7
2026-02-22,  Drop Online Global  ,Boxy Fit Hoodie 500 GSM,1.0,$90.0,41.23
2026-05-15,  Retail Partner  ,Denim Shorts Wide Leg,1.0,65.0 €,25.4
2026-02-25,  Drop Online Global  ,Boxy Fit Hoodie 500 GSM,1.0,90.0 €,34.58
2026-03-06,  Flagship Store  ,Graphic Zip-Up Hoodie,1.0,-45.0,37.29
2026-08-09,  Drop Online Global  ,Heavyweight Oversize Tee 300 GSM,,45.0,17.05
2026-02-20,  Flagship Store  ,Boxy Fit Hoodie 500 GSM,-1.0,-45.0,39.27
2026-07-11,  Flagship Store  ,Cargo Pants Baggy Fit,3.0,$85.0,38.29
2026-02-24,  Drop Online Global  ,Graphic Zip-Up Hoodie,3.0,95.0 €,44.46
2026-05-15,  Flagship Store  ,Heavyweight Oversize Tee 300 GSM,2.0,45.0 €,19.13
2026-03-28,  Pop-Up Store Madrid  ,Heavyweight Oversize Tee 300 GSM,1.0,$45.0,17.75
2026-03-15,  Pop-Up Store Madrid  ,Puffer Jacket Limited Release,1.0,180.0 €,88.42
2026-06-21,  Pop-Up Store Madrid  ,Cargo Pants Baggy Fit,-1.0,$85.0,35.99
2026-01-04,  Pop-Up Store Madrid  ,New Balance 990v3 Made in USA,1.0,$220.0,92.83
2026-04-09,  Drop Online Global  ,Puffer Jacket Limited Release,2.0,180.0,71.95
2026-04-06,  Drop Online Global  ,Puffer Jacket Limited Release,2.0,$180.0,87.54
2026-01-29,  Retail Partner  ,New Balance 990v3 Made in USA,1.0,220.0 €,99.35
2026-06-26,  Retail Partner  ,Puffer Jacket Limited Release,1.0,$180.0,72.22
2026-01-15,  Drop Online Global  ,Boxy Fit Hoodie 500 GSM,-1.0,$90.0,35.9
2026-06-03,  Pop-Up Store Madrid  ,Denim Shorts Wide Leg,2.0,$65.0,32.24
2026-05-15,  Retail Partner  ,New Balance 990v3 Made in USA,2.0,220.0 €,90.93
2026-05-25,  Flagship Store  ,Graphic Zip-Up Hoodie,-1.0,$95.0,42.13
2026-06-23,  Drop Online Global  ,Puffer Jacket Limited Release,-1.0,180.0,68.3
2026-03-25,  Flagship Store  ,Heavyweight Oversize Tee 300 GSM,1.0,$45.0,22.31
2026-05-02,  Retail Partner  ,Graphic Zip-Up Hoodie,1.0,95.0,36.52
2026-07-24,  Drop Online Global  ,Boxy Fit Hoodie 500 GSM,2.0,90.0 €,42.25
2026-07-13,  Flagship Store  ,New Balance 990v3 Made in USA,,220.0,81.83
2026-05-20,  Retail Partner  ,New Balance 990v3 Made in USA,2.0,220.0 €,81.02
2026-05-30,  Pop-Up Store Madrid  ,Denim Shorts Wide Leg,-1.0,$65.0,29.72
2026-02-18,  Retail Partner  ,New Balance 990v3 Made in USA,,$220.0,100.97
2026-04-08,  Pop-Up Store Madrid  ,Cargo Pants Baggy Fit,1.0,85.0 €,35.97
2026-06-30,  Retail Partner  ,New Balance 990v3 Made in USA,5.0,$220.0,101.36
2026-07-03,  Flagship Store  ,Graphic Zip-Up Hoodie,,95.0 €,35.48
2026-05-25,  Retail Partner  ,Graphic Zip-Up Hoodie,-1.0,$95.0,42.62
2026-03-16,  Retail Partner  ,Denim Shorts Wide Leg,3.0,$65.0,32.36
2026-01-02,  Flagship Store  ,ASICS GEL-NYC Tech Runner,3.0,150.0 €,74.32
2026-01-09,  Drop Online Global  ,Cargo Pants Baggy Fit,1.0,85.0 €,35.17
2026-07-26,  Pop-Up Store Madrid  ,Denim Shorts Wide Leg,,65.0 €,25.06
2026-04-17,  Retail Partner  ,Boxy Fit Hoodie 500 GSM,1.0,$90.0,38.23
2026-03-31,  Drop Online Global  ,New Balance 990v3 Made in USA,3.0,220.0 €,93.1
2026-04-10,  Flagship Store  ,Boxy Fit Hoodie 500 GSM,1.0,90.0 €,32.36
2026-06-29,  Retail Partner  ,Heavyweight Oversize Tee 300 GSM,1.0,$45.0,19.89
2026-03-31,  Pop-Up Store Madrid  ,New Balance 990v3 Made in USA,5.0,220.0 €,89.54
2026-07-03,  Drop Online Global  ,Denim Shorts Wide Leg,3.0,65.0,23.72
2026-06-03,  Drop Online Global  ,ASICS GEL-NYC Tech Runner,3.0,150.0 €,58.75
2026-02-18,  Flagship Store  ,Cargo Pants Baggy Fit,1.0,$85.0,42.25
2026-06-30,  Pop-Up Store Madrid  ,Puffer Jacket Limited Release,1.0,180.0 €,65.79
2026-01-10,  Pop-Up Store Madrid  ,New Balance 990v3 Made in USA,1.0,220.0 €,93.92
2026-02-01,  Flagship Store  ,Puffer Jacket Limited Release,1.0,$180.0,87.23
2026-03-02,  Drop Online Global  ,New Balance 990v3 Made in USA,1.0,$220.0,85.0
2026-08-04,  Drop Online Global  ,Graphic Zip-Up Hoodie,1.0,$95.0,39.15
2026-07-19,  Pop-Up Store Madrid  ,New Balance 990v3 Made in USA,3.0,220.0 €,85.9
2026-04-09,  Drop Online Global  ,New Balance 990v3 Made in USA,-1.0,$220.0,98.04
2026-04-08,  Flagship Store  ,Puffer Jacket Limited Release,3.0,180.0 €,68.67
2026-06-25,  Retail Partner  ,Graphic Zip-Up Hoodie,1.0,$95.0,35.97
2026-04-24,  Drop Online Global  ,New Balance 990v3 Made in USA,1.0,$220.0,98.3
2026-01-15,  Flagship Store  ,Graphic Zip-Up Hoodie,5.0,95.0 €,47.17
2026-04-23,  Flagship Store  ,Graphic Zip-Up Hoodie,-1.0,95.0 €,35.04
2026-02-18,  Retail Partner  ,Graphic Zip-Up Hoodie,-1.0,$95.0,37.83
2026-04-07,  Retail Partner  ,Cargo Pants Baggy Fit,,85.0 €,40.88
2026-03-08,  Pop-Up Store Madrid  ,New Balance 990v3 Made in USA,1.0,220.0,102.26
2026-01-05,  Pop-Up Store Madrid  ,Heavyweight Oversize Tee 300 GSM,2.0,45.0 €,17.16
2026-01-19,  Retail Partner  ,New Balance 990v3 Made in USA,2.0,220.0,99.71
2026-02-25,  Flagship Store  ,Denim Shorts Wide Leg,5.0,65.0,28.74
2026-01-20,  Pop-Up Store Madrid  ,New Balance 990v3 Made in USA,5.0,220.0,101.84
2026-05-22,  Drop Online Global  ,Boxy Fit Hoodie 500 GSM,,-45.0,37.99
2026-04-16,  Retail Partner  ,Boxy Fit Hoodie 500 GSM,1.0,$90.0,42.88
2026-06-09,  Drop Online Global  ,Puffer Jacket Limited Release,1.0,180.0 €,87.65
2026-04-25,  Pop-Up Store Madrid  ,Graphic Zip-Up Hoodie,1.0,$95.0,44.18
2026-02-20,  Retail Partner  ,Denim Shorts Wide Leg,-1.0,65.0,27.59
2026-06-05,  Pop-Up Store Madrid  ,Heavyweight Oversize Tee 300 GSM,2.0,45.0 €,20.11
2026-04-30,  Drop Online Global  ,Puffer Jacket Limited Release,1.0,180.0 €,82.47
2026-05-14,  Retail Partner  ,Heavyweight Oversize Tee 300 GSM,5.0,$45.0,21.04
2026-02-07,  Retail Partner  ,Denim Shorts Wide Leg,1.0,$65.0,29.21
2026-03-06,  Flagship Store  ,ASICS GEL-NYC Tech Runner,1.0,150.0 €,70.78
2026-06-04,  Flagship Store  ,Cargo Pants Baggy Fit,1.0,$85.0,41.78
2026-03-12,  Retail Partner  ,ASICS GEL-NYC Tech Runner,,150.0 €,59.32
2026-01-24,  Flagship Store  ,Heavyweight Oversize Tee 300 GSM,-1.0,$45.0,18.27
2026-03-27,  Drop Online Global  ,Puffer Jacket Limited Release,1.0,180.0 €,69.11
2026-04-10,  Drop Online Global  ,New Balance 990v3 Made in USA,1.0,220.0 €,107.22
2026-04-13,  Retail Partner  ,New Balance 990v3 Made in USA,5.0,220.0 €,77.78
2026-01-14,  Drop Online Global  ,ASICS GEL-NYC Tech Runner,1.0,150.0,58.73
2026-04-04,  Drop Online Global  ,Cargo Pants Baggy Fit,3.0,85.0,38.64
2026-07-09,  Retail Partner  ,Graphic Zip-Up Hoodie,1.0,95.0,35.37
2026-02-03,  Flagship Store  ,New Balance 990v3 Made in USA,,$220.0,101.72
2026-07-24,  Drop Online Global  ,ASICS GEL-NYC Tech Runner,5.0,150.0 €,57.42
2026-07-02,  Drop Online Global  ,Denim Shorts Wide Leg,1.0,65.0 €,24.62
2026-03-21,  Flagship Store  ,Heavyweight Oversize Tee 300 GSM,-1.0,45.0,20.08
2026-02-02,  Flagship Store  ,Boxy Fit Hoodie 500 GSM,1.0,90.0 €,39.24
2026-02-21,  Drop Online Global  ,Cargo Pants Baggy Fit,5.0,$85.0,36.3
2026-03-23,  Retail Partner  ,ASICS GEL-NYC Tech Runner,1.0,150.0 €,74.49
2026-07-03,  Flagship Store  ,Puffer Jacket Limited Release,1.0,180.0 €,86.18
2026-06-27,  Drop Online Global  ,Graphic Zip-Up Hoodie,5.0,95.0,40.05
2026-06-19,  Flagship Store  ,Puffer Jacket Limited Release,1.0,$180.0,79.11
2026-04-13,  Drop Online Global  ,Graphic Zip-Up Hoodie,5.0,95.0 €,34.78
2026-01-28,  Flagship Store  ,Heavyweight Oversize Tee 300 GSM,1.0,45.0 €,17.47
2026-07-18,  Drop Online Global  ,Puffer Jacket Limited Release,1.0,180.0,80.87
2026-05-04,  Retail Partner  ,ASICS GEL-NYC Tech Runner,5.0,$150.0,62.37
2026-06-30,  Flagship Store  ,Boxy Fit Hoodie 500 GSM,1.0,90.0,31.57
2026-02-09,  Flagship Store  ,Graphic Zip-Up Hoodie,1.0,95.0,36.15
2026-07-17,  Drop Online Global  ,Boxy Fit Hoodie 500 GSM,5.0,90.0 €,36.39
2026-07-28,  Pop-Up Store Madrid  ,Puffer Jacket Limited Release,2.0,180.0,75.39
2026-04-06,  Pop-Up Store Madrid  ,ASICS GEL-NYC Tech Runner,1.0,-45.0,74.83
2026-07-24,  Pop-Up Store Madrid  ,Cargo Pants Baggy Fit,2.0,85.0 €,36.64
2026-03-03,  Drop Online Global  ,ASICS GEL-NYC Tech Runner,,150.0 €,66.47
2026-08-03,  Retail Partner  ,New Balance 990v3 Made in USA,2.0,$220.0,96.03
2026-04-16,  Retail Partner  ,Heavyweight Oversize Tee 300 GSM,3.0,45.0 €,21.35
2026-08-01,  Drop Online Global  ,Graphic Zip-Up Hoodie,,95.0 €,41.84
2026-07-07,  Pop-Up Store Madrid  ,New Balance 990v3 Made in USA,-1.0,$220.0,87.16
2026-01-29,  Drop Online Global  ,Graphic Zip-Up Hoodie,2.0,95.0 €,42.0
2026-04-12,  Pop-Up Store Madrid  ,New Balance 990v3 Made in USA,2.0,$220.0,107.8
2026-04-23,  Flagship Store  ,Boxy Fit Hoodie 500 GSM,1.0,$90.0,33.18
2026-07-03,  Drop Online Global  ,Cargo Pants Baggy Fit,,$85.0,32.87
2026-03-22,  Retail Partner  ,Denim Shorts Wide Leg,3.0,65.0 €,28.28
2026-03-21,  Flagship Store  ,New Balance 990v3 Made in USA,1.0,$220.0,98.3
2026-08-09,  Flagship Store  ,Denim Shorts Wide Leg,2.0,$65.0,23.52
2026-04-15,  Flagship Store  ,ASICS GEL-NYC Tech Runner,1.0,150.0 €,61.46
2026-08-03,  Retail Partner  ,Cargo Pants Baggy Fit,,85.0,38.38
2026-01-01,  Drop Online Global  ,New Balance 990v3 Made in USA,-1.0,$220.0,80.96
2026-04-06,  Flagship Store  ,Denim Shorts Wide Leg,5.0,65.0,23.85
2026-07-24,  Drop Online Global  ,ASICS GEL-NYC Tech Runner,1.0,$150.0,68.65
2026-06-18,  Pop-Up Store Madrid  ,Graphic Zip-Up Hoodie,2.0,$95.0,34.02
2026-06-28,  Pop-Up Store Madrid  ,New Balance 990v3 Made in USA,1.0,$220.0,88.3
2026-05-31,  Retail Partner  ,Denim Shorts Wide Leg,-1.0,65.0,31.83
2026-06-11,  Pop-Up Store Madrid  ,Heavyweight Oversize Tee 300 GSM,1.0,45.0,15.83
2026-04-12,  Flagship Store  ,New Balance 990v3 Made in USA,1.0,220.0 €,80.14
2026-01-02,  Retail Partner  ,New Balance 990v3 Made in USA,1.0,$220.0,90.92
2026-04-25,  Flagship Store  ,Cargo Pants Baggy Fit,1.0,85.0,39.72
2026-03-02,  Pop-Up Store Madrid  ,Puffer Jacket Limited Release,1.0,180.0 €,71.7
2026-02-26,  Drop Online Global  ,Denim Shorts Wide Leg,,$65.0,31.4
2026-07-16,  Drop Online Global  ,Denim Shorts Wide Leg,1.0,65.0 €,26.52
2026-02-14,  Flagship Store  ,Cargo Pants Baggy Fit,1.0,85.0,30.46
2026-07-20,  Drop Online Global  ,Puffer Jacket Limited Release,1.0,180.0 €,74.51
2026-01-17,  Drop Online Global  ,ASICS GEL-NYC Tech Runner,3.0,150.0,65.62
2026-05-14,  Retail Partner  ,Graphic Zip-Up Hoodie,2.0,$95.0,44.09
2026-02-02,  Drop Online Global  ,Boxy Fit Hoodie 500 GSM,1.0,90.0,35.79
2026-03-04,  Drop Online Global  ,ASICS GEL-NYC Tech Runner,3.0,150.0,69.0
2026-02-19,  Drop Online Global  ,Heavyweight Oversize Tee 300 GSM,1.0,45.0,17.16
2026-03-15,  Pop-Up Store Madrid  ,New Balance 990v3 Made in USA,-1.0,220.0 €,102.64
2026-07-19,  Flagship Store  ,New Balance 990v3 Made in USA,1.0,220.0,91.94
2026-07-02,  Flagship Store  ,Heavyweight Oversize Tee 300 GSM,1.0,45.0 €,16.87
2026-03-02,  Pop-Up Store Madrid  ,Heavyweight Oversize Tee 300 GSM,5.0,$45.0,20.03
2026-05-29,  Flagship Store  ,ASICS GEL-NYC Tech Runner,1.0,150.0,65.58
2026-02-18,  Drop Online Global  ,Boxy Fit Hoodie 500 GSM,5.0,90.0,40.56
2026-06-06,  Flagship Store  ,Heavyweight Oversize Tee 300 GSM,1.0,45.0 €,20.15
2026-07-06,  Retail Partner  ,ASICS GEL-NYC Tech Runner,3.0,150.0 €,53.21
2026-06-06,  Flagship Store  ,ASICS GEL-NYC Tech Runner,,150.0,54.24
2026-04-15,  Retail Partner  ,ASICS GEL-NYC Tech Runner,5.0,$150.0,74.62
2026-02-20,  Flagship Store  ,ASICS GEL-NYC Tech Runner,2.0,150.0 €,63.63
2026-04-27,  Drop Online Global  ,Puffer Jacket Limited Release,2.0,$180.0,83.8
2026-04-26,  Flagship Store  ,Denim Shorts Wide Leg,1.0,65.0 €,29.57
2026-02-10,  Drop Online Global  ,ASICS GEL-NYC Tech Runner,1.0,150.0,69.55
2026-01-22,  Flagship Store  ,New Balance 990v3 Made in USA,1.0,$220.0,82.87
2026-04-02,  Flagship Store  ,Denim Shorts Wide Leg,3.0,65.0,23.53
2026-02-20,  Pop-Up Store Madrid  ,ASICS GEL-NYC Tech Runner,-1.0,$150.0,74.82
2026-05-29,  Drop Online Global  ,Boxy Fit Hoodie 500 GSM,1.0,90.0 €,43.91
2026-07-26,  Flagship Store  ,Puffer Jacket Limited Release,5.0,$180.0,64.03
2026-04-10,  Flagship Store  ,Denim Shorts Wide Leg,1.0,65.0 €,27.31
2026-03-27,  Flagship Store  ,ASICS GEL-NYC Tech Runner,1.0,$150.0,68.89
2026-08-02,  Retail Partner  ,Heavyweight Oversize Tee 300 GSM,1.0,45.0 €,21.71
2026-05-22,  Drop Online Global  ,Puffer Jacket Limited Release,,180.0,72.91
2026-04-16,  Pop-Up Store Madrid  ,Denim Shorts Wide Leg,,65.0,30.56
2026-01-13,  Flagship Store  ,Cargo Pants Baggy Fit,3.0,-45.0,30.07
2026-03-22,  Drop Online Global  ,Boxy Fit Hoodie 500 GSM,1.0,90.0 €,42.64
2026-02-18,  Retail Partner  ,Cargo Pants Baggy Fit,1.0,85.0,31.88
2026-05-11,  Pop-Up Store Madrid  ,Heavyweight Oversize Tee 300 GSM,1.0,-45.0,19.19
2026-01-21,  Drop Online Global  ,Graphic Zip-Up Hoodie,1.0,95.0,45.76
2026-03-30,  Retail Partner  ,New Balance 990v3 Made in USA,1.0,$220.0,106.96
2026-07-01,  Retail Partner  ,Cargo Pants Baggy Fit,1.0,$85.0,32.6
2026-03-17,  Pop-Up Store Madrid  ,Denim Shorts Wide Leg,3.0,65.0,24.59
2026-04-26,  Pop-Up Store Madrid  ,ASICS GEL-NYC Tech Runner,1.0,$150.0,60.89
2026-06-26,  Drop Online Global  ,Graphic Zip-Up Hoodie,1.0,95.0 €,46.08
2026-06-11,  Flagship Store  ,Cargo Pants Baggy Fit,1.0,$85.0,36.01
2026-02-07,  Pop-Up Store Madrid  ,Puffer Jacket Limited Release,3.0,180.0 €,75.71
2026-02-17,  Drop Online Global  ,Denim Shorts Wide Leg,1.0,65.0 €,24.98
2026-05-31,  Drop Online Global  ,Boxy Fit Hoodie 500 GSM,3.0,-45.0,43.55
2026-07-01,  Pop-Up Store Madrid  ,Graphic Zip-Up Hoodie,3.0,-45.0,43.87
2026-07-13,  Retail Partner  ,Boxy Fit Hoodie 500 GSM,1.0,$90.0,36.45
2026-02-23,  Retail Partner  ,Graphic Zip-Up Hoodie,1.0,95.0,34.02
2026-04-02,  Pop-Up Store Madrid  ,Cargo Pants Baggy Fit,2.0,$85.0,40.03
2026-02-06,  Flagship Store  ,Graphic Zip-Up Hoodie,2.0,95.0,38.86
2026-02-22,  Retail Partner  ,Heavyweight Oversize Tee 300 GSM,-1.0,45.0 €,16.36
2026-02-28,  Retail Partner  ,Puffer Jacket Limited Release,5.0,180.0 €,82.55
2026-07-24,  Flagship Store  ,ASICS GEL-NYC Tech Runner,,150.0 €,56.1
2026-03-28,  Pop-Up Store Madrid  ,Boxy Fit Hoodie 500 GSM,-1.0,90.0 €,35.03
2026-06-10,  Drop Online Global  ,New Balance 990v3 Made in USA,5.0,$220.0,90.2
2026-07-08,  Flagship Store  ,New Balance 990v3 Made in USA,3.0,220.0,77.74
2026-06-24,  Retail Partner  ,Puffer Jacket Limited Release,1.0,-45.0,83.55
2026-05-24,  Flagship Store  ,ASICS GEL-NYC Tech Runner,1.0,$150.0,69.65
2026-05-02,  Drop Online Global  ,Puffer Jacket Limited Release,,180.0,81.66
2026-02-26,  Drop Online Global  ,New Balance 990v3 Made in USA,2.0,220.0 €,90.19
2026-02-21,  Retail Partner  ,Denim Shorts Wide Leg,-1.0,65.0,23.94
2026-06-15,  Retail Partner  ,Heavyweight Oversize Tee 300 GSM,1.0,$45.0,21.78
2026-05-10,  Drop Online Global  ,New Balance 990v3 Made in USA,1.0,220.0 €,105.44
2026-01-06,  Drop Online Global  ,New Balance 990v3 Made in USA,5.0,$220.0,90.15
2026-06-22,  Drop Online Global  ,Graphic Zip-Up Hoodie,1.0,$95.0,43.7
2026-04-22,  Pop-Up Store Madrid  ,ASICS GEL-NYC Tech Runner,1.0,150.0 €,55.64
2026-04-07,  Retail Partner  ,Denim Shorts Wide Leg,,65.0 €,26.19
2026-06-26,  Pop-Up Store Madrid  ,Denim Shorts Wide Leg,,65.0,30.25
2026-05-07,  Pop-Up Store Madrid  ,Denim Shorts Wide Leg,2.0,$65.0,27.94
2026-06-16,  Retail Partner  ,Graphic Zip-Up Hoodie,5.0,95.0,42.01
2026-05-07,  Flagship Store  ,Cargo Pants Baggy Fit,3.0,$85.0,31.31
2026-01-07,  Retail Partner  ,ASICS GEL-NYC Tech Runner,1.0,$150.0,53.94
2026-01-29,  Pop-Up Store Madrid  ,Puffer Jacket Limited Release,2.0,180.0,68.68
2026-04-06,  Pop-Up Store Madrid  ,Denim Shorts Wide Leg,1.0,65.0,27.22
2026-06-17,  Drop Online Global  ,ASICS GEL-NYC Tech Runner,3.0,-45.0,65.6
2026-02-07,  Pop-Up Store Madrid  ,ASICS GEL-NYC Tech Runner,1.0,$150.0,72.21
2026-06-06,  Drop Online Global  ,Cargo Pants Baggy Fit,2.0,85.0,41.09
2026-01-19,  Retail Partner  ,Cargo Pants Baggy Fit,3.0,85.0 €,34.53
2026-06-22,  Flagship Store  ,Graphic Zip-Up Hoodie,3.0,$95.0,45.2
2026-05-06,  Flagship Store  ,ASICS GEL-NYC Tech Runner,,150.0 €,52.58
2026-05-20,  Retail Partner  ,New Balance 990v3 Made in USA,1.0,$220.0,88.1
2026-03-01,  Drop Online Global  ,Graphic Zip-Up Hoodie,-1.0,$95.0,37.18
2026-07-22,  Retail Partner  ,Denim Shorts Wide Leg,,65.0 €,23.64
2026-08-01,  Flagship Store  ,Boxy Fit Hoodie 500 GSM,1.0,$90.0,35.24
2026-05-27,  Retail Partner  ,Cargo Pants Baggy Fit,2.0,85.0 €,30.68
2026-05-31,  Flagship Store  ,Cargo Pants Baggy Fit,1.0,$85.0,33.42
2026-06-15,  Pop-Up Store Madrid  ,ASICS GEL-NYC Tech Runner,3.0,150.0,54.12
2026-05-06,  Pop-Up Store Madrid  ,ASICS GEL-NYC Tech Runner,3.0,150.0 €,61.6
2026-02-10,  Pop-Up Store Madrid  ,ASICS GEL-NYC Tech Runner,1.0,150.0 €,63.83
2026-01-21,  Flagship Store  ,Boxy Fit Hoodie 500 GSM,1.0,90.0 €,41.01
2026-06-16,  Retail Partner  ,Cargo Pants Baggy Fit,1.0,85.0 €,37.84
2026-02-28,  Pop-Up Store Madrid  ,Heavyweight Oversize Tee 300 GSM,5.0,45.0 €,19.19
2026-06-05,  Retail Partner  ,Heavyweight Oversize Tee 300 GSM,,$45.0,18.52
2026-07-31,  Flagship Store  ,Boxy Fit Hoodie 500 GSM,-1.0,90.0,39.09
2026-04-16,  Retail Partner  ,Graphic Zip-Up Hoodie,-1.0,$95.0,36.11
2026-06-24,  Drop Online Global  ,Graphic Zip-Up Hoodie,5.0,$95.0,35.32
2026-03-18,  Pop-Up Store Madrid  ,Heavyweight Oversize Tee 300 GSM,5.0,45.0 €,20.84
2026-03-09,  Pop-Up Store Madrid  ,Boxy Fit Hoodie 500 GSM,,90.0,32.11
2026-08-09,  Retail Partner  ,Graphic Zip-Up Hoodie,1.0,95.0 €,47.11
2026-01-18,  Retail Partner  ,ASICS GEL-NYC Tech Runner,5.0,150.0 €,52.6
2026-03-19,  Pop-Up Store Madrid  ,Heavyweight Oversize Tee 300 GSM,,45.0 €,20.68
2026-02-26,  Flagship Store  ,Cargo Pants Baggy Fit,2.0,$85.0,40.35
2026-05-24,  Drop Online Global  ,Boxy Fit Hoodie 500 GSM,,$90.0,33.16
2026-05-31,  Pop-Up Store Madrid  ,Cargo Pants Baggy Fit,3.0,$85.0,39.39
2026-02-20,  Retail Partner  ,Heavyweight Oversize Tee 300 GSM,1.0,45.0,21.19
2026-03-24,  Flagship Store  ,Puffer Jacket Limited Release,1.0,180.0,68.21
2026-04-05,  Pop-Up Store Madrid  ,Heavyweight Oversize Tee 300 GSM,1.0,$45.0,22.28
2026-07-08,  Pop-Up Store Madrid  ,Boxy Fit Hoodie 500 GSM,1.0,90.0 €,33.39
2026-07-29,  Drop Online Global  ,Heavyweight Oversize Tee 300 GSM,5.0,45.0,16.39
2026-03-27,  Pop-Up Store Madrid  ,Cargo Pants Baggy Fit,3.0,$85.0,41.13
2026-04-17,  Pop-Up Store Madrid  ,Denim Shorts Wide Leg,5.0,65.0 €,32.5
2026-03-15,  Pop-Up Store Madrid  ,New Balance 990v3 Made in USA,-1.0,$220.0,101.72
2026-07-18,  Retail Partner  ,Heavyweight Oversize Tee 300 GSM,3.0,$45.0,22.45
2026-05-02,  Flagship Store  ,Boxy Fit Hoodie 500 GSM,1.0,$90.0,42.13
2026-01-05,  Flagship Store  ,Puffer Jacket Limited Release,1.0,180.0,73.24
2026-08-02,  Drop Online Global  ,ASICS GEL-NYC Tech Runner,5.0,$150.0,73.46
2026-07-28,  Pop-Up Store Madrid  ,Heavyweight Oversize Tee 300 GSM,1.0,$45.0,20.55
2026-01-19,  Flagship Store  ,New Balance 990v3 Made in USA,3.0,220.0 €,82.51
2026-05-05,  Drop Online Global  ,Graphic Zip-Up Hoodie,5.0,95.0 €,39.98
2026-04-30,  Retail Partner  ,New Balance 990v3 Made in USA,,220.0 €,103.15
2026-01-19,  Flagship Store  ,Boxy Fit Hoodie 500 GSM,2.0,90.0 €,37.91
2026-02-19,  Drop Online Global  ,Denim Shorts Wide Leg,,$65.0,28.72
2026-03-12,  Drop Online Global  ,Puffer Jacket Limited Release,5.0,180.0,86.32
2026-03-28,  Retail Partner  ,Cargo Pants Baggy Fit,5.0,$85.0,41.93
2026-03-10,  Drop Online Global  ,Heavyweight Oversize Tee 300 GSM,,$45.0,21.7
2026-06-05,  Drop Online Global  ,ASICS GEL-NYC Tech Runner,2.0,150.0 €,70.5
2026-07-28,  Retail Partner  ,Denim Shorts Wide Leg,1.0,65.0,26.27
2026-03-11,  Retail Partner  ,Graphic Zip-Up Hoodie,,$95.0,43.03
2026-05-15,  Flagship Store  ,Puffer Jacket Limited Release,1.0,180.0,81.87
2026-04-29,  Flagship Store  ,Heavyweight Oversize Tee 300 GSM,1.0,45.0,17.35
2026-05-07,  Flagship Store  ,Graphic Zip-Up Hoodie,1.0,95.0 €,44.28
2026-05-23,  Pop-Up Store Madrid  ,Heavyweight Oversize Tee 300 GSM,3.0,45.0,17.89
2026-05-14,  Pop-Up Store Madrid  ,Graphic Zip-Up Hoodie,1.0,95.0,34.98
2026-05-30,  Retail Partner  ,Cargo Pants Baggy Fit,3.0,-45.0,32.52
2026-06-04,  Drop Online Global  ,ASICS GEL-NYC Tech Runner,-1.0,150.0 €,64.03
2026-07-05,  Flagship Store  ,Puffer Jacket Limited Release,3.0,180.0 €,70.0
2026-07-08,  Flagship Store  ,New Balance 990v3 Made in USA,1.0,$220.0,92.42
2026-07-06,  Flagship Store  ,Puffer Jacket Limited Release,5.0,$180.0,76.58
2026-05-11,  Flagship Store  ,ASICS GEL-NYC Tech Runner,1.0,150.0,55.13
2026-03-10,  Flagship Store  ,Graphic Zip-Up Hoodie,3.0,95.0,41.74
2026-04-24,  Drop Online Global  ,Puffer Jacket Limited Release,3.0,$180.0,85.7
2026-03-26,  Drop Online Global  ,Graphic Zip-Up Hoodie,1.0,95.0 €,33.57
2026-05-02,  Drop Online Global  ,Heavyweight Oversize Tee 300 GSM,5.0,45.0,16.8
2026-04-13,  Drop Online Global  ,Boxy Fit Hoodie 500 GSM,1.0,$90.0,32.1
2026-06-03,  Retail Partner  ,ASICS GEL-NYC Tech Runner,1.0,150.0 €,58.9
2026-04-23,  Retail Partner  ,Denim Shorts Wide Leg,1.0,65.0 €,31.76
2026-07-24,  Pop-Up Store Madrid  ,Puffer Jacket Limited Release,1.0,180.0 €,66.4
2026-04-12,  Retail Partner  ,Cargo Pants Baggy Fit,5.0,85.0,32.72
2026-06-03,  Pop-Up Store Madrid  ,Heavyweight Oversize Tee 300 GSM,-1.0,$45.0,17.82
2026-06-09,  Pop-Up Store Madrid  ,New Balance 990v3 Made in USA,5.0,220.0 €,86.03
2026-03-17,  Retail Partner  ,ASICS GEL-NYC Tech Runner,,150.0 €,52.96
2026-06-24,  Drop Online Global  ,Heavyweight Oversize Tee 300 GSM,1.0,45.0 €,19.77
2026-07-31,  Retail Partner  ,Graphic Zip-Up Hoodie,1.0,95.0 €,39.39
2026-03-29,  Drop Online Global  ,Denim Shorts Wide Leg,1.0,$65.0,27.74
2026-03-25,  Pop-Up Store Madrid  ,Graphic Zip-Up Hoodie,3.0,$95.0,41.79
2026-05-06,  Drop Online Global  ,Cargo Pants Baggy Fit,2.0,85.0,33.69
2026-06-15,  Drop Online Global  ,Graphic Zip-Up Hoodie,5.0,95.0,47.48
2026-07-09,  Flagship Store  ,Puffer Jacket Limited Release,5.0,$180.0,78.85
2026-02-10,  Retail Partner  ,Denim Shorts Wide Leg,,65.0,24.31
2026-02-28,  Flagship Store  ,ASICS GEL-NYC Tech Runner,1.0,150.0,74.62
2026-02-15,  Flagship Store  ,Denim Shorts Wide Leg,3.0,$65.0,24.58
2026-04-16,  Pop-Up Store Madrid  ,Cargo Pants Baggy Fit,,$85.0,30.78
2026-06-14,  Pop-Up Store Madrid  ,ASICS GEL-NYC Tech Runner,1.0,150.0,74.05
2026-06-15,  Pop-Up Store Madrid  ,Puffer Jacket Limited Release,2.0,180.0 €,86.59
2026-07-22,  Retail Partner  ,Graphic Zip-Up Hoodie,5.0,95.0,36.46
2026-07-09,  Drop Online Global  ,Boxy Fit Hoodie 500 GSM,1.0,$90.0,36.86
2026-04-28,  Drop Online Global  ,Graphic Zip-Up Hoodie,1.0,95.0,38.43
2026-01-01,  Drop Online Global  ,Graphic Zip-Up Hoodie,,95.0,34.82
2026-06-08,  Drop Online Global  ,ASICS GEL-NYC Tech Runner,1.0,150.0 €,64.54
2026-02-11,  Flagship Store  ,Boxy Fit Hoodie 500 GSM,3.0,90.0,41.2
2026-05-19,  Flagship Store  ,New Balance 990v3 Made in USA,1.0,$220.0,88.11
2026-08-07,  Pop-Up Store Madrid  ,Puffer Jacket Limited Release,3.0,180.0,69.76
2026-08-01,  Retail Partner  ,Puffer Jacket Limited Release,3.0,-45.0,65.13
2026-01-25,  Retail Partner  ,ASICS GEL-NYC Tech Runner,,150.0 €,58.94
2026-04-13,  Pop-Up Store Madrid  ,Boxy Fit Hoodie 500 GSM,1.0,90.0 €,41.88
2026-05-09,  Retail Partner  ,Heavyweight Oversize Tee 300 GSM,1.0,45.0 €,21.46
2026-04-23,  Drop Online Global  ,Boxy Fit Hoodie 500 GSM,3.0,$90.0,32.64
2026-03-26,  Pop-Up Store Madrid  ,New Balance 990v3 Made in USA,5.0,$220.0,107.22
2026-01-29,  Flagship Store  ,Puffer Jacket Limited Release,1.0,180.0 €,73.52
2026-01-29,  Flagship Store  ,New Balance 990v3 Made in USA,,$220.0,94.11
2026-02-04,  Flagship Store  ,New Balance 990v3 Made in USA,3.0,$220.0,95.51
2026-05-18,  Pop-Up Store Madrid  ,New Balance 990v3 Made in USA,1.0,-45.0,102.7
2026-07-20,  Retail Partner  ,Denim Shorts Wide Leg,1.0,65.0 €,28.27
2026-04-26,  Drop Online Global  ,Puffer Jacket Limited Release,5.0,180.0 €,83.9
2026-01-06,  Drop Online Global  ,Graphic Zip-Up Hoodie,1.0,95.0 €,33.5
2026-06-27,  Drop Online Global  ,Boxy Fit Hoodie 500 GSM,,$90.0,39.96
2026-05-31,  Retail Partner  ,Heavyweight Oversize Tee 300 GSM,1.0,45.0,21.49
2026-06-04,  Flagship Store  ,New Balance 990v3 Made in USA,1.0,$220.0,102.88
2026-02-24,  Drop Online Global  ,Graphic Zip-Up Hoodie,-1.0,$95.0,43.08
2026-03-28,  Drop Online Global  ,Boxy Fit Hoodie 500 GSM,,90.0 €,33.69
2026-06-11,  Pop-Up Store Madrid  ,Graphic Zip-Up Hoodie,3.0,95.0 €,33.42
2026-04-03,  Drop Online Global  ,Denim Shorts Wide Leg,-1.0,65.0 €,29.84
2026-05-20,  Retail Partner  ,New Balance 990v3 Made in USA,1.0,220.0 €,95.65
2026-03-06,  Retail Partner  ,New Balance 990v3 Made in USA,-1.0,$220.0,83.05
2026-06-13,  Drop Online Global  ,Boxy Fit Hoodie 500 GSM,3.0,$90.0,31.77
2026-04-13,  Pop-Up Store Madrid  ,ASICS GEL-NYC Tech Runner,-1.0,150.0,70.54
2026-05-11,  Flagship Store  ,ASICS GEL-NYC Tech Runner,1.0,$150.0,68.66
2026-02-25,  Pop-Up Store Madrid  ,Puffer Jacket Limited Release,1.0,$180.0,82.16
2026-03-09,  Flagship Store  ,ASICS GEL-NYC Tech Runner,5.0,$150.0,63.83
2026-01-25,  Retail Partner  ,New Balance 990v3 Made in USA,2.0,$220.0,77.6
2026-06-04,  Drop Online Global  ,Denim Shorts Wide Leg,,$65.0,30.24
2026-07-15,  Retail Partner  ,Graphic Zip-Up Hoodie,-1.0,95.0 €,40.43
2026-01-21,  Retail Partner  ,ASICS GEL-NYC Tech Runner,1.0,$150.0,63.92
2026-04-04,  Flagship Store  ,Graphic Zip-Up Hoodie,3.0,$95.0,38.08
2026-07-08,  Drop Online Global  ,New Balance 990v3 Made in USA,1.0,$220.0,84.83
2026-03-18,  Flagship Store  ,Cargo Pants Baggy Fit,1.0,$85.0,32.99
2026-04-29,  Flagship Store  ,New Balance 990v3 Made in USA,-1.0,220.0,99.43
2026-01-08,  Flagship Store  ,Denim Shorts Wide Leg,1.0,$65.0,29.68
2026-07-30,  Flagship Store  ,Cargo Pants Baggy Fit,-1.0,85.0 €,39.74
2026-02-03,  Retail Partner  ,Heavyweight Oversize Tee 300 GSM,-1.0,45.0 €,22.39
2026-02-14,  Retail Partner  ,Puffer Jacket Limited Release,1.0,180.0 €,72.58
2026-03-19,  Flagship Store  ,Denim Shorts Wide Leg,,65.0 €,31.16
2026-03-09,  Retail Partner  ,Puffer Jacket Limited Release,1.0,$180.0,75.33
2026-07-22,  Pop-Up Store Madrid  ,Cargo Pants Baggy Fit,-1.0,85.0,41.68
2026-07-31,  Drop Online Global  ,New Balance 990v3 Made in USA,5.0,220.0,108.2
2026-05-15,  Flagship Store  ,New Balance 990v3 Made in USA,2.0,220.0 €,92.82
2026-08-03,  Pop-Up Store Madrid  ,Heavyweight Oversize Tee 300 GSM,-1.0,45.0,20.7
2026-01-22,  Drop Online Global  ,New Balance 990v3 Made in USA,1.0,$220.0,87.41
2026-07-09,  Drop Online Global  ,ASICS GEL-NYC Tech Runner,1.0,150.0,62.63
2026-04-03,  Retail Partner  ,New Balance 990v3 Made in USA,-1.0,220.0,84.89
2026-07-30,  Pop-Up Store Madrid  ,Denim Shorts Wide Leg,1.0,65.0,30.92
2026-03-29,  Flagship Store  ,Cargo Pants Baggy Fit,1.0,85.0 €,35.12
2026-05-27,  Retail Partner  ,Graphic Zip-Up Hoodie,1.0,95.0 €,40.16
2026-05-11,  Pop-Up Store Madrid  ,Cargo Pants Baggy Fit,1.0,85.0,29.88
2026-04-28,  Drop Online Global  ,ASICS GEL-NYC Tech Runner,,150.0 €,54.71
2026-02-15,  Retail Partner  ,Boxy Fit Hoodie 500 GSM,1.0,90.0,43.34
2026-02-02,  Flagship Store  ,Cargo Pants Baggy Fit,1.0,$85.0,33.39
2026-04-18,  Flagship Store  ,ASICS GEL-NYC Tech Runner,2.0,150.0 €,60.87
2026-06-08,  Pop-Up Store Madrid  ,Denim Shorts Wide Leg,-1.0,$65.0,25.32
2026-02-17,  Pop-Up Store Madrid  ,Puffer Jacket Limited Release,5.0,180.0 €,78.66
2026-06-02,  Pop-Up Store Madrid  ,ASICS GEL-NYC Tech Runner,,150.0,72.52
2026-01-10,  Flagship Store  ,Heavyweight Oversize Tee 300 GSM,,45.0,15.88
2026-04-07,  Flagship Store  ,Graphic Zip-Up Hoodie,2.0,$95.0,42.5
2026-03-17,  Pop-Up Store Madrid  ,Denim Shorts Wide Leg,,65.0,26.2
2026-03-19,  Retail Partner  ,Puffer Jacket Limited Release,1.0,$180.0,77.39
2026-06-09,  Pop-Up Store Madrid  ,Heavyweight Oversize Tee 300 GSM,5.0,45.0 €,17.28
2026-05-13,  Drop Online Global  ,ASICS GEL-NYC Tech Runner,2.0,150.0 €,69.39
2026-06-30,  Retail Partner  ,Heavyweight Oversize Tee 300 GSM,1.0,$45.0,18.87
2026-07-16,  Retail Partner  ,Cargo Pants Baggy Fit,1.0,$85.0,36.54
2026-01-14,  Pop-Up Store Madrid  ,Graphic Zip-Up Hoodie,5.0,$95.0,47.48
2026-03-02,  Flagship Store  ,Denim Shorts Wide Leg,5.0,$65.0,29.03
2026-02-02,  Retail Partner  ,Puffer Jacket Limited Release,2.0,180.0 €,73.91
2026-07-08,  Flagship Store  ,Heavyweight Oversize Tee 300 GSM,,$45.0,22.28
2026-07-15,  Pop-Up Store Madrid  ,Puffer Jacket Limited Release,2.0,$180.0,83.4
2026-01-31,  Pop-Up Store Madrid  ,Puffer Jacket Limited Release,5.0,-45.0,85.62
2026-07-21,  Flagship Store  ,Cargo Pants Baggy Fit,,85.0 €,33.65
2026-04-17,  Flagship Store  ,Denim Shorts Wide Leg,1.0,65.0 €,29.53
2026-03-25,  Flagship Store  ,Heavyweight Oversize Tee 300 GSM,1.0,45.0 €,22.32
2026-01-18,  Pop-Up Store Madrid  ,New Balance 990v3 Made in USA,1.0,$220.0,78.42
2026-07-14,  Drop Online Global  ,ASICS GEL-NYC Tech Runner,1.0,$150.0,57.19
2026-06-17,  Flagship Store  ,New Balance 990v3 Made in USA,3.0,$220.0,93.31
2026-02-27,  Retail Partner  ,Heavyweight Oversize Tee 300 GSM,-1.0,45.0,17.93
2026-04-29,  Flagship Store  ,Denim Shorts Wide Leg,1.0,65.0,31.16
2026-03-04,  Flagship Store  ,Puffer Jacket Limited Release,1.0,$180.0,69.15
2026-06-01,  Retail Partner  ,Heavyweight Oversize Tee 300 GSM,,$45.0,19.89
2026-05-04,  Pop-Up Store Madrid  ,Puffer Jacket Limited Release,3.0,180.0,87.38
2026-04-16,  Drop Online Global  ,Heavyweight Oversize Tee 300 GSM,3.0,45.0,16.96
2026-07-21,  Pop-Up Store Madrid  ,Graphic Zip-Up Hoodie,1.0,$95.0,46.87
2026-07-18,  Pop-Up Store Madrid  ,Boxy Fit Hoodie 500 GSM,1.0,$90.0,34.88
2026-01-12,  Drop Online Global  ,Heavyweight Oversize Tee 300 GSM,1.0,45.0,17.95
2026-01-19,  Pop-Up Store Madrid  ,ASICS GEL-NYC Tech Runner,3.0,150.0 €,68.79
2026-01-11,  Flagship Store  ,ASICS GEL-NYC Tech Runner,2.0,$150.0,55.95
2026-05-30,  Pop-Up Store Madrid  ,ASICS GEL-NYC Tech Runner,1.0,$150.0,60.02
2026-07-22,  Pop-Up Store Madrid  ,Graphic Zip-Up Hoodie,2.0,$95.0,39.84
2026-06-13,  Flagship Store  ,Cargo Pants Baggy Fit,1.0,-45.0,36.35
2026-03-08,  Flagship Store  ,Heavyweight Oversize Tee 300 GSM,5.0,$45.0,21.08
2026-06-05,  Retail Partner  ,ASICS GEL-NYC Tech Runner,,$150.0,66.51
2026-02-13,  Flagship Store  ,Denim Shorts Wide Leg,1.0,$65.0,25.86
2026-01-13,  Pop-Up Store Madrid  ,Denim Shorts Wide Leg,1.0,$65.0,31.2
2026-02-25,  Retail Partner  ,Denim Shorts Wide Leg,1.0,$65.0,32.4
2026-02-08,  Flagship Store  ,Boxy Fit Hoodie 500 GSM,1.0,90.0 €,31.84
2026-03-05,  Retail Partner  ,Heavyweight Oversize Tee 300 GSM,1.0,45.0 €,18.93
2026-05-07,  Drop Online Global  ,Graphic Zip-Up Hoodie,5.0,95.0,35.32
2026-05-11,  Pop-Up Store Madrid  ,ASICS GEL-NYC Tech Runner,1.0,150.0,70.43
2026-01-27,  Pop-Up Store Madrid  ,Heavyweight Oversize Tee 300 GSM,2.0,$45.0,19.33
2026-02-14,  Retail Partner  ,Cargo Pants Baggy Fit,,$85.0,30.67
2026-01-09,  Flagship Store  ,Heavyweight Oversize Tee 300 GSM,5.0,$45.0,16.73
2026-05-07,  Flagship Store  ,Graphic Zip-Up Hoodie,-1.0,95.0 €,35.86
2026-06-08,  Retail Partner  ,Heavyweight Oversize Tee 300 GSM,2.0,45.0 €,21.06
2026-03-11,  Flagship Store  ,Puffer Jacket Limited Release,3.0,180.0 €,81.7
2026-03-01,  Drop Online Global  ,Heavyweight Oversize Tee 300 GSM,1.0,45.0,21.26
2026-06-09,  Flagship Store  ,Heavyweight Oversize Tee 300 GSM,,45.0,17.38
2026-03-17,  Drop Online Global  ,Heavyweight Oversize Tee 300 GSM,3.0,45.0 €,19.65
2026-06-03,  Drop Online Global  ,Denim Shorts Wide Leg,2.0,65.0,28.11
2026-06-23,  Drop Online Global  ,Heavyweight Oversize Tee 300 GSM,1.0,-45.0,17.0
2026-01-20,  Drop Online Global  ,Heavyweight Oversize Tee 300 GSM,1.0,45.0 €,17.42
2026-04-28,  Retail Partner  ,Puffer Jacket Limited Release,1.0,$180.0,75.97
2026-01-03,  Drop Online Global  ,Graphic Zip-Up Hoodie,-1.0,95.0,34.97
2026-06-24,  Pop-Up Store Madrid  ,Boxy Fit Hoodie 500 GSM,1.0,$90.0,38.28
2026-02-16,  Pop-Up Store Madrid  ,Heavyweight Oversize Tee 300 GSM,,$45.0,21.02
2026-07-22,  Retail Partner  ,Cargo Pants Baggy Fit,1.0,85.0,42.34
2026-05-02,  Flagship Store  ,Puffer Jacket Limited Release,3.0,$180.0,66.39
2026-07-25,  Flagship Store  ,New Balance 990v3 Made in USA,3.0,220.0 €,94.43
2026-06-14,  Flagship Store  ,New Balance 990v3 Made in USA,-1.0,$220.0,80.94
2026-05-10,  Retail Partner  ,New Balance 990v3 Made in USA,2.0,220.0,107.87
2026-04-27,  Drop Online Global  ,Cargo Pants Baggy Fit,5.0,$85.0,38.55
2026-02-04,  Flagship Store  ,Cargo Pants Baggy Fit,1.0,$85.0,37.83
2026-01-10,  Flagship Store  ,New Balance 990v3 Made in USA,1.0,-45.0,84.96
2026-04-15,  Drop Online Global  ,Cargo Pants Baggy Fit,5.0,$85.0,31.29
2026-07-25,  Retail Partner  ,Heavyweight Oversize Tee 300 GSM,5.0,45.0 €,15.76
2026-04-15,  Flagship Store  ,Denim Shorts Wide Leg,2.0,65.0 €,29.01
2026-02-25,  Drop Online Global  ,Denim Shorts Wide Leg,1.0,65.0 €,30.66
2026-03-02,  Pop-Up Store Madrid  ,Puffer Jacket Limited Release,3.0,$180.0,67.34
2026-05-01,  Retail Partner  ,New Balance 990v3 Made in USA,,$220.0,78.75
2026-06-21,  Pop-Up Store Madrid  ,New Balance 990v3 Made in USA,-1.0,$220.0,93.92
2026-05-13,  Flagship Store  ,Heavyweight Oversize Tee 300 GSM,1.0,$45.0,17.94
2026-07-14,  Drop Online Global  ,Cargo Pants Baggy Fit,-1.0,$85.0,41.14
2026-06-15,  Retail Partner  ,Denim Shorts Wide Leg,3.0,65.0,29.6
2026-03-06,  Drop Online Global  ,Cargo Pants Baggy Fit,,$85.0,39.68
2026-04-16,  Pop-Up Store Madrid  ,Cargo Pants Baggy Fit,,85.0,33.0
2026-06-02,  Pop-Up Store Madrid  ,Heavyweight Oversize Tee 300 GSM,2.0,$45.0,18.7
2026-07-27,  Flagship Store  ,Denim Shorts Wide Leg,1.0,65.0 €,30.32
2026-07-13,  Drop Online Global  ,Puffer Jacket Limited Release,3.0,180.0 €,65.22
2026-04-11,  Flagship Store  ,Graphic Zip-Up Hoodie,2.0,$95.0,37.31
2026-06-22,  Drop Online Global  ,Boxy Fit Hoodie 500 GSM,-1.0,90.0 €,36.08
2026-01-30,  Pop-Up Store Madrid  ,Heavyweight Oversize Tee 300 GSM,1.0,-45.0,17.81
2026-06-21,  Drop Online Global  ,Graphic Zip-Up Hoodie,3.0,$95.0,45.52
2026-03-05,  Retail Partner  ,Denim Shorts Wide Leg,1.0,65.0,27.54
2026-07-18,  Flagship Store  ,Puffer Jacket Limited Release,1.0,180.0,65.35
2026-06-22,  Retail Partner  ,New Balance 990v3 Made in USA,1.0,$220.0,89.06
2026-06-17,  Drop Online Global  ,New Balance 990v3 Made in USA,,$220.0,98.04
2026-06-13,  Flagship Store  ,ASICS GEL-NYC Tech Runner,1.0,150.0 €,62.01
2026-07-08,  Flagship Store  ,Graphic Zip-Up Hoodie,5.0,95.0 €,33.36
2026-03-23,  Flagship Store  ,Denim Shorts Wide Leg,3.0,65.0,27.52
2026-07-08,  Retail Partner  ,New Balance 990v3 Made in USA,1.0,220.0 €,79.98
2026-06-13,  Pop-Up Store Madrid  ,ASICS GEL-NYC Tech Runner,1.0,150.0,54.86
2026-04-25,  Drop Online Global  ,Denim Shorts Wide Leg,3.0,65.0,31.9
2026-07-12,  Retail Partner  ,Denim Shorts Wide Leg,3.0,65.0 €,24.27
2026-05-31,  Retail Partner  ,Puffer Jacket Limited Release,1.0,$180.0,68.02
2026-07-27,  Pop-Up Store Madrid  ,Graphic Zip-Up Hoodie,1.0,95.0,33.66
2026-01-30,  Retail Partner  ,ASICS GEL-NYC Tech Runner,3.0,$150.0,60.65
2026-07-24,  Drop Online Global  ,Puffer Jacket Limited Release,1.0,180.0,71.2
2026-05-19,  Pop-Up Store Madrid  ,ASICS GEL-NYC Tech Runner,2.0,$150.0,70.58
2026-06-22,  Drop Online Global  ,Graphic Zip-Up Hoodie,1.0,95.0 €,37.32
2026-02-23,  Pop-Up Store Madrid  ,Cargo Pants Baggy Fit,1.0,85.0 €,39.39
2026-04-16,  Pop-Up Store Madrid  ,Boxy Fit Hoodie 500 GSM,1.0,$90.0,41.59
2026-07-01,  Retail Partner  ,Boxy Fit Hoodie 500 GSM,1.0,90.0,32.72
2026-04-10,  Flagship Store  ,Denim Shorts Wide Leg,1.0,$65.0,23.95
2026-07-04,  Pop-Up Store Madrid  ,Puffer Jacket Limited Release,1.0,180.0 €,88.83
2026-02-01,  Drop Online Global  ,Heavyweight Oversize Tee 300 GSM,3.0,45.0 €,18.63
2026-06-30,  Pop-Up Store Madrid  ,Boxy Fit Hoodie 500 GSM,5.0,90.0 €,34.26
2026-07-29,  Pop-Up Store Madrid  ,Boxy Fit Hoodie 500 GSM,3.0,90.0,40.81
2026-03-17,  Retail Partner  ,New Balance 990v3 Made in USA,1.0,$220.0,107.66
2026-06-13,  Flagship Store  ,Cargo Pants Baggy Fit,1.0,$85.0,32.06
2026-01-08,  Pop-Up Store Madrid  ,Boxy Fit Hoodie 500 GSM,-1.0,$90.0,39.6
2026-05-06,  Drop Online Global  ,Boxy Fit Hoodie 500 GSM,2.0,90.0,39.67
2026-05-19,  Drop Online Global  ,Graphic Zip-Up Hoodie,-1.0,95.0 €,37.44
2026-06-21,  Flagship Store  ,ASICS GEL-NYC Tech Runner,5.0,150.0,63.84
2026-08-06,  Pop-Up Store Madrid  ,Cargo Pants Baggy Fit,1.0,85.0 €,40.0
2026-07-06,  Retail Partner  ,Cargo Pants Baggy Fit,3.0,$85.0,30.91
2026-05-10,  Flagship Store  ,Graphic Zip-Up Hoodie,1.0,95.0 €,39.07
2026-07-14,  Drop Online Global  ,New Balance 990v3 Made in USA,5.0,-45.0,94.74
2026-01-22,  Flagship Store  ,ASICS GEL-NYC Tech Runner,1.0,150.0 €,67.19
2026-01-23,  Drop Online Global  ,Heavyweight Oversize Tee 300 GSM,5.0,$45.0,21.91
2026-03-22,  Pop-Up Store Madrid  ,Boxy Fit Hoodie 500 GSM,-1.0,90.0,36.05
2026-01-17,  Flagship Store  ,New Balance 990v3 Made in USA,1.0,220.0 €,91.89
2026-02-12,  Retail Partner  ,Cargo Pants Baggy Fit,5.0,85.0 €,39.97
2026-08-01,  Flagship Store  ,New Balance 990v3 Made in USA,5.0,$220.0,105.87
2026-04-13,  Drop Online Global  ,Denim Shorts Wide Leg,5.0,65.0 €,29.66
2026-02-28,  Retail Partner  ,Cargo Pants Baggy Fit,2.0,85.0 €,37.61
2026-07-05,  Drop Online Global  ,Puffer Jacket Limited Release,1.0,$180.0,84.98
2026-01-25,  Pop-Up Store Madrid  ,Boxy Fit Hoodie 500 GSM,2.0,90.0 €,42.21
2026-05-02,  Retail Partner  ,New Balance 990v3 Made in USA,5.0,220.0,103.94
2026-01-05,  Flagship Store  ,New Balance 990v3 Made in USA,3.0,$220.0,108.81
2026-01-25,  Drop Online Global  ,Graphic Zip-Up Hoodie,,95.0,41.75
2026-06-16,  Retail Partner  ,Heavyweight Oversize Tee 300 GSM,,$45.0,16.24
2026-02-23,  Pop-Up Store Madrid  ,Graphic Zip-Up Hoodie,,95.0 €,44.2
2026-04-27,  Pop-Up Store Madrid  ,Cargo Pants Baggy Fit,-1.0,$85.0,39.45
2026-04-28,  Pop-Up Store Madrid  ,Cargo Pants Baggy Fit,3.0,85.0 €,39.77
2026-07-13,  Drop Online Global  ,Boxy Fit Hoodie 500 GSM,1.0,90.0 €,35.16
2026-06-27,  Retail Partner  ,Heavyweight Oversize Tee 300 GSM,2.0,45.0 €,16.05
2026-05-03,  Flagship Store  ,Heavyweight Oversize Tee 300 GSM,1.0,$45.0,16.97
2026-01-28,  Retail Partner  ,Heavyweight Oversize Tee 300 GSM,1.0,45.0 €,16.32
2026-02-17,  Retail Partner  ,Graphic Zip-Up Hoodie,5.0,$95.0,45.9
2026-08-04,  Pop-Up Store Madrid  ,ASICS GEL-NYC Tech Runner,1.0,$150.0,61.05
2026-04-03,  Drop Online Global  ,Heavyweight Oversize Tee 300 GSM,5.0,45.0,20.38
2026-01-15,  Flagship Store  ,Cargo Pants Baggy Fit,,$85.0,38.04
2026-07-22,  Retail Partner  ,New Balance 990v3 Made in USA,1.0,$220.0,97.65
2026-01-14,  Retail Partner  ,Heavyweight Oversize Tee 300 GSM,-1.0,-45.0,21.94
2026-01-01,  Drop Online Global  ,Puffer Jacket Limited Release,1.0,180.0,66.27
2026-07-12,  Pop-Up Store Madrid  ,Heavyweight Oversize Tee 300 GSM,2.0,45.0 €,16.78
2026-02-06,  Pop-Up Store Madrid  ,ASICS GEL-NYC Tech Runner,1.0,150.0,54.28
2026-01-04,  Flagship Store  ,Denim Shorts Wide Leg,1.0,$65.0,29.65
2026-03-01,  Retail Partner  ,Cargo Pants Baggy Fit,5.0,$85.0,32.32
2026-04-14,  Flagship Store  ,Heavyweight Oversize Tee 300 GSM,3.0,45.0,18.81
2026-01-12,  Retail Partner  ,Boxy Fit Hoodie 500 GSM,5.0,$90.0,44.69
2026-05-22,  Pop-Up Store Madrid  ,Boxy Fit Hoodie 500 GSM,1.0,90.0 €,34.93
2026-06-01,  Retail Partner  ,New Balance 990v3 Made in USA,1.0,220.0,88.87
2026-05-19,  Retail Partner  ,ASICS GEL-NYC Tech Runner,1.0,150.0,70.97
2026-06-08,  Retail Partner  ,Cargo Pants Baggy Fit,5.0,$85.0,36.5
2026-05-06,  Pop-Up Store Madrid  ,Boxy Fit Hoodie 500 GSM,1.0,90.0 €,36.24
2026-04-23,  Drop Online Global  ,Boxy Fit Hoodie 500 GSM,5.0,90.0 €,36.14
2026-05-18,  Pop-Up Store Madrid  ,ASICS GEL-NYC Tech Runner,3.0,$150.0,64.15
2026-02-10,  Drop Online Global  ,Denim Shorts Wide Leg,-1.0,65.0 €,25.08
2026-01-25,  Drop Online Global  ,Denim Shorts Wide Leg,,-45.0,24.36
2026-02-22,  Flagship Store  ,ASICS GEL-NYC Tech Runner,5.0,$150.0,57.57
2026-02-19,  Pop-Up Store Madrid  ,Puffer Jacket Limited Release,5.0,180.0 €,67.85
2026-05-11,  Retail Partner  ,Denim Shorts Wide Leg,1.0,$65.0,28.23
2026-03-22,  Drop Online Global  ,Boxy Fit Hoodie 500 GSM,5.0,$90.0,38.9
2026-02-22,  Drop Online Global  ,Cargo Pants Baggy Fit,3.0,85.0 €,37.22
2026-04-06,  Retail Partner  ,Cargo Pants Baggy Fit,3.0,85.0,40.99
2026-03-24,  Pop-Up Store Madrid  ,Boxy Fit Hoodie 500 GSM,1.0,90.0 €,31.76
2026-02-18,  Retail Partner  ,Denim Shorts Wide Leg,3.0,65.0 €,23.48
2026-07-21,  Drop Online Global  ,ASICS GEL-NYC Tech Runner,1.0,150.0,74.48
2026-05-05,  Drop Online Global  ,Boxy Fit Hoodie 500 GSM,1.0,90.0,44.63
2026-06-12,  Drop Online Global  ,Denim Shorts Wide Leg,2.0,$65.0,23.36
2026-02-10,  Flagship Store  ,Boxy Fit Hoodie 500 GSM,,90.0 €,34.47
2026-07-23,  Retail Partner  ,Heavyweight Oversize Tee 300 GSM,1.0,45.0,17.25
2026-03-23,  Drop Online Global  ,Denim Shorts Wide Leg,,65.0 €,28.28
2026-01-20,  Pop-Up Store Madrid  ,Denim Shorts Wide Leg,,65.0 €,31.25
2026-07-12,  Pop-Up Store Madrid  ,Graphic Zip-Up Hoodie,1.0,95.0,34.6
2026-06-30,  Retail Partner  ,New Balance 990v3 Made in USA,3.0,220.0,109.91
2026-07-25,  Retail Partner  ,Boxy Fit Hoodie 500 GSM,1.0,90.0,41.23
2026-07-05,  Flagship Store  ,Denim Shorts Wide Leg,1.0,65.0 €,29.94
2026-03-03,  Flagship Store  ,Puffer Jacket Limited Release,1.0,180.0 €,67.11
2026-03-28,  Drop Online Global  ,ASICS GEL-NYC Tech Runner,1.0,150.0 €,71.51
2026-04-15,  Pop-Up Store Madrid  ,Boxy Fit Hoodie 500 GSM,-1.0,$90.0,39.42
2026-07-04,  Flagship Store  ,New Balance 990v3 Made in USA,1.0,220.0 €,80.38
2026-01-03,  Pop-Up Store Madrid  ,Cargo Pants Baggy Fit,2.0,85.0 €,31.96
2026-06-28,  Flagship Store  ,Boxy Fit Hoodie 500 GSM,,90.0,36.03
2026-05-08,  Drop Online Global  ,New Balance 990v3 Made in USA,5.0,$220.0,90.67
2026-01-09,  Flagship Store  ,Cargo Pants Baggy Fit,1.0,$85.0,32.71
2026-07-25,  Drop Online Global  ,ASICS GEL-NYC Tech Runner,1.0,-45.0,60.03
2026-06-20,  Drop Online Global  ,Puffer Jacket Limited Release,1.0,$180.0,63.91
2026-03-07,  Retail Partner  ,Boxy Fit Hoodie 500 GSM,5.0,90.0,36.93
2026-05-10,  Pop-Up Store Madrid  ,Denim Shorts Wide Leg,,65.0,23.78
2026-07-27,  Flagship Store  ,Heavyweight Oversize Tee 300 GSM,2.0,-45.0,16.04
2026-05-01,  Drop Online Global  ,Cargo Pants Baggy Fit,3.0,85.0,34.8
2026-02-23,  Flagship Store  ,New Balance 990v3 Made in USA,,220.0 €,102.87
2026-05-29,  Pop-Up Store Madrid  ,Puffer Jacket Limited Release,,180.0,86.14
2026-03-09,  Retail Partner  ,Denim Shorts Wide Leg,5.0,65.0 €,27.34
2026-07-20,  Retail Partner  ,Cargo Pants Baggy Fit,3.0,$85.0,30.35
2026-06-18,  Pop-Up Store Madrid  ,Heavyweight Oversize Tee 300 GSM,,$45.0,17.06
2026-02-28,  Drop Online Global  ,Cargo Pants Baggy Fit,-1.0,85.0,41.25
2026-02-10,  Drop Online Global  ,Boxy Fit Hoodie 500 GSM,-1.0,-45.0,36.64
2026-07-21,  Flagship Store  ,Cargo Pants Baggy Fit,1.0,85.0,35.11
2026-07-01,  Pop-Up Store Madrid  ,Heavyweight Oversize Tee 300 GSM,,45.0 €,19.67
2026-04-03,  Drop Online Global  ,New Balance 990v3 Made in USA,5.0,$220.0,98.23
2026-01-13,  Retail Partner  ,Boxy Fit Hoodie 500 GSM,5.0,90.0,43.09
2026-04-08,  Drop Online Global  ,Boxy Fit Hoodie 500 GSM,,90.0,36.29
2026-07-06,  Flagship Store  ,Puffer Jacket Limited Release,1.0,$180.0,74.91
2026-07-16,  Pop-Up Store Madrid  ,Boxy Fit Hoodie 500 GSM,1.0,$90.0,33.06
2026-07-09,  Flagship Store  ,Cargo Pants Baggy Fit,3.0,$85.0,31.37
2026-04-18,  Pop-Up Store Madrid  ,New Balance 990v3 Made in USA,2.0,$220.0,86.35
2026-04-07,  Pop-Up Store Madrid  ,ASICS GEL-NYC Tech Runner,1.0,150.0,67.16
2026-01-30,  Pop-Up Store Madrid  ,ASICS GEL-NYC Tech Runner,3.0,150.0 €,63.68
2026-06-20,  Flagship Store  ,Puffer Jacket Limited Release,2.0,180.0,77.11
2026-01-16,  Pop-Up Store Madrid  ,Heavyweight Oversize Tee 300 GSM,3.0,45.0,21.6
2026-06-12,  Drop Online Global  ,Denim Shorts Wide Leg,,65.0 €,26.36
2026-08-09,  Pop-Up Store Madrid  ,Cargo Pants Baggy Fit,1.0,$85.0,30.76
2026-02-14,  Retail Partner  ,Boxy Fit Hoodie 500 GSM,1.0,$90.0,32.35
2026-01-04,  Drop Online Global  ,Denim Shorts Wide Leg,1.0,-45.0,24.86
2026-05-16,  Pop-Up Store Madrid  ,Denim Shorts Wide Leg,1.0,$65.0,23.15
2026-06-20,  Flagship Store  ,Boxy Fit Hoodie 500 GSM,3.0,90.0 €,35.15
2026-01-14,  Drop Online Global  ,Cargo Pants Baggy Fit,1.0,$85.0,33.89
2026-02-20,  Pop-Up Store Madrid  ,Heavyweight Oversize Tee 300 GSM,3.0,$45.0,18.34
2026-04-21,  Flagship Store  ,Cargo Pants Baggy Fit,1.0,85.0 €,35.04
2026-02-07,  Drop Online Global  ,Graphic Zip-Up Hoodie,-1.0,95.0,39.22
2026-06-14,  Flagship Store  ,New Balance 990v3 Made in USA,1.0,$220.0,106.77
2026-07-26,  Drop Online Global  ,Boxy Fit Hoodie 500 GSM,3.0,$90.0,40.26
2026-02-13,  Pop-Up Store Madrid  ,Cargo Pants Baggy Fit,5.0,$85.0,34.79
2026-01-20,  Retail Partner  ,Boxy Fit Hoodie 500 GSM,,$90.0,33.42
2026-04-13,  Pop-Up Store Madrid  ,Graphic Zip-Up Hoodie,5.0,95.0 €,36.16
2026-03-27,  Pop-Up Store Madrid  ,New Balance 990v3 Made in USA,5.0,$220.0,101.75
2026-02-13,  Flagship Store  ,Denim Shorts Wide Leg,3.0,65.0,25.06
2026-03-30,  Drop Online Global  ,Boxy Fit Hoodie 500 GSM,5.0,90.0,39.11
2026-02-04,  Retail Partner  ,Denim Shorts Wide Leg,1.0,65.0 €,30.69
2026-03-29,  Pop-Up Store Madrid  ,Boxy Fit Hoodie 500 GSM,1.0,90.0 €,40.74
2026-01-10,  Drop Online Global  ,Puffer Jacket Limited Release,2.0,$180.0,67.17
2026-05-06,  Retail Partner  ,Denim Shorts Wide Leg,1.0,65.0 €,26.81
2026-07-06,  Pop-Up Store Madrid  ,Puffer Jacket Limited Release,1.0,$180.0,64.21
2026-05-31,  Drop Online Global  ,New Balance 990v3 Made in USA,1.0,220.0,97.74
2026-01-15,  Drop Online Global  ,Cargo Pants Baggy Fit,1.0,85.0 €,34.71
2026-02-20,  Pop-Up Store Madrid  ,New Balance 990v3 Made in USA,2.0,220.0,94.8
2026-01-29,  Flagship Store  ,Heavyweight Oversize Tee 300 GSM,2.0,$45.0,22.32
2026-03-03,  Retail Partner  ,Denim Shorts Wide Leg,1.0,$65.0,24.82
2026-01-17,  Pop-Up Store Madrid  ,Boxy Fit Hoodie 500 GSM,2.0,90.0,44.59
2026-02-09,  Drop Online Global  ,Boxy Fit Hoodie 500 GSM,1.0,90.0 €,37.69
2026-08-02,  Retail Partner  ,Boxy Fit Hoodie 500 GSM,1.0,90.0 €,41.92
2026-08-09,  Flagship Store  ,Puffer Jacket Limited Release,1.0,$180.0,88.74
2026-03-14,  Pop-Up Store Madrid  ,Boxy Fit Hoodie 500 GSM,5.0,$90.0,37.61
2026-06-04,  Retail Partner  ,New Balance 990v3 Made in USA,-1.0,220.0 €,77.99
2026-06-02,  Drop Online Global  ,Heavyweight Oversize Tee 300 GSM,,45.0 €,16.58
2026-06-17,  Drop Online Global  ,Denim Shorts Wide Leg,5.0,65.0 €,23.83
2026-07-05,  Drop Online Global  ,Boxy Fit Hoodie 500 GSM,,90.0,35.23
2026-01-24,  Retail Partner  ,New Balance 990v3 Made in USA,1.0,220.0 €,91.09
2026-06-04,  Flagship Store  ,Denim Shorts Wide Leg,1.0,65.0 €,24.79
2026-01-21,  Retail Partner  ,Graphic Zip-Up Hoodie,5.0,95.0 €,37.31
2026-07-23,  Pop-Up Store Madrid  ,New Balance 990v3 Made in USA,2.0,$220.0,92.6
2026-04-03,  Pop-Up Store Madrid  ,Graphic Zip-Up Hoodie,2.0,95.0,33.48
2026-03-03,  Drop Online Global  ,Boxy Fit Hoodie 500 GSM,-1.0,$90.0,41.68
2026-08-05,  Drop Online Global  ,New Balance 990v3 Made in USA,2.0,220.0 €,79.2
2026-07-30,  Retail Partner  ,New Balance 990v3 Made in USA,-1.0,220.0,97.14
2026-07-05,  Drop Online Global  ,Graphic Zip-Up Hoodie,-1.0,95.0 €,46.23
2026-03-02,  Flagship Store  ,ASICS GEL-NYC Tech Runner,2.0,150.0 €,52.68
2026-04-11,  Retail Partner  ,Cargo Pants Baggy Fit,,-45.0,34.69
2026-01-24,  Retail Partner  ,ASICS GEL-NYC Tech Runner,,150.0,64.56
2026-05-27,  Flagship Store  ,New Balance 990v3 Made in USA,1.0,220.0 €,108.94
2026-05-07,  Flagship Store  ,ASICS GEL-NYC Tech Runner,,150.0 €,70.33
2026-08-05,  Flagship Store  ,ASICS GEL-NYC Tech Runner,1.0,-45.0,62.09
2026-01-23,  Flagship Store  ,Boxy Fit Hoodie 500 GSM,1.0,90.0 €,42.41
2026-07-23,  Retail Partner  ,Puffer Jacket Limited Release,5.0,-45.0,82.82
2026-06-05,  Drop Online Global  ,Denim Shorts Wide Leg,-1.0,65.0,27.33
2026-03-03,  Retail Partner  ,Denim Shorts Wide Leg,-1.0,65.0 €,29.25
2026-01-14,  Drop Online Global  ,Denim Shorts Wide Leg,1.0,$65.0,27.28
2026-04-01,  Flagship Store  ,ASICS GEL-NYC Tech Runner,1.0,150.0 €,65.06
2026-07-27,  Flagship Store  ,Puffer Jacket Limited Release,1.0,180.0,84.5
2026-06-16,  Drop Online Global  ,Cargo Pants Baggy Fit,1.0,$85.0,41.28
2026-03-12,  Drop Online Global  ,Cargo Pants Baggy Fit,5.0,$85.0,38.91
2026-04-16,  Retail Partner  ,Denim Shorts Wide Leg,2.0,65.0,25.86
2026-07-31,  Retail Partner  ,Puffer Jacket Limited Release,-1.0,$180.0,67.59
2026-04-04,  Flagship Store  ,Graphic Zip-Up Hoodie,2.0,95.0,39.06
2026-04-24,  Pop-Up Store Madrid  ,Puffer Jacket Limited Release,-1.0,180.0 €,88.65
2026-05-06,  Flagship Store  ,Boxy Fit Hoodie 500 GSM,1.0,90.0,32.03
2026-06-01,  Flagship Store  ,Cargo Pants Baggy Fit,-1.0,85.0 €,36.21
2026-03-10,  Drop Online Global  ,Cargo Pants Baggy Fit,5.0,$85.0,42.46
2026-05-28,  Pop-Up Store Madrid  ,Puffer Jacket Limited Release,3.0,$180.0,78.51
2026-08-02,  Drop Online Global  ,ASICS GEL-NYC Tech Runner,2.0,$150.0,57.78
2026-01-23,  Flagship Store  ,Boxy Fit Hoodie 500 GSM,1.0,90.0 €,37.04
2026-07-16,  Flagship Store  ,Heavyweight Oversize Tee 300 GSM,1.0,45.0,18.63
2026-06-10,  Flagship Store  ,Boxy Fit Hoodie 500 GSM,1.0,90.0 €,35.88
2026-06-18,  Retail Partner  ,Denim Shorts Wide Leg,-1.0,65.0,24.82
2026-01-26,  Retail Partner  ,Boxy Fit Hoodie 500 GSM,3.0,90.0 €,35.09
2026-02-12,  Drop Online Global  ,Cargo Pants Baggy Fit,-1.0,-45.0,34.34
2026-02-21,  Pop-Up Store Madrid  ,Graphic Zip-Up Hoodie,1.0,95.0,33.3
2026-03-27,  Retail Partner  ,Denim Shorts Wide Leg,5.0,$65.0,24.53
2026-05-17,  Drop Online Global  ,Denim Shorts Wide Leg,,$65.0,25.98
2026-08-02,  Pop-Up Store Madrid  ,Boxy Fit Hoodie 500 GSM,1.0,90.0 €,32.71
2026-05-21,  Pop-Up Store Madrid  ,Denim Shorts Wide Leg,1.0,$65.0,29.21
2026-07-15,  Pop-Up Store Madrid  ,Cargo Pants Baggy Fit,1.0,85.0,34.95
2026-02-23,  Drop Online Global  ,Graphic Zip-Up Hoodie,2.0,95.0,35.46
2026-05-02,  Retail Partner  ,Graphic Zip-Up Hoodie,2.0,$95.0,46.0
2026-02-08,  Flagship Store  ,Graphic Zip-Up Hoodie,5.0,95.0 €,35.95
2026-04-26,  Drop Online Global  ,Denim Shorts Wide Leg,2.0,$65.0,25.35
2026-02-20,  Flagship Store  ,ASICS GEL-NYC Tech Runner,2.0,150.0 €,54.8
2026-04-16,  Retail Partner  ,Boxy Fit Hoodie 500 GSM,1.0,90.0 €,41.56
2026-01-28,  Drop Online Global  ,ASICS GEL-NYC Tech Runner,1.0,$150.0,57.61
2026-06-20,  Retail Partner  ,Puffer Jacket Limited Release,1.0,$180.0,73.64
2026-01-10,  Pop-Up Store Madrid  ,ASICS GEL-NYC Tech Runner,2.0,$150.0,73.25
2026-04-01,  Drop Online Global  ,Heavyweight Oversize Tee 300 GSM,-1.0,-45.0,21.16
2026-03-25,  Retail Partner  ,Boxy Fit Hoodie 500 GSM,1.0,$90.0,38.35
2026-07-29,  Flagship Store  ,New Balance 990v3 Made in USA,,$220.0,97.32
2026-04-04,  Flagship Store  ,Cargo Pants Baggy Fit,1.0,$85.0,40.13
2026-03-11,  Retail Partner  ,Cargo Pants Baggy Fit,1.0,$85.0,41.73
2026-07-16,  Drop Online Global  ,Graphic Zip-Up Hoodie,5.0,95.0 €,37.43
2026-06-29,  Drop Online Global  ,Boxy Fit Hoodie 500 GSM,1.0,90.0 €,31.87
2026-05-28,  Retail Partner  ,Boxy Fit Hoodie 500 GSM,1.0,90.0 €,41.32
2026-08-03,  Flagship Store  ,Graphic Zip-Up Hoodie,-1.0,$95.0,41.54
2026-07-02,  Drop Online Global  ,Graphic Zip-Up Hoodie,1.0,95.0,35.97
2026-02-18,  Drop Online Global  ,New Balance 990v3 Made in USA,1.0,$220.0,104.42
2026-07-22,  Pop-Up Store Madrid  ,New Balance 990v3 Made in USA,3.0,$220.0,98.53
2026-01-31,  Drop Online Global  ,Denim Shorts Wide Leg,1.0,$65.0,31.65
2026-06-09,  Drop Online Global  ,ASICS GEL-NYC Tech Runner,1.0,150.0 €,59.92
2026-01-25,  Drop Online Global  ,New Balance 990v3 Made in USA,1.0,220.0 €,83.88
2026-01-22,  Retail Partner  ,Heavyweight Oversize Tee 300 GSM,,45.0,16.28
2026-02-18,  Flagship Store  ,Heavyweight Oversize Tee 300 GSM,1.0,45.0 €,18.85
2026-06-23,  Flagship Store  ,Denim Shorts Wide Leg,2.0,65.0,30.25
2026-04-26,  Flagship Store  ,New Balance 990v3 Made in USA,3.0,$220.0,108.54
2026-04-08,  Flagship Store  ,Denim Shorts Wide Leg,3.0,65.0,30.15
2026-02-18,  Pop-Up Store Madrid  ,Heavyweight Oversize Tee 300 GSM,-1.0,$45.0,20.16
2026-02-18,  Drop Online Global  ,Puffer Jacket Limited Release,1.0,180.0 €,66.72
2026-03-21,  Flagship Store  ,Denim Shorts Wide Leg,1.0,65.0,22.98
2026-07-01,  Pop-Up Store Madrid  ,Cargo Pants Baggy Fit,3.0,$85.0,41.32
2026-07-15,  Drop Online Global  ,Boxy Fit Hoodie 500 GSM,1.0,90.0 €,36.68
2026-08-01,  Pop-Up Store Madrid  ,Graphic Zip-Up Hoodie,1.0,$95.0,36.68
2026-01-26,  Pop-Up Store Madrid  ,Boxy Fit Hoodie 500 GSM,1.0,$90.0,33.21
2026-02-04,  Flagship Store  ,Heavyweight Oversize Tee 300 GSM,2.0,$45.0,20.52
2026-02-10,  Retail Partner  ,Denim Shorts Wide Leg,1.0,65.0 €,27.37
2026-06-21,  Retail Partner  ,Cargo Pants Baggy Fit,1.0,85.0 €,39.98
2026-01-06,  Drop Online Global  ,New Balance 990v3 Made in USA,2.0,220.0,101.27
2026-02-22,  Retail Partner  ,ASICS GEL-NYC Tech Runner,2.0,150.0 €,70.51
2026-02-26,  Pop-Up Store Madrid  ,Denim Shorts Wide Leg,-1.0,$65.0,24.54
2026-07-30,  Drop Online Global  ,Puffer Jacket Limited Release,,180.0,66.64
2026-07-11,  Flagship Store  ,Heavyweight Oversize Tee 300 GSM,-1.0,45.0 €,19.64
2026-02-23,  Drop Online Global  ,Cargo Pants Baggy Fit,3.0,85.0 €,37.49
2026-03-26,  Pop-Up Store Madrid  ,New Balance 990v3 Made in USA,1.0,$220.0,78.49
2026-06-06,  Flagship Store  ,Heavyweight Oversize Tee 300 GSM,1.0,45.0,16.51
2026-02-26,  Pop-Up Store Madrid  ,Denim Shorts Wide Leg,-1.0,65.0 €,31.73
2026-06-03,  Flagship Store  ,Denim Shorts Wide Leg,3.0,65.0 €,32.12
2026-01-08,  Flagship Store  ,Cargo Pants Baggy Fit,3.0,$85.0,34.86
2026-02-09,  Drop Online Global  ,New Balance 990v3 Made in USA,3.0,220.0 €,82.71
2026-01-03,  Retail Partner  ,Boxy Fit Hoodie 500 GSM,2.0,90.0 €,35.44
2026-02-25,  Drop Online Global  ,Graphic Zip-Up Hoodie,1.0,95.0,40.91
2026-03-06,  Pop-Up Store Madrid  ,ASICS GEL-NYC Tech Runner,5.0,150.0 €,55.69
2026-05-13,  Flagship Store  ,Cargo Pants Baggy Fit,-1.0,$85.0,35.37
2026-04-08,  Flagship Store  ,New Balance 990v3 Made in USA,3.0,$220.0,101.69
2026-07-19,  Drop Online Global  ,Cargo Pants Baggy Fit,3.0,$85.0,31.71
2026-07-11,  Drop Online Global  ,New Balance 990v3 Made in USA,,-45.0,83.87
2026-04-30,  Drop Online Global  ,ASICS GEL-NYC Tech Runner,1.0,$150.0,59.57
2026-03-06,  Flagship Store  ,Boxy Fit Hoodie 500 GSM,,$90.0,39.45
2026-03-15,  Retail Partner  ,Denim Shorts Wide Leg,1.0,65.0,29.61
2026-06-23,  Retail Partner  ,Puffer Jacket Limited Release,1.0,180.0 €,63.58
2026-06-26,  Pop-Up Store Madrid  ,Boxy Fit Hoodie 500 GSM,2.0,$90.0,42.71
2026-07-29,  Pop-Up Store Madrid  ,ASICS GEL-NYC Tech Runner,1.0,150.0 €,61.81
2026-05-12,  Retail Partner  ,ASICS GEL-NYC Tech Runner,1.0,$150.0,64.05
2026-02-26,  Pop-Up Store Madrid  ,Heavyweight Oversize Tee 300 GSM,3.0,45.0,19.54
2026-01-06,  Drop Online Global  ,Heavyweight Oversize Tee 300 GSM,2.0,45.0,21.93
2026-01-01,  Flagship Store  ,Heavyweight Oversize Tee 300 GSM,,$45.0,17.16
2026-02-24,  Flagship Store  ,New Balance 990v3 Made in USA,5.0,220.0 €,102.74
2026-06-26,  Flagship Store  ,Cargo Pants Baggy Fit,1.0,85.0,36.64
2026-03-06,  Flagship Store  ,Puffer Jacket Limited Release,1.0,180.0,63.19
2026-05-01,  Drop Online Global  ,Cargo Pants Baggy Fit,1.0,$85.0,40.84
2026-05-12,  Pop-Up Store Madrid  ,Denim Shorts Wide Leg,1.0,$65.0,28.07
2026-03-22,  Flagship Store  ,Graphic Zip-Up Hoodie,3.0,$95.0,35.46
2026-04-16,  Retail Partner  ,Heavyweight Oversize Tee 300 GSM,1.0,45.0,21.62
2026-03-03,  Flagship Store  ,Graphic Zip-Up Hoodie,1.0,95.0,47.43
2026-07-24,  Drop Online Global  ,Cargo Pants Baggy Fit,-1.0,$85.0,39.42
2026-02-09,  Pop-Up Store Madrid  ,Graphic Zip-Up Hoodie,,95.0,34.35
2026-06-30,  Flagship Store  ,Puffer Jacket Limited Release,1.0,180.0 €,71.7
2026-05-26,  Retail Partner  ,Heavyweight Oversize Tee 300 GSM,5.0,45.0,21.54
2026-06-08,  Flagship Store  ,Graphic Zip-Up Hoodie,1.0,95.0 €,43.3
2026-07-31,  Drop Online Global  ,Denim Shorts Wide Leg,,$65.0,24.96
2026-02-05,  Retail Partner  ,Boxy Fit Hoodie 500 GSM,1.0,90.0 €,32.45
2026-05-17,  Retail Partner  ,ASICS GEL-NYC Tech Runner,1.0,$150.0,59.63
2026-01-19,  Flagship Store  ,New Balance 990v3 Made in USA,5.0,$220.0,92.94
2026-06-13,  Retail Partner  ,Denim Shorts Wide Leg,2.0,65.0 €,25.0
2026-06-07,  Retail Partner  ,New Balance 990v3 Made in USA,1.0,220.0 €,79.5
2026-01-31,  Pop-Up Store Madrid  ,ASICS GEL-NYC Tech Runner,,$150.0,60.26
2026-01-22,  Flagship Store  ,New Balance 990v3 Made in USA,,220.0 €,88.73
2026-01-02,  Retail Partner  ,Heavyweight Oversize Tee 300 GSM,3.0,$45.0,19.18
2026-05-20,  Drop Online Global  ,Puffer Jacket Limited Release,1.0,$180.0,68.56
2026-06-17,  Pop-Up Store Madrid  ,Puffer Jacket Limited Release,1.0,$180.0,65.83
2026-04-08,  Flagship Store  ,Graphic Zip-Up Hoodie,,95.0,36.01
2026-04-12,  Flagship Store  ,Graphic Zip-Up Hoodie,3.0,-45.0,34.47
2026-02-06,  Drop Online Global  ,Boxy Fit Hoodie 500 GSM,3.0,90.0 €,36.15
2026-02-10,  Flagship Store  ,ASICS GEL-NYC Tech Runner,2.0,150.0,67.89
2026-07-06,  Flagship Store  ,New Balance 990v3 Made in USA,5.0,220.0,108.25
2026-05-14,  Drop Online Global  ,Boxy Fit Hoodie 500 GSM,1.0,90.0 €,36.47
2026-05-10,  Flagship Store  ,ASICS GEL-NYC Tech Runner,1.0,150.0,67.54
2026-05-07,  Drop Online Global  ,Puffer Jacket Limited Release,1.0,180.0,72.71
2026-04-08,  Pop-Up Store Madrid  ,Puffer Jacket Limited Release,2.0,180.0,72.29
2026-06-05,  Flagship Store  ,Cargo Pants Baggy Fit,2.0,85.0 €,33.21
2026-07-31,  Pop-Up Store Madrid  ,Boxy Fit Hoodie 500 GSM,1.0,$90.0,44.74
2026-07-06,  Flagship Store  ,New Balance 990v3 Made in USA,1.0,$220.0,83.99
2026-07-15,  Drop Online Global  ,Graphic Zip-Up Hoodie,2.0,95.0 €,38.04
2026-05-30,  Retail Partner  ,Denim Shorts Wide Leg,2.0,65.0,31.69
2026-01-25,  Pop-Up Store Madrid  ,Puffer Jacket Limited Release,1.0,180.0 €,88.66
2026-03-24,  Retail Partner  ,ASICS GEL-NYC Tech Runner,-1.0,150.0 €,66.47
2026-04-25,  Pop-Up Store Madrid  ,Graphic Zip-Up Hoodie,-1.0,$95.0,34.98
2026-03-14,  Drop Online Global  ,Heavyweight Oversize Tee 300 GSM,-1.0,$45.0,17.25
2026-01-24,  Drop Online Global  ,Graphic Zip-Up Hoodie,5.0,$95.0,37.93
2026-07-23,  Drop Online Global  ,Heavyweight Oversize Tee 300 GSM,2.0,$45.0,16.88
2026-01-20,  Retail Partner  ,Heavyweight Oversize Tee 300 GSM,-1.0,45.0 €,18.37
2026-04-02,  Flagship Store  ,Cargo Pants Baggy Fit,,$85.0,30.79
2026-06-21,  Flagship Store  ,New Balance 990v3 Made in USA,5.0,$220.0,100.86
2026-07-23,  Flagship Store  ,Heavyweight Oversize Tee 300 GSM,3.0,$45.0,18.02
2026-02-01,  Flagship Store  ,Puffer Jacket Limited Release,3.0,$180.0,88.62
2026-02-01,  Drop Online Global  ,Boxy Fit Hoodie 500 GSM,,90.0 €,34.51
2026-01-03,  Flagship Store  ,Heavyweight Oversize Tee 300 GSM,-1.0,45.0 €,18.59
2026-04-23,  Pop-Up Store Madrid  ,Denim Shorts Wide Leg,1.0,$65.0,25.58
2026-07-14,  Pop-Up Store Madrid  ,Denim Shorts Wide Leg,1.0,$65.0,22.95
2026-07-12,  Drop Online Global  ,Graphic Zip-Up Hoodie,2.0,95.0,33.79
2026-04-19,  Flagship Store  ,New Balance 990v3 Made in USA,5.0,$220.0,103.23
2026-03-25,  Pop-Up Store Madrid  ,Puffer Jacket Limited Release,2.0,$180.0,77.57
2026-01-23,  Retail Partner  ,Graphic Zip-Up Hoodie,1.0,95.0 €,44.84
2026-08-03,  Flagship Store  ,New Balance 990v3 Made in USA,1.0,220.0 €,86.91
2026-04-19,  Flagship Store  ,Denim Shorts Wide Leg,1.0,$65.0,26.33
2026-03-27,  Drop Online Global  ,Puffer Jacket Limited Release,,180.0,78.46
2026-03-20,  Flagship Store  ,Cargo Pants Baggy Fit,2.0,85.0 €,32.28
2026-04-18,  Flagship Store  ,Heavyweight Oversize Tee 300 GSM,1.0,$45.0,21.78
2026-06-30,  Pop-Up Store Madrid  ,Denim Shorts Wide Leg,1.0,-45.0,30.82
2026-06-11,  Pop-Up Store Madrid  ,Cargo Pants Baggy Fit,1.0,$85.0,40.19
2026-06-08,  Pop-Up Store Madrid  ,Denim Shorts Wide Leg,5.0,65.0,27.39
2026-05-08,  Pop-Up Store Madrid  ,Cargo Pants Baggy Fit,,$85.0,33.09
2026-01-01,  Flagship Store  ,Boxy Fit Hoodie 500 GSM,1.0,$90.0,38.94
2026-05-29,  Flagship Store  ,Denim Shorts Wide Leg,5.0,65.0 €,27.52
2026-04-14,  Pop-Up Store Madrid  ,Heavyweight Oversize Tee 300 GSM,1.0,45.0 €,16.86
2026-01-05,  Flagship Store  ,Heavyweight Oversize Tee 300 GSM,,$45.0,18.85
2026-07-06,  Pop-Up Store Madrid  ,ASICS GEL-NYC Tech Runner,1.0,150.0 €,57.87
2026-07-09,  Pop-Up Store Madrid  ,ASICS GEL-NYC Tech Runner,1.0,150.0,72.3
2026-03-20,  Retail Partner  ,Cargo Pants Baggy Fit,1.0,-45.0,37.05
2026-05-05,  Flagship Store  ,Boxy Fit Hoodie 500 GSM,2.0,90.0 €,33.3
2026-04-27,  Drop Online Global  ,ASICS GEL-NYC Tech Runner,3.0,150.0 €,54.88
2026-08-01,  Pop-Up Store Madrid  ,New Balance 990v3 Made in USA,5.0,$220.0,104.97
2026-01-18,  Retail Partner  ,ASICS GEL-NYC Tech Runner,3.0,150.0,59.97
2026-05-03,  Flagship Store  ,Heavyweight Oversize Tee 300 GSM,,45.0,21.3
2026-05-29,  Flagship Store  ,Boxy Fit Hoodie 500 GSM,1.0,90.0 €,32.08
2026-04-20,  Drop Online Global  ,Puffer Jacket Limited Release,,180.0,75.6
2026-06-24,  Drop Online Global  ,Graphic Zip-Up Hoodie,1.0,95.0 €,39.42
2026-07-01,  Flagship Store  ,New Balance 990v3 Made in USA,,$220.0,87.72
2026-06-09,  Flagship Store  ,Boxy Fit Hoodie 500 GSM,2.0,-45.0,34.44
2026-01-15,  Retail Partner  ,Cargo Pants Baggy Fit,1.0,-45.0,33.7
2026-05-02,  Flagship Store  ,New Balance 990v3 Made in USA,1.0,$220.0,88.15
2026-05-13,  Drop Online Global  ,Puffer Jacket Limited Release,2.0,180.0,70.95
2026-05-10,  Flagship Store  ,ASICS GEL-NYC Tech Runner,2.0,150.0,65.53
2026-01-18,  Flagship Store  ,Cargo Pants Baggy Fit,1.0,-45.0,36.7
2026-03-07,  Drop Online Global  ,New Balance 990v3 Made in USA,3.0,220.0 €,100.04
2026-01-16,  Retail Partner  ,New Balance 990v3 Made in USA,,220.0 €,100.97
2026-05-19,  Pop-Up Store Madrid  ,Graphic Zip-Up Hoodie,1.0,95.0 €,43.92
2026-01-31,  Drop Online Global  ,Heavyweight Oversize Tee 300 GSM,1.0,45.0,20.44
2026-05-09,  Pop-Up Store Madrid  ,Puffer Jacket Limited Release,,180.0 €,67.71
2026-07-28,  Drop Online Global  ,Graphic Zip-Up Hoodie,1.0,95.0,38.29
2026-06-16,  Retail Partner  ,Puffer Jacket Limited Release,-1.0,$180.0,82.64
2026-04-29,  Flagship Store  ,Denim Shorts Wide Leg,5.0,65.0,32.49
2026-04-24,  Drop Online Global  ,Boxy Fit Hoodie 500 GSM,,90.0,35.64
2026-02-25,  Pop-Up Store Madrid  ,Puffer Jacket Limited Release,,$180.0,88.44
2026-02-12,  Pop-Up Store Madrid  ,New Balance 990v3 Made in USA,1.0,220.0 €,81.75
2026-04-03,  Retail Partner  ,ASICS GEL-NYC Tech Runner,3.0,150.0 €,55.76
2026-01-06,  Flagship Store  ,Puffer Jacket Limited Release,,180.0,65.94
2026-05-01,  Flagship Store  ,Boxy Fit Hoodie 500 GSM,1.0,$90.0,38.84
2026-03-05,  Pop-Up Store Madrid  ,Cargo Pants Baggy Fit,1.0,$85.0,37.29
2026-02-11,  Pop-Up Store Madrid  ,Puffer Jacket Limited Release,1.0,180.0,67.73
2026-02-18,  Drop Online Global  ,Graphic Zip-Up Hoodie,-1.0,$95.0,33.65
2026-01-18,  Retail Partner  ,Denim Shorts Wide Leg,-1.0,65.0 €,23.83
2026-03-03,  Flagship Store  ,ASICS GEL-NYC Tech Runner,5.0,$150.0,64.41
2026-03-27,  Flagship Store  ,Denim Shorts Wide Leg,-1.0,-45.0,29.86
2026-06-25,  Drop Online Global  ,Heavyweight Oversize Tee 300 GSM,5.0,$45.0,20.17
2026-05-11,  Pop-Up Store Madrid  ,Cargo Pants Baggy Fit,1.0,85.0 €,30.85
2026-05-13,  Retail Partner  ,Denim Shorts Wide Leg,5.0,65.0 €,23.75
2026-04-15,  Drop Online Global  ,Graphic Zip-Up Hoodie,1.0,95.0,41.73
2026-05-27,  Drop Online Global  ,Heavyweight Oversize Tee 300 GSM,1.0,45.0,17.7
2026-06-04,  Drop Online Global  ,Puffer Jacket Limited Release,,$180.0,73.01
2026-02-23,  Pop-Up Store Madrid  ,Boxy Fit Hoodie 500 GSM,1.0,$90.0,38.0
2026-01-16,  Flagship Store  ,Graphic Zip-Up Hoodie,1.0,$95.0,42.76
2026-07-20,  Drop Online Global  ,Graphic Zip-Up Hoodie,1.0,95.0,33.55
2026-04-02,  Flagship Store  ,Cargo Pants Baggy Fit,1.0,$85.0,30.64
2026-04-06,  Flagship Store  ,Graphic Zip-Up Hoodie,-1.0,95.0,37.84
2026-07-29,  Flagship Store  ,Graphic Zip-Up Hoodie,-1.0,95.0 €,40.64
2026-02-20,  Drop Online Global  ,Graphic Zip-Up Hoodie,2.0,$95.0,41.58
2026-03-07,  Flagship Store  ,New Balance 990v3 Made in USA,5.0,$220.0,80.11
2026-08-05,  Pop-Up Store Madrid  ,Heavyweight Oversize Tee 300 GSM,1.0,45.0,21.88
2026-04-17,  Retail Partner  ,New Balance 990v3 Made in USA,5.0,$220.0,84.27
2026-05-22,  Pop-Up Store Madrid  ,New Balance 990v3 Made in USA,1.0,220.0,94.9
2026-06-04,  Flagship Store  ,Graphic Zip-Up Hoodie,1.0,95.0 €,35.79
2026-04-25,  Flagship Store  ,Graphic Zip-Up Hoodie,1.0,95.0,34.69
2026-05-28,  Pop-Up Store Madrid  ,ASICS GEL-NYC Tech Runner,,$150.0,72.8
2026-06-09,  Drop Online Global  ,Denim Shorts Wide Leg,5.0,-45.0,32.38
2026-04-18,  Pop-Up Store Madrid  ,Graphic Zip-Up Hoodie,1.0,95.0 €,35.75
2026-06-02,  Retail Partner  ,Boxy Fit Hoodie 500 GSM,,90.0,34.56
2026-03-15,  Drop Online Global  ,Heavyweight Oversize Tee 300 GSM,1.0,45.0,20.34
2026-05-29,  Retail Partner  ,Puffer Jacket Limited Release,5.0,180.0 €,84.42
2026-05-15,  Drop Online Global  ,Graphic Zip-Up Hoodie,1.0,95.0,42.33
2026-04-25,  Drop Online Global  ,Cargo Pants Baggy Fit,1.0,85.0,41.1
2026-01-06,  Pop-Up Store Madrid  ,Cargo Pants Baggy Fit,2.0,$85.0,41.06
2026-08-03,  Pop-Up Store Madrid  ,Cargo Pants Baggy Fit,5.0,85.0,30.03
2026-03-30,  Flagship Store  ,ASICS GEL-NYC Tech Runner,1.0,$150.0,68.56
2026-06-30,  Retail Partner  ,ASICS GEL-NYC Tech Runner,1.0,150.0 €,57.44
2026-08-08,  Retail Partner  ,Puffer Jacket Limited Release,5.0,180.0 €,75.32
2026-04-02,  Drop Online Global  ,New Balance 990v3 Made in USA,1.0,220.0 €,93.46
2026-07-12,  Pop-Up Store Madrid  ,New Balance 990v3 Made in USA,2.0,220.0,100.63
2026-06-28,  Retail Partner  ,Cargo Pants Baggy Fit,3.0,85.0 €,33.04
2026-01-17,  Flagship Store  ,ASICS GEL-NYC Tech Runner,1.0,150.0 €,73.5
2026-08-07,  Pop-Up Store Madrid  ,ASICS GEL-NYC Tech Runner,1.0,150.0 €,66.63
2026-07-31,  Flagship Store  ,New Balance 990v3 Made in USA,-1.0,220.0 €,108.06
2026-03-03,  Drop Online Global  ,Denim Shorts Wide Leg,,65.0,25.99
2026-04-04,  Drop Online Global  ,Heavyweight Oversize Tee 300 GSM,5.0,45.0 €,18.18
2026-03-09,  Drop Online Global  ,Boxy Fit Hoodie 500 GSM,5.0,-45.0,38.82
2026-03-24,  Flagship Store  ,Puffer Jacket Limited Release,,180.0 €,86.14
2026-06-22,  Retail Partner  ,Puffer Jacket Limited Release,-1.0,$180.0,84.28
2026-05-25,  Retail Partner  ,New Balance 990v3 Made in USA,2.0,220.0 €,94.88
2026-07-13,  Retail Partner  ,Denim Shorts Wide Leg,5.0,$65.0,30.47
2026-07-26,  Pop-Up Store Madrid  ,Boxy Fit Hoodie 500 GSM,3.0,90.0 €,44.93
2026-03-08,  Pop-Up Store Madrid  ,New Balance 990v3 Made in USA,3.0,$220.0,99.12
2026-07-22,  Flagship Store  ,Heavyweight Oversize Tee 300 GSM,5.0,45.0,18.66
2026-01-14,  Pop-Up Store Madrid  ,Denim Shorts Wide Leg,-1.0,65.0 €,30.52
2026-03-08,  Drop Online Global  ,Heavyweight Oversize Tee 300 GSM,3.0,45.0 €,18.78
2026-01-05,  Retail Partner  ,Denim Shorts Wide Leg,3.0,65.0 €,23.94
2026-06-10,  Drop Online Global  ,Heavyweight Oversize Tee 300 GSM,3.0,45.0 €,20.13
2026-06-16,  Retail Partner  ,Cargo Pants Baggy Fit,-1.0,85.0,35.05
2026-01-26,  Retail Partner  ,Boxy Fit Hoodie 500 GSM,1.0,90.0,34.24
2026-02-01,  Flagship Store  ,Graphic Zip-Up Hoodie,5.0,95.0 €,44.09
2026-03-27,  Drop Online Global  ,Boxy Fit Hoodie 500 GSM,1.0,$90.0,36.89
2026-04-15,  Flagship Store  ,Heavyweight Oversize Tee 300 GSM,1.0,45.0 €,15.86
2026-01-24,  Flagship Store  ,Graphic Zip-Up Hoodie,2.0,95.0 €,44.39
2026-04-28,  Drop Online Global  ,Boxy Fit Hoodie 500 GSM,1.0,-45.0,37.35
2026-01-22,  Pop-Up Store Madrid  ,ASICS GEL-NYC Tech Runner,1.0,$150.0,65.86
2026-02-22,  Drop Online Global  ,Denim Shorts Wide Leg,1.0,65.0,31.83
2026-04-17,  Flagship Store  ,Denim Shorts Wide Leg,1.0,65.0 €,28.54
2026-02-18,  Pop-Up Store Madrid  ,ASICS GEL-NYC Tech Runner,1.0,150.0 €,74.96
2026-04-24,  Pop-Up Store Madrid  ,Cargo Pants Baggy Fit,1.0,$85.0,31.2
2026-02-09,  Drop Online Global  ,Graphic Zip-Up Hoodie,3.0,95.0 €,33.32
2026-04-13,  Flagship Store  ,Heavyweight Oversize Tee 300 GSM,1.0,45.0 €,17.42
2026-05-17,  Drop Online Global  ,Boxy Fit Hoodie 500 GSM,2.0,$90.0,36.02
2026-08-07,  Flagship Store  ,Boxy Fit Hoodie 500 GSM,3.0,90.0,33.32
2026-05-29,  Flagship Store  ,Heavyweight Oversize Tee 300 GSM,1.0,$45.0,17.02
2026-02-07,  Drop Online Global  ,ASICS GEL-NYC Tech Runner,3.0,150.0 €,67.04
2026-05-07,  Retail Partner  ,Graphic Zip-Up Hoodie,1.0,95.0,45.25
2026-02-07,  Retail Partner  ,Boxy Fit Hoodie 500 GSM,1.0,$90.0,40.84
2026-04-21,  Retail Partner  ,Graphic Zip-Up Hoodie,1.0,$95.0,41.45
2026-07-18,  Drop Online Global  ,New Balance 990v3 Made in USA,3.0,220.0,84.08
2026-06-28,  Flagship Store  ,ASICS GEL-NYC Tech Runner,3.0,$150.0,64.96
2026-06-03,  Drop Online Global  ,Denim Shorts Wide Leg,5.0,65.0,23.79
2026-02-09,  Retail Partner  ,New Balance 990v3 Made in USA,5.0,220.0,77.83
2026-01-26,  Flagship Store  ,Cargo Pants Baggy Fit,1.0,85.0 €,35.66
2026-01-18,  Retail Partner  ,ASICS GEL-NYC Tech Runner,3.0,150.0,61.06
2026-07-28,  Retail Partner  ,Cargo Pants Baggy Fit,1.0,85.0,30.27
2026-06-28,  Drop Online Global  ,Denim Shorts Wide Leg,-1.0,$65.0,28.43
2026-05-24,  Retail Partner  ,New Balance 990v3 Made in USA,2.0,$220.0,101.08
2026-04-02,  Pop-Up Store Madrid  ,Puffer Jacket Limited Release,1.0,180.0 €,85.33
2026-07-20,  Retail Partner  ,Boxy Fit Hoodie 500 GSM,1.0,90.0,43.39
2026-01-11,  Pop-Up Store Madrid  ,Cargo Pants Baggy Fit,,85.0,34.65
2026-01-11,  Flagship Store  ,Cargo Pants Baggy Fit,2.0,$85.0,34.12
2026-03-23,  Retail Partner  ,ASICS GEL-NYC Tech Runner,2.0,150.0 €,54.75
2026-03-09,  Flagship Store  ,Denim Shorts Wide Leg,1.0,65.0,24.28
2026-01-27,  Pop-Up Store Madrid  ,ASICS GEL-NYC Tech Runner,,150.0 €,72.64
2026-04-05,  Flagship Store  ,Puffer Jacket Limited Release,-1.0,$180.0,65.89
2026-04-04,  Pop-Up Store Madrid  ,Cargo Pants Baggy Fit,1.0,-45.0,32.58
2026-05-02,  Retail Partner  ,Graphic Zip-Up Hoodie,3.0,95.0 €,45.0
2026-05-04,  Flagship Store  ,Boxy Fit Hoodie 500 GSM,1.0,90.0,39.93
2026-05-10,  Flagship Store  ,Puffer Jacket Limited Release,,$180.0,72.2
2026-01-15,  Retail Partner  ,New Balance 990v3 Made in USA,1.0,220.0 €,105.55
2026-08-05,  Pop-Up Store Madrid  ,Heavyweight Oversize Tee 300 GSM,5.0,$45.0,19.69
2026-05-02,  Pop-Up Store Madrid  ,Puffer Jacket Limited Release,1.0,$180.0,77.81
2026-06-22,  Pop-Up Store Madrid  ,New Balance 990v3 Made in USA,1.0,220.0,109.0
2026-02-25,  Pop-Up Store Madrid  ,Puffer Jacket Limited Release,,180.0,77.89
2026-07-15,  Flagship Store  ,Boxy Fit Hoodie 500 GSM,1.0,90.0,37.43
2026-01-01,  Drop Online Global  ,Denim Shorts Wide Leg,5.0,65.0 €,31.38
2026-07-13,  Drop Online Global  ,ASICS GEL-NYC Tech Runner,5.0,150.0 €,74.11
2026-01-20,  Retail Partner  ,Heavyweight Oversize Tee 300 GSM,3.0,$45.0,17.78
2026-07-05,  Flagship Store  ,New Balance 990v3 Made in USA,1.0,220.0 €,91.78
2026-08-03,  Flagship Store  ,Cargo Pants Baggy Fit,-1.0,85.0 €,37.0
2026-03-21,  Retail Partner  ,Boxy Fit Hoodie 500 GSM,1.0,90.0,44.08
2026-07-25,  Retail Partner  ,New Balance 990v3 Made in USA,,$220.0,98.16
2026-01-23,  Retail Partner  ,Puffer Jacket Limited Release,2.0,$180.0,78.37
2026-06-26,  Drop Online Global  ,ASICS GEL-NYC Tech Runner,1.0,$150.0,55.38
2026-04-11,  Retail Partner  ,Graphic Zip-Up Hoodie,1.0,$95.0,38.87
2026-07-12,  Flagship Store  ,Puffer Jacket Limited Release,5.0,$180.0,75.3
2026-03-21,  Drop Online Global  ,Boxy Fit Hoodie 500 GSM,3.0,$90.0,42.69
2026-06-06,  Retail Partner  ,Puffer Jacket Limited Release,1.0,$180.0,88.3
2026-05-16,  Drop Online Global  ,New Balance 990v3 Made in USA,1.0,220.0 €,102.31
2026-07-03,  Drop Online Global  ,Puffer Jacket Limited Release,2.0,180.0 €,73.61
2026-06-14,  Drop Online Global  ,Cargo Pants Baggy Fit,1.0,85.0,41.67
2026-03-16,  Drop Online Global  ,Boxy Fit Hoodie 500 GSM,3.0,90.0,44.48
2026-03-19,  Flagship Store  ,Denim Shorts Wide Leg,1.0,65.0,31.22
2026-01-31,  Pop-Up Store Madrid  ,Denim Shorts Wide Leg,1.0,65.0 €,27.02
2026-01-04,  Pop-Up Store Madrid  ,Graphic Zip-Up Hoodie,1.0,95.0 €,37.9
2026-07-29,  Retail Partner  ,Boxy Fit Hoodie 500 GSM,3.0,90.0,32.28
2026-07-01,  Retail Partner  ,ASICS GEL-NYC Tech Runner,2.0,150.0,63.09
2026-07-12,  Drop Online Global  ,Graphic Zip-Up Hoodie,5.0,95.0,39.39
2026-06-23,  Drop Online Global  ,Cargo Pants Baggy Fit,-1.0,85.0,33.76
2026-01-12,  Drop Online Global  ,Boxy Fit Hoodie 500 GSM,,$90.0,41.0
2026-08-06,  Flagship Store  ,Boxy Fit Hoodie 500 GSM,2.0,90.0 €,36.45
2026-04-27,  Pop-Up Store Madrid  ,Puffer Jacket Limited Release,-1.0,180.0 €,76.06
2026-04-11,  Pop-Up Store Madrid  ,New Balance 990v3 Made in USA,1.0,$220.0,84.06
2026-03-13,  Pop-Up Store Madrid  ,ASICS GEL-NYC Tech Runner,1.0,$150.0,69.7
2026-02-12,  Drop Online Global  ,New Balance 990v3 Made in USA,1.0,220.0 €,104.63
2026-02-17,  Drop Online Global  ,ASICS GEL-NYC Tech Runner,3.0,150.0 €,64.89
2026-03-22,  Pop-Up Store Madrid  ,Denim Shorts Wide Leg,-1.0,$65.0,23.96
2026-03-18,  Pop-Up Store Madrid  ,Puffer Jacket Limited Release,2.0,180.0 €,75.84
2026-06-29,  Retail Partner  ,Graphic Zip-Up Hoodie,1.0,$95.0,36.82
2026-02-17,  Retail Partner  ,ASICS GEL-NYC Tech Runner,3.0,150.0 €,71.8
2026-04-29,  Flagship Store  ,Heavyweight Oversize Tee 300 GSM,3.0,$45.0,19.4
2026-04-17,  Drop Online Global  ,New Balance 990v3 Made in USA,1.0,$220.0,101.19
2026-03-03,  Pop-Up Store Madrid  ,Heavyweight Oversize Tee 300 GSM,1.0,45.0 €,20.23
2026-01-20,  Flagship Store  ,Cargo Pants Baggy Fit,1.0,-45.0,41.31
2026-05-02,  Flagship Store  ,Denim Shorts Wide Leg,3.0,$65.0,25.51
2026-05-17,  Pop-Up Store Madrid  ,Puffer Jacket Limited Release,,180.0,80.92
2026-04-17,  Pop-Up Store Madrid  ,Cargo Pants Baggy Fit,2.0,85.0,31.61
2026-05-10,  Drop Online Global  ,Puffer Jacket Limited Release,,$180.0,80.33
2026-05-25,  Pop-Up Store Madrid  ,Cargo Pants Baggy Fit,2.0,$85.0,36.92
2026-05-17,  Pop-Up Store Madrid  ,Boxy Fit Hoodie 500 GSM,1.0,90.0 €,32.09
2026-06-21,  Retail Partner  ,Graphic Zip-Up Hoodie,3.0,95.0 €,46.83
2026-04-04,  Drop Online Global  ,Boxy Fit Hoodie 500 GSM,1.0,90.0,39.8
2026-08-05,  Flagship Store  ,Denim Shorts Wide Leg,2.0,65.0,24.32
2026-05-27,  Pop-Up Store Madrid  ,ASICS GEL-NYC Tech Runner,,150.0 €,52.69
2026-03-19,  Pop-Up Store Madrid  ,Graphic Zip-Up Hoodie,-1.0,$95.0,38.69
2026-04-24,  Flagship Store  ,Puffer Jacket Limited Release,5.0,$180.0,72.91
2026-05-25,  Pop-Up Store Madrid  ,Denim Shorts Wide Leg,1.0,65.0,26.15
2026-03-27,  Drop Online Global  ,Boxy Fit Hoodie 500 GSM,2.0,$90.0,43.7
2026-01-30,  Pop-Up Store Madrid  ,Heavyweight Oversize Tee 300 GSM,1.0,45.0,20.96
2026-06-17,  Retail Partner  ,New Balance 990v3 Made in USA,2.0,220.0 €,96.74
2026-03-07,  Pop-Up Store Madrid  ,Puffer Jacket Limited Release,1.0,180.0 €,75.28
2026-03-30,  Retail Partner  ,New Balance 990v3 Made in USA,1.0,220.0 €,94.91
2026-02-14,  Pop-Up Store Madrid  ,New Balance 990v3 Made in USA,1.0,$220.0,104.88
2026-01-14,  Pop-Up Store Madrid  ,Puffer Jacket Limited Release,2.0,180.0 €,71.19
2026-05-11,  Pop-Up Store Madrid  ,Denim Shorts Wide Leg,2.0,$65.0,23.17
2026-05-08,  Drop Online Global  ,Heavyweight Oversize Tee 300 GSM,-1.0,$45.0,16.16
2026-05-03,  Flagship Store  ,Graphic Zip-Up Hoodie,3.0,95.0,42.07
2026-06-26,  Drop Online Global  ,Heavyweight Oversize Tee 300 GSM,2.0,$45.0,22.4
2026-07-13,  Drop Online Global  ,Graphic Zip-Up Hoodie,3.0,95.0,39.47
2026-04-12,  Drop Online Global  ,Cargo Pants Baggy Fit,5.0,85.0,37.69
2026-03-15,  Drop Online Global  ,Puffer Jacket Limited Release,2.0,180.0,85.49
2026-04-21,  Retail Partner  ,Heavyweight Oversize Tee 300 GSM,1.0,$45.0,17.76
2026-04-23,  Pop-Up Store Madrid  ,Denim Shorts Wide Leg,1.0,$65.0,29.14
2026-08-01,  Pop-Up Store Madrid  ,Heavyweight Oversize Tee 300 GSM,-1.0,45.0 €,18.3
2026-07-10,  Retail Partner  ,Cargo Pants Baggy Fit,2.0,85.0 €,40.0
2026-06-25,  Flagship Store  ,Graphic Zip-Up Hoodie,2.0,95.0 €,41.07
2026-07-19,  Pop-Up Store Madrid  ,New Balance 990v3 Made in USA,2.0,220.0,82.26
2026-05-23,  Retail Partner  ,ASICS GEL-NYC Tech Runner,3.0,150.0 €,66.59
2026-01-29,  Pop-Up Store Madrid  ,Cargo Pants Baggy Fit,3.0,$85.0,42.05
2026-05-17,  Drop Online Global  ,Boxy Fit Hoodie 500 GSM,5.0,$90.0,37.1
2026-02-09,  Flagship Store  ,Puffer Jacket Limited Release,1.0,$180.0,79.54
2026-07-16,  Pop-Up Store Madrid  ,New Balance 990v3 Made in USA,3.0,220.0 €,80.12
2026-06-25,  Flagship Store  ,Denim Shorts Wide Leg,1.0,65.0,29.16
2026-04-02,  Pop-Up Store Madrid  ,Cargo Pants Baggy Fit,3.0,$85.0,35.52
2026-03-14,  Flagship Store  ,Graphic Zip-Up Hoodie,1.0,95.0,33.81
2026-05-21,  Retail Partner  ,Denim Shorts Wide Leg,1.0,$65.0,23.23
2026-05-27,  Pop-Up Store Madrid  ,Cargo Pants Baggy Fit,2.0,$85.0,31.11
2026-03-29,  Pop-Up Store Madrid  ,New Balance 990v3 Made in USA,1.0,220.0 €,84.08
2026-05-11,  Retail Partner  ,Cargo Pants Baggy Fit,2.0,$85.0,42.27
2026-04-07,  Pop-Up Store Madrid  ,Cargo Pants Baggy Fit,-1.0,$85.0,37.89
2026-05-23,  Retail Partner  ,Puffer Jacket Limited Release,2.0,180.0 €,63.97
2026-07-18,  Drop Online Global  ,Graphic Zip-Up Hoodie,2.0,95.0,34.45
2026-07-17,  Pop-Up Store Madrid  ,Puffer Jacket Limited Release,1.0,180.0 €,67.65
2026-05-26,  Retail Partner  ,New Balance 990v3 Made in USA,2.0,220.0 €,93.83
2026-06-28,  Drop Online Global  ,Boxy Fit Hoodie 500 GSM,1.0,$90.0,39.2
2026-05-19,  Retail Partner  ,ASICS GEL-NYC Tech Runner,1.0,$150.0,64.69
2026-06-11,  Flagship Store  ,Cargo Pants Baggy Fit,3.0,85.0,40.25
2026-03-18,  Retail Partner  ,Puffer Jacket Limited Release,3.0,180.0 €,75.45
2026-03-24,  Pop-Up Store Madrid  ,Cargo Pants Baggy Fit,,$85.0,39.05
2026-06-14,  Retail Partner  ,Graphic Zip-Up Hoodie,5.0,95.0,35.38
2026-01-20,  Drop Online Global  ,Denim Shorts Wide Leg,1.0,$65.0,26.5
2026-08-05,  Flagship Store  ,Cargo Pants Baggy Fit,-1.0,$85.0,37.63
2026-03-25,  Drop Online Global  ,Puffer Jacket Limited Release,1.0,$180.0,88.51
2026-07-04,  Retail Partner  ,Boxy Fit Hoodie 500 GSM,1.0,$90.0,37.4
2026-02-19,  Flagship Store  ,Heavyweight Oversize Tee 300 GSM,,$45.0,16.68
2026-06-03,  Pop-Up Store Madrid  ,New Balance 990v3 Made in USA,2.0,220.0,88.36
2026-02-24,  Retail Partner  ,Graphic Zip-Up Hoodie,,95.0 €,34.28
2026-06-27,  Drop Online Global  ,Denim Shorts Wide Leg,2.0,65.0 €,31.21
2026-07-16,  Flagship Store  ,ASICS GEL-NYC Tech Runner,2.0,150.0,52.64
2026-01-24,  Pop-Up Store Madrid  ,Boxy Fit Hoodie 500 GSM,1.0,90.0 €,34.69
2026-06-01,  Flagship Store  ,Boxy Fit Hoodie 500 GSM,,90.0,33.86
2026-06-07,  Pop-Up Store Madrid  ,ASICS GEL-NYC Tech Runner,5.0,150.0 €,60.14
2026-06-02,  Flagship Store  ,Heavyweight Oversize Tee 300 GSM,-1.0,45.0 €,19.72
2026-07-05,  Pop-Up Store Madrid  ,Graphic Zip-Up Hoodie,-1.0,95.0 €,45.67
2026-03-16,  Drop Online Global  ,Cargo Pants Baggy Fit,1.0,85.0 €,30.67
2026-04-15,  Retail Partner  ,ASICS GEL-NYC Tech Runner,-1.0,150.0,62.9
2026-07-24,  Retail Partner  ,New Balance 990v3 Made in USA,2.0,220.0,81.54
2026-07-25,  Pop-Up Store Madrid  ,Heavyweight Oversize Tee 300 GSM,1.0,45.0 €,17.2
2026-05-19,  Pop-Up Store Madrid  ,Denim Shorts Wide Leg,-1.0,-45.0,25.12
2026-06-09,  Pop-Up Store Madrid  ,Heavyweight Oversize Tee 300 GSM,1.0,$45.0,21.55
2026-04-21,  Flagship Store  ,Puffer Jacket Limited Release,5.0,180.0 €,88.96
2026-07-11,  Drop Online Global  ,Boxy Fit Hoodie 500 GSM,5.0,$90.0,34.42
2026-04-13,  Flagship Store  ,Puffer Jacket Limited Release,1.0,180.0 €,73.6
2026-07-22,  Drop Online Global  ,Puffer Jacket Limited Release,1.0,180.0,86.13
2026-07-21,  Flagship Store  ,ASICS GEL-NYC Tech Runner,5.0,150.0,61.61
2026-06-26,  Retail Partner  ,ASICS GEL-NYC Tech Runner,-1.0,150.0 €,54.91
2026-03-15,  Retail Partner  ,ASICS GEL-NYC Tech Runner,2.0,$150.0,63.96
2026-01-28,  Pop-Up Store Madrid  ,New Balance 990v3 Made in USA,,$220.0,85.61
2026-07-14,  Drop Online Global  ,Boxy Fit Hoodie 500 GSM,-1.0,-45.0,32.18
2026-04-03,  Retail Partner  ,New Balance 990v3 Made in USA,5.0,$220.0,94.79
2026-04-30,  Retail Partner  ,Denim Shorts Wide Leg,1.0,$65.0,26.23
2026-06-18,  Pop-Up Store Madrid  ,Cargo Pants Baggy Fit,1.0,$85.0,29.99
2026-06-16,  Flagship Store  ,Denim Shorts Wide Leg,1.0,65.0 €,28.03
2026-01-13,  Drop Online Global  ,New Balance 990v3 Made in USA,5.0,220.0 €,102.01
2026-06-30,  Drop Online Global  ,Cargo Pants Baggy Fit,3.0,85.0,30.7
2026-01-17,  Pop-Up Store Madrid  ,Cargo Pants Baggy Fit,5.0,85.0,34.34
2026-03-06,  Pop-Up Store Madrid  ,Heavyweight Oversize Tee 300 GSM,-1.0,$45.0,19.43
2026-03-30,  Pop-Up Store Madrid  ,Denim Shorts Wide Leg,1.0,$65.0,24.82
2026-05-13,  Retail Partner  ,ASICS GEL-NYC Tech Runner,,150.0 €,67.44
2026-03-11,  Retail Partner  ,Graphic Zip-Up Hoodie,1.0,95.0 €,43.88
2026-07-27,  Retail Partner  ,Cargo Pants Baggy Fit,,-45.0,31.84
2026-06-27,  Retail Partner  ,Denim Shorts Wide Leg,2.0,65.0 €,32.01
2026-05-15,  Flagship Store  ,New Balance 990v3 Made in USA,1.0,$220.0,85.99
2026-03-26,  Retail Partner  ,Boxy Fit Hoodie 500 GSM,5.0,90.0,44.61
2026-03-21,  Retail Partner  ,Heavyweight Oversize Tee 300 GSM,-1.0,45.0,16.9
2026-02-03,  Flagship Store  ,ASICS GEL-NYC Tech Runner,1.0,-45.0,70.5
2026-02-01,  Flagship Store  ,Cargo Pants Baggy Fit,1.0,85.0 €,33.21
2026-02-11,  Retail Partner  ,ASICS GEL-NYC Tech Runner,5.0,$150.0,58.4
2026-03-03,  Drop Online Global  ,Puffer Jacket Limited Release,1.0,$180.0,80.73
2026-01-20,  Retail Partner  ,Boxy Fit Hoodie 500 GSM,2.0,90.0 €,39.25
2026-06-29,  Retail Partner  ,Graphic Zip-Up Hoodie,2.0,95.0,42.74
2026-06-18,  Flagship Store  ,Boxy Fit Hoodie 500 GSM,1.0,90.0 €,33.52
2026-04-19,  Retail Partner  ,Graphic Zip-Up Hoodie,-1.0,95.0,42.17
2026-04-18,  Pop-Up Store Madrid  ,Heavyweight Oversize Tee 300 GSM,,$45.0,19.41
2026-03-02,  Pop-Up Store Madrid  ,Graphic Zip-Up Hoodie,2.0,$95.0,42.91
2026-08-06,  Drop Online Global  ,Graphic Zip-Up Hoodie,3.0,95.0,37.38
2026-07-07,  Flagship Store  ,ASICS GEL-NYC Tech Runner,,150.0 €,64.24
2026-02-21,  Flagship Store  ,Boxy Fit Hoodie 500 GSM,3.0,90.0 €,36.39
2026-05-14,  Pop-Up Store Madrid  ,New Balance 990v3 Made in USA,1.0,$220.0,99.96
2026-05-11,  Pop-Up Store Madrid  ,New Balance 990v3 Made in USA,1.0,$220.0,91.96
2026-05-16,  Drop Online Global  ,Boxy Fit Hoodie 500 GSM,1.0,90.0,39.67
2026-07-19,  Retail Partner  ,Boxy Fit Hoodie 500 GSM,2.0,$90.0,44.65
2026-04-08,  Retail Partner  ,Boxy Fit Hoodie 500 GSM,3.0,-45.0,35.0
2026-05-26,  Pop-Up Store Madrid  ,Denim Shorts Wide Leg,1.0,-45.0,27.55
2026-06-20,  Flagship Store  ,Cargo Pants Baggy Fit,2.0,85.0 €,34.65
2026-04-08,  Flagship Store  ,New Balance 990v3 Made in USA,3.0,$220.0,85.52
2026-02-26,  Flagship Store  ,Boxy Fit Hoodie 500 GSM,1.0,-45.0,32.56
2026-04-09,  Drop Online Global  ,Boxy Fit Hoodie 500 GSM,1.0,$90.0,33.4
2026-07-21,  Pop-Up Store Madrid  ,Graphic Zip-Up Hoodie,-1.0,95.0,43.15
2026-06-26,  Retail Partner  ,Cargo Pants Baggy Fit,1.0,85.0 €,41.26
2026-04-03,  Retail Partner  ,Cargo Pants Baggy Fit,2.0,85.0 €,34.7
2026-01-21,  Pop-Up Store Madrid  ,New Balance 990v3 Made in USA,1.0,220.0,78.75
2026-01-16,  Retail Partner  ,Boxy Fit Hoodie 500 GSM,1.0,90.0,42.3
2026-01-20,  Flagship Store  ,ASICS GEL-NYC Tech Runner,3.0,150.0 €,63.06
2026-06-07,  Pop-Up Store Madrid  ,Graphic Zip-Up Hoodie,5.0,95.0,37.59
2026-03-11,  Flagship Store  ,Boxy Fit Hoodie 500 GSM,1.0,90.0 €,35.94
2026-01-06,  Pop-Up Store Madrid  ,Graphic Zip-Up Hoodie,3.0,95.0 €,40.56
2026-05-26,  Flagship Store  ,Puffer Jacket Limited Release,3.0,$180.0,71.34
2026-04-03,  Drop Online Global  ,Graphic Zip-Up Hoodie,1.0,$95.0,34.42
2026-07-06,  Pop-Up Store Madrid  ,Heavyweight Oversize Tee 300 GSM,1.0,$45.0,19.57
2026-02-02,  Pop-Up Store Madrid  ,ASICS GEL-NYC Tech Runner,,150.0,67.11
2026-05-26,  Flagship Store  ,Puffer Jacket Limited Release,3.0,180.0,79.19
2026-02-23,  Retail Partner  ,Graphic Zip-Up Hoodie,1.0,95.0 €,35.05
2026-04-18,  Retail Partner  ,Graphic Zip-Up Hoodie,-1.0,$95.0,34.88
2026-04-23,  Flagship Store  ,Heavyweight Oversize Tee 300 GSM,1.0,45.0 €,17.49
2026-05-01,  Pop-Up Store Madrid  ,Boxy Fit Hoodie 500 GSM,1.0,$90.0,43.8
2026-07-17,  Flagship Store  ,Puffer Jacket Limited Release,3.0,180.0 €,84.1
2026-05-25,  Pop-Up Store Madrid  ,Cargo Pants Baggy Fit,2.0,$85.0,36.95
2026-03-30,  Drop Online Global  ,ASICS GEL-NYC Tech Runner,3.0,$150.0,72.96
2026-03-11,  Retail Partner  ,Denim Shorts Wide Leg,1.0,$65.0,29.49
2026-06-20,  Pop-Up Store Madrid  ,Graphic Zip-Up Hoodie,2.0,$95.0,38.87
2026-03-22,  Drop Online Global  ,Denim Shorts Wide Leg,1.0,65.0,30.31
2026-01-22,  Drop Online Global  ,Denim Shorts Wide Leg,3.0,65.0,27.99
2026-04-22,  Retail Partner  ,Boxy Fit Hoodie 500 GSM,,90.0,40.08
2026-07-11,  Drop Online Global  ,Puffer Jacket Limited Release,,180.0,72.49
2026-08-02,  Pop-Up Store Madrid  ,Graphic Zip-Up Hoodie,,$95.0,41.02
2026-04-14,  Retail Partner  ,New Balance 990v3 Made in USA,-1.0,$220.0,95.61
2026-06-13,  Retail Partner  ,Puffer Jacket Limited Release,1.0,180.0 €,79.2
2026-02-04,  Retail Partner  ,Heavyweight Oversize Tee 300 GSM,1.0,45.0 €,17.48
2026-03-09,  Retail Partner  ,Boxy Fit Hoodie 500 GSM,1.0,$90.0,33.41
2026-01-11,  Retail Partner  ,Boxy Fit Hoodie 500 GSM,5.0,90.0,32.13
2026-02-21,  Flagship Store  ,Puffer Jacket Limited Release,1.0,180.0 €,81.08
2026-08-07,  Retail Partner  ,Puffer Jacket Limited Release,1.0,$180.0,86.74
2026-06-11,  Pop-Up Store Madrid  ,New Balance 990v3 Made in USA,-1.0,$220.0,92.48
2026-04-25,  Retail Partner  ,Puffer Jacket Limited Release,5.0,$180.0,66.9
2026-01-26,  Drop Online Global  ,Graphic Zip-Up Hoodie,5.0,95.0,35.26
2026-03-10,  Drop Online Global  ,Denim Shorts Wide Leg,1.0,65.0 €,28.34
2026-03-18,  Drop Online Global  ,Denim Shorts Wide Leg,-1.0,65.0 €,24.34
2026-07-30,  Retail Partner  ,Cargo Pants Baggy Fit,,85.0,33.09
2026-07-10,  Drop Online Global  ,Denim Shorts Wide Leg,5.0,$65.0,27.32
2026-05-16,  Flagship Store  ,Graphic Zip-Up Hoodie,1.0,$95.0,35.53
2026-07-15,  Retail Partner  ,Boxy Fit Hoodie 500 GSM,2.0,90.0 €,37.81
2026-03-09,  Drop Online Global  ,Graphic Zip-Up Hoodie,1.0,95.0 €,45.18
2026-03-25,  Drop Online Global  ,Cargo Pants Baggy Fit,1.0,85.0,37.04
2026-03-08,  Drop Online Global  ,Denim Shorts Wide Leg,1.0,$65.0,23.36
2026-05-04,  Flagship Store  ,Boxy Fit Hoodie 500 GSM,5.0,90.0 €,42.45
2026-03-28,  Flagship Store  ,Puffer Jacket Limited Release,1.0,180.0 €,70.9
2026-03-24,  Retail Partner  ,Graphic Zip-Up Hoodie,3.0,$95.0,39.32
2026-05-21,  Flagship Store  ,Denim Shorts Wide Leg,5.0,65.0 €,23.71
2026-05-09,  Flagship Store  ,Cargo Pants Baggy Fit,5.0,$85.0,33.67
2026-01-24,  Retail Partner  ,Denim Shorts Wide Leg,5.0,65.0 €,24.1
2026-05-13,  Drop Online Global  ,ASICS GEL-NYC Tech Runner,1.0,150.0 €,65.16
2026-04-21,  Pop-Up Store Madrid  ,Denim Shorts Wide Leg,,$65.0,31.47
2026-03-17,  Retail Partner  ,Heavyweight Oversize Tee 300 GSM,1.0,45.0 €,17.28
2026-05-31,  Flagship Store  ,Graphic Zip-Up Hoodie,-1.0,95.0 €,38.0
2026-02-05,  Pop-Up Store Madrid  ,Graphic Zip-Up Hoodie,1.0,95.0,37.8
2026-06-19,  Drop Online Global  ,Puffer Jacket Limited Release,5.0,$180.0,86.88
2026-06-15,  Flagship Store  ,Puffer Jacket Limited Release,1.0,$180.0,79.45
2026-06-02,  Drop Online Global  ,ASICS GEL-NYC Tech Runner,,150.0,62.6
2026-07-12,  Retail Partner  ,ASICS GEL-NYC Tech Runner,2.0,150.0,58.94
2026-06-08,  Drop Online Global  ,Puffer Jacket Limited Release,1.0,$180.0,80.22
2026-05-23,  Drop Online Global  ,Graphic Zip-Up Hoodie,1.0,95.0 €,33.75
2026-01-07,  Pop-Up Store Madrid  ,New Balance 990v3 Made in USA,-1.0,220.0,90.73
2026-04-01,  Flagship Store  ,Boxy Fit Hoodie 500 GSM,,$90.0,31.68
2026-07-05,  Flagship Store  ,Graphic Zip-Up Hoodie,1.0,$95.0,34.41
2026-02-24,  Flagship Store  ,Boxy Fit Hoodie 500 GSM,1.0,$90.0,35.23
2026-01-23,  Flagship Store  ,Heavyweight Oversize Tee 300 GSM,2.0,$45.0,21.75
2026-01-29,  Drop Online Global  ,Puffer Jacket Limited Release,2.0,$180.0,77.59
2026-01-10,  Retail Partner  ,Boxy Fit Hoodie 500 GSM,2.0,-45.0,38.09
2026-05-31,  Pop-Up Store Madrid  ,ASICS GEL-NYC Tech Runner,1.0,150.0 €,72.47
2026-01-19,  Drop Online Global  ,Graphic Zip-Up Hoodie,1.0,95.0,34.92
2026-02-21,  Drop Online Global  ,Puffer Jacket Limited Release,5.0,180.0,80.57
2026-03-28,  Flagship Store  ,Boxy Fit Hoodie 500 GSM,1.0,90.0 €,33.0
2026-06-07,  Drop Online Global  ,ASICS GEL-NYC Tech Runner,1.0,$150.0,65.94
2026-07-14,  Retail Partner  ,Denim Shorts Wide Leg,3.0,65.0 €,23.7
2026-01-29,  Retail Partner  ,ASICS GEL-NYC Tech Runner,3.0,150.0,56.05
2026-01-31,  Pop-Up Store Madrid  ,Heavyweight Oversize Tee 300 GSM,1.0,45.0 €,17.28
2026-04-04,  Pop-Up Store Madrid  ,Heavyweight Oversize Tee 300 GSM,1.0,45.0,19.31
2026-04-24,  Retail Partner  ,Cargo Pants Baggy Fit,1.0,85.0 €,41.91
2026-05-07,  Retail Partner  ,Cargo Pants Baggy Fit,1.0,$85.0,32.39
2026-02-01,  Retail Partner  ,New Balance 990v3 Made in USA,-1.0,$220.0,101.06
2026-05-02,  Retail Partner  ,Boxy Fit Hoodie 500 GSM,5.0,90.0 €,38.15
2026-01-15,  Pop-Up Store Madrid  ,Boxy Fit Hoodie 500 GSM,1.0,$90.0,34.66
2026-02-08,  Retail Partner  ,Graphic Zip-Up Hoodie,2.0,95.0,40.97
2026-04-23,  Drop Online Global  ,Denim Shorts Wide Leg,5.0,65.0 €,26.39
2026-08-05,  Flagship Store  ,ASICS GEL-NYC Tech Runner,1.0,150.0 €,71.49
2026-07-26,  Flagship Store  ,New Balance 990v3 Made in USA,1.0,220.0,109.56
2026-03-06,  Drop Online Global  ,Graphic Zip-Up Hoodie,1.0,95.0 €,40.92
2026-07-22,  Pop-Up Store Madrid  ,Graphic Zip-Up Hoodie,5.0,95.0 €,42.12
2026-03-30,  Flagship Store  ,New Balance 990v3 Made in USA,3.0,$220.0,92.67
2026-02-13,  Drop Online Global  ,Cargo Pants Baggy Fit,5.0,85.0 €,38.67
2026-04-02,  Retail Partner  ,Puffer Jacket Limited Release,1.0,180.0,77.78
2026-05-15,  Drop Online Global  ,New Balance 990v3 Made in USA,2.0,220.0 €,84.11
2026-05-29,  Drop Online Global  ,Graphic Zip-Up Hoodie,1.0,$95.0,39.14
2026-07-22,  Retail Partner  ,Boxy Fit Hoodie 500 GSM,2.0,90.0 €,40.41
2026-04-19,  Retail Partner  ,Puffer Jacket Limited Release,3.0,180.0,75.11
2026-02-16,  Drop Online Global  ,Cargo Pants Baggy Fit,2.0,$85.0,31.22
2026-06-29,  Pop-Up Store Madrid  ,Puffer Jacket Limited Release,,$180.0,87.39
2026-03-26,  Pop-Up Store Madrid  ,New Balance 990v3 Made in USA,1.0,220.0,78.22
2026-06-29,  Pop-Up Store Madrid  ,Boxy Fit Hoodie 500 GSM,,90.0 €,43.57
2026-03-18,  Retail Partner  ,Puffer Jacket Limited Release,,180.0,65.14
2026-03-03,  Retail Partner  ,Cargo Pants Baggy Fit,5.0,85.0 €,35.67
2026-05-09,  Pop-Up Store Madrid  ,Cargo Pants Baggy Fit,,$85.0,32.22
2026-01-07,  Drop Online Global  ,New Balance 990v3 Made in USA,5.0,220.0 €,88.04
2026-06-06,  Pop-Up Store Madrid  ,Heavyweight Oversize Tee 300 GSM,1.0,$45.0,20.62
2026-05-20,  Pop-Up Store Madrid  ,ASICS GEL-NYC Tech Runner,3.0,-45.0,60.88
2026-02-02,  Pop-Up Store Madrid  ,Denim Shorts Wide Leg,3.0,$65.0,23.61
2026-06-03,  Retail Partner  ,Cargo Pants Baggy Fit,3.0,85.0,38.56
2026-06-21,  Flagship Store  ,New Balance 990v3 Made in USA,5.0,220.0,85.54
2026-02-22,  Flagship Store  ,Heavyweight Oversize Tee 300 GSM,1.0,45.0 €,16.41
2026-03-19,  Drop Online Global  ,New Balance 990v3 Made in USA,,$220.0,102.5
2026-03-13,  Flagship Store  ,Puffer Jacket Limited Release,1.0,180.0 €,81.8
2026-08-04,  Pop-Up Store Madrid  ,Heavyweight Oversize Tee 300 GSM,5.0,$45.0,17.71
2026-07-24,  Retail Partner  ,Puffer Jacket Limited Release,,180.0 €,74.85
2026-04-12,  Flagship Store  ,Heavyweight Oversize Tee 300 GSM,2.0,$45.0,21.24
2026-03-09,  Drop Online Global  ,Puffer Jacket Limited Release,-1.0,180.0,87.97
2026-07-20,  Pop-Up Store Madrid  ,Heavyweight Oversize Tee 300 GSM,3.0,45.0 €,18.94
2026-06-12,  Pop-Up Store Madrid  ,ASICS GEL-NYC Tech Runner,5.0,$150.0,74.09
2026-01-24,  Drop Online Global  ,Graphic Zip-Up Hoodie,1.0,95.0,39.88
2026-03-09,  Flagship Store  ,Heavyweight Oversize Tee 300 GSM,1.0,$45.0,21.99
2026-06-01,  Drop Online Global  ,Graphic Zip-Up Hoodie,,95.0 €,35.18
2026-06-09,  Pop-Up Store Madrid  ,New Balance 990v3 Made in USA,-1.0,$220.0,104.43
2026-03-11,  Drop Online Global  ,ASICS GEL-NYC Tech Runner,5.0,150.0 €,68.08
2026-01-04,  Retail Partner  ,Denim Shorts Wide Leg,1.0,65.0 €,29.21
2026-04-24,  Pop-Up Store Madrid  ,Graphic Zip-Up Hoodie,3.0,95.0,35.98
2026-03-17,  Drop Online Global  ,New Balance 990v3 Made in USA,1.0,$220.0,97.22
2026-03-17,  Drop Online Global  ,Puffer Jacket Limited Release,1.0,180.0,83.16
2026-06-03,  Pop-Up Store Madrid  ,ASICS GEL-NYC Tech Runner,1.0,150.0,61.7
2026-01-05,  Pop-Up Store Madrid  ,Graphic Zip-Up Hoodie,-1.0,$95.0,46.28
2026-05-13,  Pop-Up Store Madrid  ,Heavyweight Oversize Tee 300 GSM,,$45.0,17.71
2026-04-26,  Drop Online Global  ,Heavyweight Oversize Tee 300 GSM,1.0,45.0 €,21.45
2026-04-16,  Flagship Store  ,Denim Shorts Wide Leg,1.0,$65.0,23.52
2026-03-01,  Pop-Up Store Madrid  ,Boxy Fit Hoodie 500 GSM,2.0,90.0 €,34.51
2026-07-21,  Drop Online Global  ,Cargo Pants Baggy Fit,,$85.0,41.35
2026-07-19,  Drop Online Global  ,Puffer Jacket Limited Release,1.0,180.0,87.79
2026-06-29,  Pop-Up Store Madrid  ,Denim Shorts Wide Leg,1.0,65.0 €,32.04
2026-08-09,  Drop Online Global  ,Cargo Pants Baggy Fit,2.0,85.0 €,34.87
2026-05-05,  Pop-Up Store Madrid  ,New Balance 990v3 Made in USA,5.0,220.0 €,90.08
2026-03-02,  Pop-Up Store Madrid  ,Heavyweight Oversize Tee 300 GSM,2.0,45.0 €,22.2
2026-01-25,  Drop Online Global  ,Puffer Jacket Limited Release,1.0,180.0,84.97
2026-04-01,  Flagship Store  ,Heavyweight Oversize Tee 300 GSM,3.0,$45.0,19.5
2026-03-29,  Retail Partner  ,New Balance 990v3 Made in USA,,$220.0,98.41
2026-02-21,  Flagship Store  ,Denim Shorts Wide Leg,3.0,65.0 €,28.88
2026-03-09,  Flagship Store  ,Heavyweight Oversize Tee 300 GSM,-1.0,45.0 €,18.81
2026-05-17,  Retail Partner  ,Boxy Fit Hoodie 500 GSM,3.0,90.0,31.55
2026-07-29,  Retail Partner  ,ASICS GEL-NYC Tech Runner,1.0,150.0,73.16
2026-05-20,  Flagship Store  ,ASICS GEL-NYC Tech Runner,1.0,-45.0,61.8
2026-02-18,  Retail Partner  ,Denim Shorts Wide Leg,1.0,65.0,30.43
2026-04-04,  Drop Online Global  ,Heavyweight Oversize Tee 300 GSM,1.0,$45.0,19.96
2026-05-01,  Flagship Store  ,Denim Shorts Wide Leg,1.0,65.0,24.84
2026-05-25,  Flagship Store  ,Cargo Pants Baggy Fit,1.0,$85.0,31.07
2026-01-31,  Flagship Store  ,Graphic Zip-Up Hoodie,-1.0,95.0,34.37
2026-03-08,  Retail Partner  ,Heavyweight Oversize Tee 300 GSM,1.0,45.0 €,17.5
2026-03-11,  Retail Partner  ,Cargo Pants Baggy Fit,1.0,-45.0,35.16
2026-01-31,  Pop-Up Store Madrid  ,Denim Shorts Wide Leg,2.0,$65.0,26.73
2026-07-01,  Flagship Store  ,Heavyweight Oversize Tee 300 GSM,5.0,45.0 €,19.82
2026-06-08,  Drop Online Global  ,Graphic Zip-Up Hoodie,5.0,-45.0,41.82
2026-02-16,  Pop-Up Store Madrid  ,Graphic Zip-Up Hoodie,1.0,$95.0,46.41
2026-04-18,  Drop Online Global  ,Cargo Pants Baggy Fit,1.0,$85.0,30.27
2026-01-15,  Drop Online Global  ,Cargo Pants Baggy Fit,5.0,$85.0,42.04
2026-02-11,  Flagship Store  ,Denim Shorts Wide Leg,-1.0,65.0 €,24.7
2026-05-05,  Drop Online Global  ,ASICS GEL-NYC Tech Runner,5.0,150.0,61.5
2026-01-02,  Drop Online Global  ,Boxy Fit Hoodie 500 GSM,,90.0 €,34.6
2026-05-25,  Pop-Up Store Madrid  ,Denim Shorts Wide Leg,1.0,$65.0,23.47
2026-01-06,  Flagship Store  ,Boxy Fit Hoodie 500 GSM,2.0,$90.0,39.57
2026-06-14,  Drop Online Global  ,Puffer Jacket Limited Release,3.0,180.0,84.13
2026-06-14,  Pop-Up Store Madrid  ,Graphic Zip-Up Hoodie,,$95.0,41.57
2026-05-28,  Flagship Store  ,ASICS GEL-NYC Tech Runner,3.0,$150.0,65.65
2026-02-15,  Retail Partner  ,Puffer Jacket Limited Release,1.0,180.0 €,81.84
2026-06-20,  Drop Online Global  ,Denim Shorts Wide Leg,-1.0,65.0 €,32.16
2026-05-10,  Retail Partner  ,Denim Shorts Wide Leg,5.0,65.0 €,29.95
2026-01-23,  Drop Online Global  ,Graphic Zip-Up Hoodie,2.0,95.0,36.26
2026-05-11,  Pop-Up Store Madrid  ,Denim Shorts Wide Leg,1.0,65.0 €,25.25
2026-01-09,  Flagship Store  ,Heavyweight Oversize Tee 300 GSM,1.0,45.0 €,21.42
2026-04-10,  Drop Online Global  ,Heavyweight Oversize Tee 300 GSM,3.0,45.0 €,16.5
2026-04-01,  Retail Partner  ,Puffer Jacket Limited Release,3.0,180.0 €,88.09
2026-05-12,  Flagship Store  ,Cargo Pants Baggy Fit,,$85.0,39.06
2026-02-11,  Retail Partner  ,Puffer Jacket Limited Release,-1.0,$180.0,86.78
2026-04-13,  Retail Partner  ,Cargo Pants Baggy Fit,-1.0,$85.0,40.66
2026-06-03,  Pop-Up Store Madrid  ,Puffer Jacket Limited Release,2.0,180.0 €,69.88
2026-07-14,  Drop Online Global  ,Graphic Zip-Up Hoodie,1.0,-45.0,33.31
2026-01-05,  Flagship Store  ,Denim Shorts Wide Leg,1.0,65.0 €,30.98
2026-01-23,  Pop-Up Store Madrid  ,Cargo Pants Baggy Fit,-1.0,$85.0,35.45
2026-01-31,  Drop Online Global  ,Graphic Zip-Up Hoodie,1.0,$95.0,38.06
2026-04-26,  Pop-Up Store Madrid  ,New Balance 990v3 Made in USA,1.0,$220.0,101.99
2026-07-30,  Retail Partner  ,ASICS GEL-NYC Tech Runner,1.0,$150.0,56.61
2026-04-03,  Flagship Store  ,Boxy Fit Hoodie 500 GSM,-1.0,90.0 €,44.88
2026-02-08,  Pop-Up Store Madrid  ,Boxy Fit Hoodie 500 GSM,1.0,90.0,44.1
2026-07-06,  Pop-Up Store Madrid  ,Cargo Pants Baggy Fit,1.0,$85.0,31.38
2026-02-05,  Pop-Up Store Madrid  ,ASICS GEL-NYC Tech Runner,3.0,150.0 €,62.28
2026-02-13,  Retail Partner  ,New Balance 990v3 Made in USA,1.0,$220.0,91.9
2026-01-21,  Retail Partner  ,Cargo Pants Baggy Fit,1.0,$85.0,32.26
2026-07-08,  Flagship Store  ,Heavyweight Oversize Tee 300 GSM,3.0,$45.0,22.12
2026-05-21,  Pop-Up Store Madrid  ,Boxy Fit Hoodie 500 GSM,-1.0,90.0 €,35.54
2026-05-01,  Flagship Store  ,Heavyweight Oversize Tee 300 GSM,1.0,45.0 €,16.6
2026-01-15,  Drop Online Global  ,Denim Shorts Wide Leg,5.0,$65.0,26.88
2026-06-11,  Retail Partner  ,Boxy Fit Hoodie 500 GSM,1.0,90.0 €,37.5
2026-04-04,  Pop-Up Store Madrid  ,Puffer Jacket Limited Release,5.0,180.0,84.11
2026-07-03,  Drop Online Global  ,Cargo Pants Baggy Fit,-1.0,85.0,30.42
2026-04-29,  Drop Online Global  ,Cargo Pants Baggy Fit,1.0,$85.0,39.91
2026-02-07,  Retail Partner  ,ASICS GEL-NYC Tech Runner,,150.0 €,70.53
2026-05-27,  Flagship Store  ,ASICS GEL-NYC Tech Runner,2.0,150.0,69.62
2026-04-08,  Retail Partner  ,Graphic Zip-Up Hoodie,3.0,95.0 €,44.44
2026-06-07,  Retail Partner  ,Cargo Pants Baggy Fit,2.0,$85.0,32.31
2026-03-07,  Flagship Store  ,Graphic Zip-Up Hoodie,-1.0,95.0 €,42.12
2026-05-30,  Flagship Store  ,Cargo Pants Baggy Fit,-1.0,$85.0,42.11
2026-02-08,  Flagship Store  ,Cargo Pants Baggy Fit,1.0,85.0 €,37.71
2026-05-29,  Flagship Store  ,Heavyweight Oversize Tee 300 GSM,1.0,$45.0,19.44
2026-01-03,  Pop-Up Store Madrid  ,Cargo Pants Baggy Fit,3.0,$85.0,32.03
2026-01-13,  Pop-Up Store Madrid  ,Denim Shorts Wide Leg,3.0,$65.0,30.4
2026-04-23,  Retail Partner  ,Boxy Fit Hoodie 500 GSM,2.0,90.0 €,34.4
2026-06-26,  Retail Partner  ,ASICS GEL-NYC Tech Runner,5.0,150.0,74.98
2026-02-26,  Retail Partner  ,Cargo Pants Baggy Fit,,$85.0,33.4
2026-08-01,  Retail Partner  ,Boxy Fit Hoodie 500 GSM,-1.0,90.0 €,44.08
2026-05-02,  Drop Online Global  ,Cargo Pants Baggy Fit,-1.0,85.0,34.2
2026-02-16,  Pop-Up Store Madrid  ,Heavyweight Oversize Tee 300 GSM,2.0,$45.0,22.08
2026-06-25,  Pop-Up Store Madrid  ,Boxy Fit Hoodie 500 GSM,1.0,90.0,40.77
2026-02-17,  Flagship Store  ,Graphic Zip-Up Hoodie,1.0,95.0,46.51
2026-05-12,  Retail Partner  ,Denim Shorts Wide Leg,,-45.0,32.39
2026-02-06,  Flagship Store  ,ASICS GEL-NYC Tech Runner,1.0,-45.0,55.81
2026-07-21,  Flagship Store  ,Denim Shorts Wide Leg,1.0,65.0 €,29.08
2026-05-11,  Flagship Store  ,Cargo Pants Baggy Fit,1.0,85.0 €,41.06
2026-07-18,  Retail Partner  ,New Balance 990v3 Made in USA,-1.0,$220.0,101.66
2026-06-26,  Flagship Store  ,ASICS GEL-NYC Tech Runner,2.0,$150.0,73.88
2026-05-30,  Pop-Up Store Madrid  ,Denim Shorts Wide Leg,1.0,65.0,23.13
2026-02-19,  Flagship Store  ,Heavyweight Oversize Tee 300 GSM,1.0,45.0,18.64
2026-06-04,  Pop-Up Store Madrid  ,ASICS GEL-NYC Tech Runner,1.0,150.0,59.31
2026-05-25,  Pop-Up Store Madrid  ,Cargo Pants Baggy Fit,3.0,$85.0,41.96
2026-05-25,  Flagship Store  ,Puffer Jacket Limited Release,3.0,180.0 €,65.31
2026-01-05,  Drop Online Global  ,New Balance 990v3 Made in USA,-1.0,220.0,87.06
2026-05-08,  Pop-Up Store Madrid  ,Cargo Pants Baggy Fit,1.0,85.0 €,39.18
2026-07-28,  Flagship Store  ,Puffer Jacket Limited Release,1.0,$180.0,66.82
2026-05-21,  Drop Online Global  ,Puffer Jacket Limited Release,1.0,180.0 €,65.89
2026-05-27,  Flagship Store  ,Denim Shorts Wide Leg,5.0,$65.0,22.83
2026-04-06,  Pop-Up Store Madrid  ,Heavyweight Oversize Tee 300 GSM,,45.0,19.17
2026-06-14,  Pop-Up Store Madrid  ,Denim Shorts Wide Leg,,65.0 €,27.61
2026-04-13,  Flagship Store  ,Puffer Jacket Limited Release,,-45.0,75.89
2026-07-22,  Pop-Up Store Madrid  ,ASICS GEL-NYC Tech Runner,,$150.0,56.38
2026-04-11,  Flagship Store  ,Graphic Zip-Up Hoodie,1.0,95.0 €,42.27
2026-03-23,  Retail Partner  ,Heavyweight Oversize Tee 300 GSM,3.0,$45.0,19.3
2026-05-16,  Pop-Up Store Madrid  ,Denim Shorts Wide Leg,1.0,65.0,31.78
2026-05-26,  Drop Online Global  ,ASICS GEL-NYC Tech Runner,-1.0,150.0 €,66.3
2026-02-07,  Pop-Up Store Madrid  ,Puffer Jacket Limited Release,1.0,180.0 €,83.84
2026-02-15,  Pop-Up Store Madrid  ,Cargo Pants Baggy Fit,-1.0,85.0,42.19
2026-08-01,  Flagship Store  ,Boxy Fit Hoodie 500 GSM,1.0,90.0 €,33.62
2026-07-08,  Pop-Up Store Madrid  ,New Balance 990v3 Made in USA,-1.0,$220.0,108.07
2026-03-01,  Flagship Store  ,ASICS GEL-NYC Tech Runner,1.0,$150.0,63.0
2026-04-26,  Flagship Store  ,New Balance 990v3 Made in USA,3.0,$220.0,95.03
2026-05-20,  Flagship Store  ,Heavyweight Oversize Tee 300 GSM,1.0,$45.0,21.18
2026-06-27,  Retail Partner  ,Boxy Fit Hoodie 500 GSM,2.0,90.0 €,40.53
2026-05-26,  Drop Online Global  ,Puffer Jacket Limited Release,3.0,180.0 €,65.81
2026-04-30,  Flagship Store  ,Graphic Zip-Up Hoodie,1.0,$95.0,42.25
2026-02-04,  Pop-Up Store Madrid  ,Denim Shorts Wide Leg,1.0,65.0 €,29.97
2026-04-30,  Pop-Up Store Madrid  ,Heavyweight Oversize Tee 300 GSM,,45.0 €,19.34
2026-06-12,  Drop Online Global  ,Cargo Pants Baggy Fit,1.0,85.0,31.56
2026-01-03,  Drop Online Global  ,Heavyweight Oversize Tee 300 GSM,2.0,45.0,22.33
2026-04-16,  Flagship Store  ,ASICS GEL-NYC Tech Runner,2.0,150.0,69.44
2026-04-19,  Retail Partner  ,Puffer Jacket Limited Release,1.0,180.0 €,74.84
2026-03-03,  Flagship Store  ,Puffer Jacket Limited Release,1.0,$180.0,81.21
2026-01-05,  Retail Partner  ,Heavyweight Oversize Tee 300 GSM,1.0,$45.0,18.38
2026-01-06,  Retail Partner  ,New Balance 990v3 Made in USA,5.0,220.0 €,89.8
2026-07-07,  Retail Partner  ,Cargo Pants Baggy Fit,1.0,85.0,37.13
2026-06-20,  Retail Partner  ,New Balance 990v3 Made in USA,3.0,220.0,99.3
2026-01-11,  Retail Partner  ,New Balance 990v3 Made in USA,2.0,220.0 €,82.7
2026-06-12,  Drop Online Global  ,Denim Shorts Wide Leg,5.0,65.0 €,29.34
2026-01-22,  Flagship Store  ,Puffer Jacket Limited Release,2.0,$180.0,79.71
2026-05-29,  Flagship Store  ,Puffer Jacket Limited Release,,180.0,74.61
2026-04-20,  Retail Partner  ,ASICS GEL-NYC Tech Runner,,150.0,72.48
2026-02-16,  Retail Partner  ,Puffer Jacket Limited Release,1.0,$180.0,69.91
2026-02-03,  Retail Partner  ,Boxy Fit Hoodie 500 GSM,,$90.0,43.31
2026-01-21,  Retail Partner  ,ASICS GEL-NYC Tech Runner,1.0,150.0 €,62.05
2026-02-19,  Drop Online Global  ,New Balance 990v3 Made in USA,2.0,$220.0,98.23
2026-05-26,  Pop-Up Store Madrid  ,ASICS GEL-NYC Tech Runner,,$150.0,73.8
2026-03-31,  Pop-Up Store Madrid  ,Heavyweight Oversize Tee 300 GSM,-1.0,$45.0,20.6
2026-05-16,  Pop-Up Store Madrid  ,Puffer Jacket Limited Release,1.0,180.0 €,74.99
2026-03-06,  Pop-Up Store Madrid  ,ASICS GEL-NYC Tech Runner,3.0,150.0 €,67.95
2026-05-31,  Retail Partner  ,Boxy Fit Hoodie 500 GSM,2.0,$90.0,34.23
2026-02-20,  Drop Online Global  ,Denim Shorts Wide Leg,2.0,$65.0,28.59
2026-04-24,  Drop Online Global  ,Graphic Zip-Up Hoodie,-1.0,$95.0,43.35
2026-04-21,  Retail Partner  ,Graphic Zip-Up Hoodie,-1.0,95.0,43.06
2026-07-05,  Drop Online Global  ,ASICS GEL-NYC Tech Runner,1.0,$150.0,62.9
2026-04-20,  Flagship Store  ,Denim Shorts Wide Leg,1.0,$65.0,24.79
2026-08-09,  Retail Partner  ,New Balance 990v3 Made in USA,2.0,220.0 €,104.92
2026-07-16,  Pop-Up Store Madrid  ,Heavyweight Oversize Tee 300 GSM,1.0,45.0,21.2
2026-01-07,  Retail Partner  ,Denim Shorts Wide Leg,1.0,65.0 €,32.35
2026-03-02,  Retail Partner  ,Cargo Pants Baggy Fit,3.0,$85.0,37.29
2026-03-05,  Retail Partner  ,New Balance 990v3 Made in USA,2.0,$220.0,93.01
2026-02-17,  Drop Online Global  ,Denim Shorts Wide Leg,,65.0,28.02
2026-03-07,  Pop-Up Store Madrid  ,Cargo Pants Baggy Fit,2.0,$85.0,32.3
2026-01-20,  Retail Partner  ,New Balance 990v3 Made in USA,5.0,$220.0,95.99
2026-05-25,  Drop Online Global  ,ASICS GEL-NYC Tech Runner,-1.0,$150.0,57.27
2026-04-09,  Drop Online Global  ,New Balance 990v3 Made in USA,5.0,220.0 €,82.56
2026-03-05,  Pop-Up Store Madrid  ,Cargo Pants Baggy Fit,2.0,$85.0,38.92
2026-05-28,  Retail Partner  ,Cargo Pants Baggy Fit,-1.0,85.0,39.05
2026-05-16,  Flagship Store  ,ASICS GEL-NYC Tech Runner,,150.0,67.81
2026-03-31,  Flagship Store  ,ASICS GEL-NYC Tech Runner,,150.0,66.42
2026-04-26,  Drop Online Global  ,Denim Shorts Wide Leg,-1.0,65.0 €,30.55
2026-01-19,  Pop-Up Store Madrid  ,Cargo Pants Baggy Fit,,85.0 €,30.23
2026-07-24,  Pop-Up Store Madrid  ,Heavyweight Oversize Tee 300 GSM,5.0,45.0 €,18.09
2026-07-03,  Flagship Store  ,New Balance 990v3 Made in USA,3.0,220.0,101.25
2026-06-09,  Flagship Store  ,Graphic Zip-Up Hoodie,3.0,$95.0,38.77
2026-04-20,  Flagship Store  ,ASICS GEL-NYC Tech Runner,1.0,$150.0,70.31
2026-05-05,  Drop Online Global  ,Cargo Pants Baggy Fit,2.0,85.0 €,34.36
2026-07-03,  Flagship Store  ,ASICS GEL-NYC Tech Runner,5.0,$150.0,57.14
2026-07-09,  Pop-Up Store Madrid  ,Graphic Zip-Up Hoodie,1.0,$95.0,40.48
2026-06-29,  Flagship Store  ,Denim Shorts Wide Leg,1.0,65.0 €,30.47
2026-05-20,  Drop Online Global  ,Graphic Zip-Up Hoodie,1.0,95.0 €,46.64
2026-04-24,  Flagship Store  ,Heavyweight Oversize Tee 300 GSM,,$45.0,16.01
2026-06-15,  Flagship Store  ,New Balance 990v3 Made in USA,-1.0,220.0 €,81.94
2026-05-17,  Flagship Store  ,ASICS GEL-NYC Tech Runner,2.0,150.0,60.05
2026-06-02,  Pop-Up Store Madrid  ,Denim Shorts Wide Leg,,$65.0,27.57
2026-06-25,  Retail Partner  ,New Balance 990v3 Made in USA,1.0,$220.0,80.79
2026-06-02,  Drop Online Global  ,New Balance 990v3 Made in USA,2.0,$220.0,107.79
2026-01-11,  Drop Online Global  ,Boxy Fit Hoodie 500 GSM,2.0,90.0 €,37.33
2026-07-19,  Flagship Store  ,Boxy Fit Hoodie 500 GSM,5.0,$90.0,38.79
2026-07-15,  Retail Partner  ,Puffer Jacket Limited Release,5.0,$180.0,87.6
2026-05-11,  Flagship Store  ,ASICS GEL-NYC Tech Runner,2.0,150.0 €,72.57
2026-08-09,  Flagship Store  ,ASICS GEL-NYC Tech Runner,-1.0,150.0 €,73.98
2026-06-17,  Retail Partner  ,New Balance 990v3 Made in USA,,220.0 €,102.29
2026-08-03,  Pop-Up Store Madrid  ,Cargo Pants Baggy Fit,1.0,$85.0,37.0
2026-03-22,  Pop-Up Store Madrid  ,New Balance 990v3 Made in USA,2.0,220.0 €,106.28
2026-07-06,  Drop Online Global  ,Heavyweight Oversize Tee 300 GSM,-1.0,45.0 €,16.97
2026-04-25,  Retail Partner  ,Denim Shorts Wide Leg,1.0,65.0 €,26.69
2026-07-13,  Drop Online Global  ,Boxy Fit Hoodie 500 GSM,3.0,90.0 €,41.33
2026-05-11,  Flagship Store  ,Denim Shorts Wide Leg,,65.0,27.86
2026-06-19,  Flagship Store  ,New Balance 990v3 Made in USA,-1.0,$220.0,85.26
2026-08-05,  Pop-Up Store Madrid  ,ASICS GEL-NYC Tech Runner,1.0,150.0 €,67.22
2026-06-29,  Drop Online Global  ,Denim Shorts Wide Leg,,65.0,30.63
2026-05-24,  Retail Partner  ,Boxy Fit Hoodie 500 GSM,,$90.0,35.99
2026-02-20,  Flagship Store  ,Boxy Fit Hoodie 500 GSM,-1.0,90.0 €,32.29
2026-04-25,  Flagship Store  ,Denim Shorts Wide Leg,1.0,65.0 €,24.73
2026-03-12,  Retail Partner  ,ASICS GEL-NYC Tech Runner,1.0,150.0,68.71
2026-06-19,  Flagship Store  ,Cargo Pants Baggy Fit,,85.0,38.73
2026-05-10,  Retail Partner  ,ASICS GEL-NYC Tech Runner,5.0,$150.0,52.61
2026-01-18,  Retail Partner  ,Graphic Zip-Up Hoodie,3.0,95.0 €,45.53
2026-05-15,  Pop-Up Store Madrid  ,Puffer Jacket Limited Release,1.0,180.0,79.92
2026-04-04,  Pop-Up Store Madrid  ,Puffer Jacket Limited Release,2.0,$180.0,69.7
2026-01-03,  Flagship Store  ,Puffer Jacket Limited Release,3.0,$180.0,69.07
2026-07-04,  Drop Online Global  ,Boxy Fit Hoodie 500 GSM,2.0,90.0 €,40.72
2026-03-26,  Pop-Up Store Madrid  ,Heavyweight Oversize Tee 300 GSM,1.0,45.0,21.92
2026-06-06,  Flagship Store  ,ASICS GEL-NYC Tech Runner,-1.0,$150.0,55.23
2026-01-15,  Drop Online Global  ,ASICS GEL-NYC Tech Runner,1.0,$150.0,61.6
2026-02-05,  Drop Online Global  ,Graphic Zip-Up Hoodie,-1.0,$95.0,42.25
2026-03-25,  Flagship Store  ,Boxy Fit Hoodie 500 GSM,5.0,90.0,39.84
2026-03-27,  Retail Partner  ,Heavyweight Oversize Tee 300 GSM,3.0,45.0 €,18.8
2026-07-31,  Drop Online Global  ,ASICS GEL-NYC Tech Runner,1.0,150.0,56.96
2026-05-03,  Pop-Up Store Madrid  ,Heavyweight Oversize Tee 300 GSM,1.0,45.0 €,18.15
2026-07-02,  Pop-Up Store Madrid  ,New Balance 990v3 Made in USA,1.0,$220.0,101.97
2026-06-22,  Flagship Store  ,Heavyweight Oversize Tee 300 GSM,2.0,45.0,21.2
2026-06-12,  Pop-Up Store Madrid  ,Heavyweight Oversize Tee 300 GSM,1.0,45.0 €,19.45
2026-03-26,  Drop Online Global  ,Puffer Jacket Limited Release,5.0,$180.0,69.08
2026-05-01,  Flagship Store  ,Graphic Zip-Up Hoodie,3.0,$95.0,44.81
2026-07-19,  Retail Partner  ,Puffer Jacket Limited Release,5.0,180.0 €,85.62
2026-02-14,  Flagship Store  ,Puffer Jacket Limited Release,1.0,180.0,85.52
2026-04-30,  Drop Online Global  ,Cargo Pants Baggy Fit,-1.0,$85.0,35.56
2026-01-06,  Retail Partner  ,New Balance 990v3 Made in USA,,$220.0,106.18
2026-07-06,  Pop-Up Store Madrid  ,ASICS GEL-NYC Tech Runner,3.0,150.0 €,67.65
2026-05-04,  Pop-Up Store Madrid  ,Boxy Fit Hoodie 500 GSM,1.0,90.0 €,44.28
2026-03-04,  Drop Online Global  ,Puffer Jacket Limited Release,-1.0,180.0,70.75
2026-03-07,  Pop-Up Store Madrid  ,Denim Shorts Wide Leg,1.0,65.0,23.92
2026-07-03,  Drop Online Global  ,New Balance 990v3 Made in USA,-1.0,$220.0,79.26
2026-06-12,  Flagship Store  ,Boxy Fit Hoodie 500 GSM,1.0,$90.0,33.92
2026-02-18,  Pop-Up Store Madrid  ,New Balance 990v3 Made in USA,1.0,220.0 €,92.87
2026-02-19,  Pop-Up Store Madrid  ,Heavyweight Oversize Tee 300 GSM,,45.0 €,17.66
2026-04-24,  Retail Partner  ,Puffer Jacket Limited Release,5.0,180.0,68.39
2026-05-26,  Pop-Up Store Madrid  ,Cargo Pants Baggy Fit,,$85.0,36.67
2026-08-08,  Retail Partner  ,ASICS GEL-NYC Tech Runner,1.0,-45.0,54.91
2026-07-11,  Flagship Store  ,Boxy Fit Hoodie 500 GSM,3.0,$90.0,37.08
2026-06-18,  Retail Partner  ,Graphic Zip-Up Hoodie,2.0,95.0 €,41.15
2026-01-26,  Flagship Store  ,ASICS GEL-NYC Tech Runner,5.0,150.0,52.81
2026-05-20,  Flagship Store  ,ASICS GEL-NYC Tech Runner,1.0,150.0 €,57.39
2026-03-16,  Flagship Store  ,Graphic Zip-Up Hoodie,3.0,95.0,44.68
2026-02-04,  Pop-Up Store Madrid  ,ASICS GEL-NYC Tech Runner,-1.0,150.0,63.61
2026-04-10,  Flagship Store  ,ASICS GEL-NYC Tech Runner,1.0,$150.0,55.56
2026-06-25,  Pop-Up Store Madrid  ,New Balance 990v3 Made in USA,3.0,220.0 €,109.47
2026-03-17,  Pop-Up Store Madrid  ,ASICS GEL-NYC Tech Runner,2.0,$150.0,73.29
2026-04-26,  Flagship Store  ,Denim Shorts Wide Leg,1.0,65.0 €,31.0
2026-01-05,  Pop-Up Store Madrid  ,Cargo Pants Baggy Fit,1.0,$85.0,30.9
2026-01-31,  Retail Partner  ,Heavyweight Oversize Tee 300 GSM,1.0,-45.0,21.79
2026-04-27,  Retail Partner  ,Denim Shorts Wide Leg,5.0,65.0 €,25.13
2026-01-16,  Pop-Up Store Madrid  ,Graphic Zip-Up Hoodie,1.0,95.0 €,44.09
2026-01-03,  Pop-Up Store Madrid  ,Cargo Pants Baggy Fit,1.0,85.0 €,32.1
2026-03-29,  Pop-Up Store Madrid  ,Heavyweight Oversize Tee 300 GSM,1.0,45.0 €,22.31
2026-03-26,  Flagship Store  ,Puffer Jacket Limited Release,3.0,$180.0,82.34
2026-05-16,  Pop-Up Store Madrid  ,ASICS GEL-NYC Tech Runner,3.0,$150.0,63.97
2026-02-19,  Drop Online Global  ,Denim Shorts Wide Leg,3.0,$65.0,27.39
2026-06-03,  Drop Online Global  ,New Balance 990v3 Made in USA,1.0,220.0 €,104.75
2026-01-01,  Retail Partner  ,Denim Shorts Wide Leg,5.0,65.0,31.27
2026-06-10,  Flagship Store  ,New Balance 990v3 Made in USA,2.0,$220.0,106.58
2026-07-09,  Flagship Store  ,Cargo Pants Baggy Fit,5.0,$85.0,31.45
2026-06-19,  Flagship Store  ,Heavyweight Oversize Tee 300 GSM,,45.0,17.85
2026-07-26,  Flagship Store  ,Puffer Jacket Limited Release,1.0,$180.0,65.67
2026-06-20,  Flagship Store  ,Cargo Pants Baggy Fit,-1.0,$85.0,36.58
2026-04-22,  Pop-Up Store Madrid  ,ASICS GEL-NYC Tech Runner,-1.0,150.0,68.16
2026-07-31,  Flagship Store  ,Heavyweight Oversize Tee 300 GSM,3.0,$45.0,20.75
2026-04-06,  Pop-Up Store Madrid  ,Graphic Zip-Up Hoodie,-1.0,95.0,40.4
2026-04-11,  Drop Online Global  ,Denim Shorts Wide Leg,5.0,65.0 €,25.74
2026-07-01,  Flagship Store  ,Cargo Pants Baggy Fit,5.0,85.0 €,37.96
2026-04-07,  Flagship Store  ,ASICS GEL-NYC Tech Runner,2.0,150.0,53.4
2026-08-09,  Flagship Store  ,Boxy Fit Hoodie 500 GSM,1.0,90.0 €,34.92
2026-05-21,  Flagship Store  ,Heavyweight Oversize Tee 300 GSM,2.0,$45.0,21.94
2026-04-20,  Retail Partner  ,Puffer Jacket Limited Release,-1.0,$180.0,67.85
2026-04-12,  Flagship Store  ,Cargo Pants Baggy Fit,3.0,85.0 €,29.96
2026-06-02,  Retail Partner  ,Cargo Pants Baggy Fit,,85.0,30.19
2026-02-20,  Drop Online Global  ,Boxy Fit Hoodie 500 GSM,3.0,90.0 €,44.91
2026-03-16,  Drop Online Global  ,Cargo Pants Baggy Fit,3.0,-45.0,40.31
2026-07-18,  Pop-Up Store Madrid  ,Denim Shorts Wide Leg,1.0,65.0 €,24.95
2026-06-23,  Drop Online Global  ,ASICS GEL-NYC Tech Runner,,150.0,70.75
2026-03-11,  Drop Online Global  ,Puffer Jacket Limited Release,1.0,180.0 €,87.15
2026-05-01,  Retail Partner  ,Boxy Fit Hoodie 500 GSM,1.0,90.0 €,37.64
2026-01-17,  Flagship Store  ,ASICS GEL-NYC Tech Runner,-1.0,150.0 €,64.72
2026-01-08,  Flagship Store  ,Puffer Jacket Limited Release,5.0,$180.0,71.43
2026-04-06,  Flagship Store  ,Puffer Jacket Limited Release,1.0,180.0,80.15
2026-05-10,  Flagship Store  ,Denim Shorts Wide Leg,1.0,65.0,23.21
2026-05-14,  Drop Online Global  ,New Balance 990v3 Made in USA,,220.0,95.42
2026-01-28,  Retail Partner  ,Heavyweight Oversize Tee 300 GSM,1.0,$45.0,19.87
2026-03-27,  Retail Partner  ,New Balance 990v3 Made in USA,,$220.0,84.75
2026-04-04,  Retail Partner  ,Graphic Zip-Up Hoodie,1.0,$95.0,41.0
2026-06-17,  Retail Partner  ,Graphic Zip-Up Hoodie,-1.0,$95.0,34.03
2026-01-20,  Pop-Up Store Madrid  ,New Balance 990v3 Made in USA,1.0,220.0 €,88.67
2026-04-06,  Pop-Up Store Madrid  ,Graphic Zip-Up Hoodie,2.0,95.0,38.4
2026-03-19,  Drop Online Global  ,New Balance 990v3 Made in USA,1.0,220.0 €,84.98
2026-04-22,  Drop Online Global  ,Heavyweight Oversize Tee 300 GSM,1.0,45.0,18.89
2026-02-28,  Pop-Up Store Madrid  ,Puffer Jacket Limited Release,1.0,180.0,64.58
2026-06-23,  Retail Partner  ,Boxy Fit Hoodie 500 GSM,1.0,90.0 €,39.16
2026-06-02,  Flagship Store  ,Puffer Jacket Limited Release,1.0,180.0 €,82.19
2026-01-07,  Drop Online Global  ,New Balance 990v3 Made in USA,3.0,220.0,82.47
2026-02-11,  Drop Online Global  ,Puffer Jacket Limited Release,3.0,$180.0,84.32
2026-08-05,  Pop-Up Store Madrid  ,Denim Shorts Wide Leg,1.0,65.0,31.75
2026-03-14,  Flagship Store  ,Cargo Pants Baggy Fit,5.0,85.0 €,42.2
2026-01-24,  Pop-Up Store Madrid  ,Graphic Zip-Up Hoodie,1.0,95.0,46.37
2026-05-14,  Pop-Up Store Madrid  ,Denim Shorts Wide Leg,2.0,$65.0,31.53
2026-06-21,  Drop Online Global  ,Boxy Fit Hoodie 500 GSM,-1.0,90.0 €,41.34
2026-07-07,  Drop Online Global  ,New Balance 990v3 Made in USA,,220.0 €,97.5
2026-07-24,  Pop-Up Store Madrid  ,Cargo Pants Baggy Fit,,85.0 €,35.2
2026-01-01,  Retail Partner  ,Puffer Jacket Limited Release,2.0,180.0 €,68.81
2026-04-07,  Pop-Up Store Madrid  ,Puffer Jacket Limited Release,3.0,$180.0,65.62
2026-05-28,  Retail Partner  ,Denim Shorts Wide Leg,,$65.0,30.68
2026-04-29,  Pop-Up Store Madrid  ,Puffer Jacket Limited Release,3.0,$180.0,89.34
2026-03-20,  Pop-Up Store Madrid  ,Puffer Jacket Limited Release,1.0,180.0,63.79
2026-03-28,  Retail Partner  ,Puffer Jacket Limited Release,2.0,180.0,80.26
2026-01-06,  Retail Partner  ,Cargo Pants Baggy Fit,1.0,85.0,34.94
2026-04-04,  Flagship Store  ,Heavyweight Oversize Tee 300 GSM,2.0,45.0 €,20.01
2026-03-13,  Flagship Store  ,Cargo Pants Baggy Fit,1.0,$85.0,32.24
2026-01-02,  Flagship Store  ,Boxy Fit Hoodie 500 GSM,1.0,90.0,33.31
2026-03-28,  Pop-Up Store Madrid  ,Puffer Jacket Limited Release,1.0,180.0 €,74.89
2026-07-17,  Drop Online Global  ,ASICS GEL-NYC Tech Runner,5.0,$150.0,53.79
2026-01-27,  Flagship Store  ,Heavyweight Oversize Tee 300 GSM,2.0,45.0 €,16.62
2026-03-27,  Pop-Up Store Madrid  ,Cargo Pants Baggy Fit,,$85.0,37.96
2026-01-21,  Pop-Up Store Madrid  ,Puffer Jacket Limited Release,5.0,-45.0,85.7
2026-01-30,  Flagship Store  ,Heavyweight Oversize Tee 300 GSM,3.0,45.0 €,19.32
2026-05-29,  Pop-Up Store Madrid  ,Boxy Fit Hoodie 500 GSM,,$90.0,40.14
2026-07-15,  Flagship Store  ,Graphic Zip-Up Hoodie,2.0,$95.0,43.93
2026-06-11,  Drop Online Global  ,Cargo Pants Baggy Fit,5.0,85.0 €,37.27
2026-03-18,  Flagship Store  ,Heavyweight Oversize Tee 300 GSM,1.0,45.0,17.58
2026-06-08,  Retail Partner  ,Heavyweight Oversize Tee 300 GSM,5.0,45.0 €,21.05
2026-06-10,  Drop Online Global  ,ASICS GEL-NYC Tech Runner,1.0,150.0,71.23
2026-04-02,  Drop Online Global  ,Heavyweight Oversize Tee 300 GSM,1.0,-45.0,21.23
2026-03-22,  Drop Online Global  ,Denim Shorts Wide Leg,-1.0,-45.0,23.12
2026-07-03,  Pop-Up Store Madrid  ,Denim Shorts Wide Leg,1.0,65.0 €,29.23
2026-01-31,  Pop-Up Store Madrid  ,Puffer Jacket Limited Release,1.0,180.0 €,76.85
2026-01-17,  Pop-Up Store Madrid  ,Graphic Zip-Up Hoodie,1.0,$95.0,45.2
2026-04-19,  Pop-Up Store Madrid  ,Denim Shorts Wide Leg,1.0,65.0 €,23.29
2026-04-28,  Flagship Store  ,Denim Shorts Wide Leg,1.0,65.0 €,28.25
2026-03-15,  Pop-Up Store Madrid  ,Cargo Pants Baggy Fit,,$85.0,41.92
2026-07-31,  Retail Partner  ,Denim Shorts Wide Leg,1.0,$65.0,31.25
2026-03-15,  Retail Partner  ,Boxy Fit Hoodie 500 GSM,2.0,90.0,33.31
2026-02-15,  Pop-Up Store Madrid  ,Cargo Pants Baggy Fit,1.0,85.0,33.89
2026-02-18,  Flagship Store  ,Boxy Fit Hoodie 500 GSM,1.0,90.0,40.75
2026-07-09,  Drop Online Global  ,Boxy Fit Hoodie 500 GSM,1.0,$90.0,34.36
2026-05-19,  Flagship Store  ,Cargo Pants Baggy Fit,5.0,$85.0,39.34
2026-06-12,  Drop Online Global  ,Puffer Jacket Limited Release,3.0,$180.0,78.44
2026-01-05,  Flagship Store  ,Denim Shorts Wide Leg,1.0,-45.0,24.85
2026-03-04,  Drop Online Global  ,ASICS GEL-NYC Tech Runner,1.0,150.0 €,69.81
2026-02-24,  Flagship Store  ,Cargo Pants Baggy Fit,1.0,$85.0,38.23
2026-03-06,  Flagship Store  ,Denim Shorts Wide Leg,1.0,65.0,30.03
2026-04-23,  Retail Partner  ,New Balance 990v3 Made in USA,1.0,220.0,107.29
2026-02-18,  Retail Partner  ,Denim Shorts Wide Leg,3.0,65.0 €,31.92
2026-03-28,  Retail Partner  ,ASICS GEL-NYC Tech Runner,1.0,150.0 €,69.69
2026-06-17,  Retail Partner  ,Graphic Zip-Up Hoodie,-1.0,95.0,36.32
2026-04-18,  Pop-Up Store Madrid  ,Heavyweight Oversize Tee 300 GSM,,45.0,19.87
2026-06-04,  Retail Partner  ,ASICS GEL-NYC Tech Runner,1.0,150.0,54.88
2026-02-24,  Drop Online Global  ,Heavyweight Oversize Tee 300 GSM,3.0,45.0,15.82
2026-07-09,  Retail Partner  ,New Balance 990v3 Made in USA,3.0,$220.0,100.31
2026-04-02,  Flagship Store  ,Heavyweight Oversize Tee 300 GSM,1.0,$45.0,17.37
2026-05-04,  Pop-Up Store Madrid  ,Puffer Jacket Limited Release,,180.0 €,89.51
2026-01-19,  Retail Partner  ,Heavyweight Oversize Tee 300 GSM,2.0,45.0 €,21.32
2026-08-04,  Retail Partner  ,New Balance 990v3 Made in USA,,220.0,98.94
2026-03-22,  Drop Online Global  ,Cargo Pants Baggy Fit,1.0,85.0 €,33.02
2026-03-20,  Flagship Store  ,Cargo Pants Baggy Fit,-1.0,85.0 €,37.75
2026-07-13,  Flagship Store  ,Graphic Zip-Up Hoodie,5.0,95.0,40.18
2026-04-13,  Retail Partner  ,New Balance 990v3 Made in USA,2.0,220.0,99.63
2026-07-08,  Retail Partner  ,Cargo Pants Baggy Fit,,85.0 €,37.38
2026-07-13,  Flagship Store  ,ASICS GEL-NYC Tech Runner,2.0,-45.0,53.63
2026-05-06,  Drop Online Global  ,Graphic Zip-Up Hoodie,1.0,95.0,34.11
2026-06-16,  Retail Partner  ,Heavyweight Oversize Tee 300 GSM,,45.0 €,17.81
2026-08-04,  Drop Online Global  ,Graphic Zip-Up Hoodie,-1.0,95.0 €,42.29
2026-01-24,  Pop-Up Store Madrid  ,Boxy Fit Hoodie 500 GSM,3.0,$90.0,41.24
2026-02-12,  Pop-Up Store Madrid  ,ASICS GEL-NYC Tech Runner,2.0,150.0,71.11
2026-05-01,  Drop Online Global  ,New Balance 990v3 Made in USA,1.0,220.0,87.18
2026-02-08,  Drop Online Global  ,ASICS GEL-NYC Tech Runner,3.0,150.0 €,74.23
2026-02-14,  Drop Online Global  ,Graphic Zip-Up Hoodie,2.0,95.0 €,42.15
2026-02-21,  Drop Online Global  ,Boxy Fit Hoodie 500 GSM,2.0,$90.0,36.19
2026-04-02,  Pop-Up Store Madrid  ,Denim Shorts Wide Leg,5.0,$65.0,24.26
2026-05-18,  Retail Partner  ,Heavyweight Oversize Tee 300 GSM,2.0,45.0 €,19.84
2026-03-15,  Flagship Store  ,Boxy Fit Hoodie 500 GSM,5.0,$90.0,44.19
2026-02-11,  Pop-Up Store Madrid  ,Cargo Pants Baggy Fit,-1.0,-45.0,32.29
2026-01-03,  Retail Partner  ,New Balance 990v3 Made in USA,1.0,$220.0,94.1
2026-07-28,  Retail Partner  ,Cargo Pants Baggy Fit,3.0,85.0,36.59
2026-01-05,  Retail Partner  ,Denim Shorts Wide Leg,2.0,$65.0,25.95
2026-03-01,  Flagship Store  ,Boxy Fit Hoodie 500 GSM,1.0,$90.0,36.91
2026-06-21,  Retail Partner  ,Denim Shorts Wide Leg,1.0,$65.0,29.62
2026-03-03,  Flagship Store  ,Puffer Jacket Limited Release,1.0,180.0 €,69.01
2026-05-10,  Pop-Up Store Madrid  ,Denim Shorts Wide Leg,,$65.0,28.7
2026-05-27,  Flagship Store  ,Cargo Pants Baggy Fit,1.0,$85.0,37.08
2026-07-27,  Pop-Up Store Madrid  ,Heavyweight Oversize Tee 300 GSM,1.0,45.0 €,20.71
2026-02-26,  Pop-Up Store Madrid  ,New Balance 990v3 Made in USA,-1.0,220.0 €,100.53
2026-06-05,  Pop-Up Store Madrid  ,ASICS GEL-NYC Tech Runner,1.0,$150.0,70.49
2026-01-21,  Retail Partner  ,Denim Shorts Wide Leg,1.0,65.0,25.19
2026-01-22,  Drop Online Global  ,ASICS GEL-NYC Tech Runner,5.0,$150.0,67.79
2026-01-05,  Flagship Store  ,ASICS GEL-NYC Tech Runner,2.0,150.0,66.07
2026-06-12,  Pop-Up Store Madrid  ,Puffer Jacket Limited Release,1.0,$180.0,89.1
2026-02-02,  Flagship Store  ,Boxy Fit Hoodie 500 GSM,1.0,90.0 €,37.79
2026-07-28,  Flagship Store  ,Denim Shorts Wide Leg,5.0,65.0 €,26.0
2026-05-02,  Drop Online Global  ,Boxy Fit Hoodie 500 GSM,3.0,90.0,43.87
2026-02-09,  Flagship Store  ,Denim Shorts Wide Leg,5.0,65.0 €,29.35
2026-07-04,  Flagship Store  ,Heavyweight Oversize Tee 300 GSM,1.0,45.0 €,20.99
2026-02-01,  Flagship Store  ,ASICS GEL-NYC Tech Runner,-1.0,150.0,65.87
2026-02-09,  Retail Partner  ,Denim Shorts Wide Leg,1.0,$65.0,26.17
2026-07-31,  Drop Online Global  ,Cargo Pants Baggy Fit,1.0,85.0,41.95
2026-04-06,  Pop-Up Store Madrid  ,Boxy Fit Hoodie 500 GSM,3.0,90.0 €,38.53
2026-03-19,  Drop Online Global  ,Heavyweight Oversize Tee 300 GSM,1.0,45.0,17.44
2026-04-24,  Pop-Up Store Madrid  ,New Balance 990v3 Made in USA,1.0,220.0,105.48
2026-03-06,  Flagship Store  ,Cargo Pants Baggy Fit,1.0,85.0 €,32.65
2026-03-04,  Pop-Up Store Madrid  ,New Balance 990v3 Made in USA,3.0,220.0 €,95.7
2026-05-07,  Flagship Store  ,Heavyweight Oversize Tee 300 GSM,1.0,45.0 €,18.48
2026-04-23,  Drop Online Global  ,ASICS GEL-NYC Tech Runner,1.0,$150.0,67.01
2026-01-13,  Flagship Store  ,Heavyweight Oversize Tee 300 GSM,2.0,$45.0,20.87
2026-05-04,  Retail Partner  ,Graphic Zip-Up Hoodie,2.0,95.0,44.63
2026-02-12,  Flagship Store  ,Denim Shorts Wide Leg,2.0,$65.0,23.33
2026-03-10,  Pop-Up Store Madrid  ,Heavyweight Oversize Tee 300 GSM,1.0,45.0,18.27
2026-02-09,  Retail Partner  ,Cargo Pants Baggy Fit,3.0,85.0,39.82
2026-06-10,  Pop-Up Store Madrid  ,Graphic Zip-Up Hoodie,1.0,95.0 €,44.21
2026-05-15,  Pop-Up Store Madrid  ,Denim Shorts Wide Leg,2.0,65.0 €,27.49
2026-03-23,  Retail Partner  ,Cargo Pants Baggy Fit,1.0,$85.0,35.33
2026-06-21,  Pop-Up Store Madrid  ,Graphic Zip-Up Hoodie,5.0,95.0,44.05
2026-07-08,  Drop Online Global  ,Denim Shorts Wide Leg,,65.0 €,28.59
2026-06-07,  Drop Online Global  ,ASICS GEL-NYC Tech Runner,-1.0,150.0 €,69.52
2026-04-16,  Drop Online Global  ,Graphic Zip-Up Hoodie,-1.0,$95.0,44.72
2026-01-09,  Pop-Up Store Madrid  ,Graphic Zip-Up Hoodie,1.0,$95.0,39.65
2026-03-01,  Retail Partner  ,New Balance 990v3 Made in USA,,$220.0,95.39
2026-05-01,  Drop Online Global  ,New Balance 990v3 Made in USA,5.0,-45.0,100.09
2026-08-04,  Pop-Up Store Madrid  ,ASICS GEL-NYC Tech Runner,1.0,$150.0,63.01
2026-03-17,  Drop Online Global  ,Puffer Jacket Limited Release,5.0,180.0,78.96
2026-07-05,  Flagship Store  ,New Balance 990v3 Made in USA,-1.0,-45.0,96.01
2026-03-22,  Retail Partner  ,Heavyweight Oversize Tee 300 GSM,-1.0,$45.0,18.09
2026-04-26,  Drop Online Global  ,Boxy Fit Hoodie 500 GSM,1.0,$90.0,31.82
2026-03-26,  Flagship Store  ,Boxy Fit Hoodie 500 GSM,1.0,90.0,32.6
2026-05-06,  Pop-Up Store Madrid  ,Puffer Jacket Limited Release,-1.0,180.0 €,63.83
2026-07-18,  Pop-Up Store Madrid  ,Denim Shorts Wide Leg,5.0,65.0 €,28.07
2026-01-26,  Flagship Store  ,New Balance 990v3 Made in USA,,220.0 €,85.3
2026-03-29,  Pop-Up Store Madrid  ,Cargo Pants Baggy Fit,3.0,$85.0,41.58
2026-06-25,  Drop Online Global  ,New Balance 990v3 Made in USA,5.0,$220.0,82.59
2026-04-22,  Retail Partner  ,New Balance 990v3 Made in USA,1.0,220.0 €,80.14
2026-03-06,  Flagship Store  ,Heavyweight Oversize Tee 300 GSM,2.0,$45.0,20.19
2026-02-01,  Pop-Up Store Madrid  ,Denim Shorts Wide Leg,1.0,65.0 €,31.47
2026-03-31,  Pop-Up Store Madrid  ,Heavyweight Oversize Tee 300 GSM,,45.0,21.21
2026-05-03,  Retail Partner  ,Denim Shorts Wide Leg,1.0,-45.0,24.57
2026-05-07,  Retail Partner  ,Boxy Fit Hoodie 500 GSM,5.0,90.0,33.68
2026-04-25,  Pop-Up Store Madrid  ,Denim Shorts Wide Leg,-1.0,65.0,23.46
2026-02-23,  Pop-Up Store Madrid  ,New Balance 990v3 Made in USA,1.0,-45.0,103.99
2026-04-10,  Pop-Up Store Madrid  ,Graphic Zip-Up Hoodie,1.0,95.0 €,46.89
2026-06-27,  Retail Partner  ,Boxy Fit Hoodie 500 GSM,2.0,$90.0,34.76
2026-03-08,  Flagship Store  ,Boxy Fit Hoodie 500 GSM,,$90.0,33.52
2026-02-07,  Flagship Store  ,Puffer Jacket Limited Release,1.0,180.0 €,66.16
2026-06-16,  Retail Partner  ,New Balance 990v3 Made in USA,1.0,$220.0,104.47
2026-05-13,  Pop-Up Store Madrid  ,Boxy Fit Hoodie 500 GSM,5.0,$90.0,44.28
2026-07-04,  Drop Online Global  ,New Balance 990v3 Made in USA,1.0,$220.0,96.38
2026-07-01,  Flagship Store  ,Graphic Zip-Up Hoodie,,95.0,46.41
2026-06-01,  Pop-Up Store Madrid  ,Puffer Jacket Limited Release,2.0,$180.0,71.84
2026-04-28,  Drop Online Global  ,Denim Shorts Wide Leg,1.0,65.0,31.81
2026-02-09,  Retail Partner  ,Denim Shorts Wide Leg,1.0,65.0 €,31.56
2026-05-23,  Pop-Up Store Madrid  ,Graphic Zip-Up Hoodie,3.0,$95.0,38.43
2026-01-27,  Pop-Up Store Madrid  ,Boxy Fit Hoodie 500 GSM,2.0,90.0,36.1
2026-07-03,  Flagship Store  ,Boxy Fit Hoodie 500 GSM,1.0,90.0 €,37.3
2026-06-18,  Drop Online Global  ,New Balance 990v3 Made in USA,5.0,220.0 €,104.97
2026-05-17,  Pop-Up Store Madrid  ,Heavyweight Oversize Tee 300 GSM,1.0,45.0 €,17.96
2026-01-19,  Pop-Up Store Madrid  ,New Balance 990v3 Made in USA,3.0,$220.0,105.84
2026-03-17,  Pop-Up Store Madrid  ,New Balance 990v3 Made in USA,2.0,$220.0,106.22
2026-07-18,  Flagship Store  ,Puffer Jacket Limited Release,5.0,$180.0,79.16
2026-01-05,  Pop-Up Store Madrid  ,Cargo Pants Baggy Fit,,85.0 €,40.96
2026-07-16,  Retail Partner  ,ASICS GEL-NYC Tech Runner,1.0,$150.0,60.31
2026-02-27,  Drop Online Global  ,Cargo Pants Baggy Fit,1.0,85.0,41.83
2026-04-05,  Flagship Store  ,Graphic Zip-Up Hoodie,1.0,95.0 €,41.7
2026-07-05,  Flagship Store  ,ASICS GEL-NYC Tech Runner,,150.0 €,61.41
2026-07-04,  Flagship Store  ,Boxy Fit Hoodie 500 GSM,1.0,90.0 €,43.46
2026-03-02,  Flagship Store  ,New Balance 990v3 Made in USA,5.0,220.0 €,102.75
2026-04-09,  Flagship Store  ,New Balance 990v3 Made in USA,1.0,220.0,106.93
2026-07-24,  Pop-Up Store Madrid  ,Heavyweight Oversize Tee 300 GSM,1.0,45.0,17.72
2026-05-04,  Pop-Up Store Madrid  ,New Balance 990v3 Made in USA,5.0,220.0,89.54
2026-03-17,  Flagship Store  ,New Balance 990v3 Made in USA,5.0,220.0,100.07
2026-03-13,  Retail Partner  ,Denim Shorts Wide Leg,2.0,65.0,23.86
2026-02-22,  Flagship Store  ,New Balance 990v3 Made in USA,1.0,$220.0,85.63
2026-01-31,  Drop Online Global  ,ASICS GEL-NYC Tech Runner,5.0,150.0,61.57
2026-05-20,  Flagship Store  ,Heavyweight Oversize Tee 300 GSM,3.0,45.0,21.64
2026-06-15,  Pop-Up Store Madrid  ,ASICS GEL-NYC Tech Runner,-1.0,150.0 €,74.84
2026-03-14,  Drop Online Global  ,New Balance 990v3 Made in USA,-1.0,220.0 €,95.45
2026-08-02,  Retail Partner  ,Denim Shorts Wide Leg,1.0,65.0 €,29.22
2026-04-27,  Retail Partner  ,Denim Shorts Wide Leg,,$65.0,25.43
2026-04-16,  Flagship Store  ,ASICS GEL-NYC Tech Runner,1.0,150.0 €,58.99
2026-06-21,  Pop-Up Store Madrid  ,New Balance 990v3 Made in USA,2.0,220.0 €,104.94
2026-08-06,  Pop-Up Store Madrid  ,Puffer Jacket Limited Release,5.0,180.0,75.13
2026-05-23,  Retail Partner  ,Denim Shorts Wide Leg,2.0,$65.0,26.42
2026-03-18,  Flagship Store  ,New Balance 990v3 Made in USA,2.0,220.0,108.29
2026-05-06,  Retail Partner  ,Puffer Jacket Limited Release,-1.0,180.0,83.39
2026-06-17,  Flagship Store  ,Puffer Jacket Limited Release,1.0,-45.0,86.7
2026-01-29,  Flagship Store  ,Boxy Fit Hoodie 500 GSM,1.0,90.0 €,33.17
2026-06-06,  Drop Online Global  ,Cargo Pants Baggy Fit,1.0,$85.0,32.3
2026-01-14,  Pop-Up Store Madrid  ,Cargo Pants Baggy Fit,5.0,85.0,32.27
2026-04-10,  Pop-Up Store Madrid  ,ASICS GEL-NYC Tech Runner,1.0,150.0 €,53.44
2026-01-13,  Drop Online Global  ,Denim Shorts Wide Leg,2.0,$65.0,27.45
2026-06-23,  Retail Partner  ,ASICS GEL-NYC Tech Runner,1.0,$150.0,62.72
2026-07-18,  Retail Partner  ,Graphic Zip-Up Hoodie,,$95.0,42.74
2026-02-21,  Pop-Up Store Madrid  ,Puffer Jacket Limited Release,1.0,180.0 €,81.07
2026-07-07,  Drop Online Global  ,ASICS GEL-NYC Tech Runner,-1.0,$150.0,61.01
2026-04-27,  Drop Online Global  ,Boxy Fit Hoodie 500 GSM,5.0,90.0,39.49
2026-01-06,  Pop-Up Store Madrid  ,Graphic Zip-Up Hoodie,1.0,95.0,41.21
2026-05-27,  Flagship Store  ,Graphic Zip-Up Hoodie,2.0,$95.0,33.35
2026-05-05,  Pop-Up Store Madrid  ,ASICS GEL-NYC Tech Runner,2.0,150.0,66.1
2026-04-16,  Drop Online Global  ,Graphic Zip-Up Hoodie,2.0,95.0 €,45.42
2026-06-01,  Drop Online Global  ,ASICS GEL-NYC Tech Runner,5.0,150.0 €,74.87
2026-03-12,  Flagship Store  ,ASICS GEL-NYC Tech Runner,1.0,150.0,73.51
2026-05-06,  Pop-Up Store Madrid  ,Cargo Pants Baggy Fit,,85.0 €,30.56
2026-01-02,  Flagship Store  ,Boxy Fit Hoodie 500 GSM,1.0,90.0,34.28
2026-01-03,  Pop-Up Store Madrid  ,Heavyweight Oversize Tee 300 GSM,,$45.0,21.88
2026-04-17,  Retail Partner  ,Graphic Zip-Up Hoodie,1.0,95.0 €,45.4
2026-01-30,  Pop-Up Store Madrid  ,Boxy Fit Hoodie 500 GSM,2.0,$90.0,32.85
2026-02-12,  Retail Partner  ,ASICS GEL-NYC Tech Runner,1.0,$150.0,63.47
2026-06-05,  Retail Partner  ,Boxy Fit Hoodie 500 GSM,1.0,90.0 €,33.9
2026-06-04,  Flagship Store  ,Puffer Jacket Limited Release,,180.0,69.83
2026-01-12,  Flagship Store  ,ASICS GEL-NYC Tech Runner,-1.0,150.0 €,72.54
2026-06-26,  Drop Online Global  ,Heavyweight Oversize Tee 300 GSM,3.0,45.0,19.87
2026-05-02,  Retail Partner  ,Cargo Pants Baggy Fit,5.0,$85.0,37.01
2026-03-29,  Flagship Store  ,Boxy Fit Hoodie 500 GSM,1.0,$90.0,38.65
2026-02-18,  Flagship Store  ,Graphic Zip-Up Hoodie,-1.0,95.0 €,44.75
2026-04-19,  Drop Online Global  ,Denim Shorts Wide Leg,3.0,65.0,30.36
2026-07-27,  Pop-Up Store Madrid  ,Graphic Zip-Up Hoodie,3.0,95.0,46.27
2026-03-04,  Pop-Up Store Madrid  ,New Balance 990v3 Made in USA,1.0,$220.0,106.77
2026-03-21,  Drop Online Global  ,Cargo Pants Baggy Fit,5.0,85.0,31.52
2026-07-28,  Retail Partner  ,Boxy Fit Hoodie 500 GSM,,90.0,34.91
2026-02-23,  Flagship Store  ,Boxy Fit Hoodie 500 GSM,-1.0,90.0 €,38.46
2026-01-13,  Drop Online Global  ,Puffer Jacket Limited Release,1.0,180.0 €,87.37
2026-01-24,  Pop-Up Store Madrid  ,Puffer Jacket Limited Release,3.0,$180.0,82.98
2026-02-23,  Retail Partner  ,Denim Shorts Wide Leg,3.0,65.0 €,28.29
2026-07-11,  Pop-Up Store Madrid  ,Boxy Fit Hoodie 500 GSM,2.0,$90.0,41.86
2026-04-24,  Drop Online Global  ,Denim Shorts Wide Leg,,65.0 €,22.89
2026-05-26,  Pop-Up Store Madrid  ,Puffer Jacket Limited Release,1.0,$180.0,68.56
2026-08-09,  Retail Partner  ,Graphic Zip-Up Hoodie,1.0,95.0,47.3
2026-01-27,  Drop Online Global  ,Graphic Zip-Up Hoodie,-1.0,$95.0,46.63
2026-05-07,  Pop-Up Store Madrid  ,Denim Shorts Wide Leg,2.0,65.0 €,27.49
2026-05-01,  Retail Partner  ,ASICS GEL-NYC Tech Runner,1.0,$150.0,57.63
2026-07-28,  Drop Online Global  ,Heavyweight Oversize Tee 300 GSM,3.0,45.0 €,18.03
2026-06-16,  Flagship Store  ,Graphic Zip-Up Hoodie,,95.0,42.45
2026-07-02,  Retail Partner  ,ASICS GEL-NYC Tech Runner,1.0,$150.0,55.96
2026-07-08,  Pop-Up Store Madrid  ,Graphic Zip-Up Hoodie,5.0,$95.0,41.5
2026-03-23,  Pop-Up Store Madrid  ,Graphic Zip-Up Hoodie,-1.0,95.0 €,36.83
2026-01-14,  Flagship Store  ,Boxy Fit Hoodie 500 GSM,3.0,90.0,39.17
2026-01-13,  Drop Online Global  ,Graphic Zip-Up Hoodie,,$95.0,38.73
2026-04-21,  Retail Partner  ,Heavyweight Oversize Tee 300 GSM,-1.0,45.0,16.38
2026-07-23,  Retail Partner  ,Heavyweight Oversize Tee 300 GSM,1.0,45.0,19.13
2026-06-17,  Flagship Store  ,Puffer Jacket Limited Release,3.0,180.0,87.81
2026-02-01,  Retail Partner  ,New Balance 990v3 Made in USA,,220.0 €,96.69
2026-03-19,  Flagship Store  ,Denim Shorts Wide Leg,2.0,65.0,31.1
2026-05-15,  Pop-Up Store Madrid  ,New Balance 990v3 Made in USA,5.0,220.0,96.82
2026-03-18,  Retail Partner  ,Graphic Zip-Up Hoodie,-1.0,95.0 €,35.11
2026-05-11,  Flagship Store  ,Heavyweight Oversize Tee 300 GSM,,$45.0,15.79
2026-06-24,  Flagship Store  ,Boxy Fit Hoodie 500 GSM,1.0,$90.0,35.39
2026-02-19,  Drop Online Global  ,Puffer Jacket Limited Release,1.0,-45.0,79.49
2026-03-26,  Pop-Up Store Madrid  ,Puffer Jacket Limited Release,-1.0,180.0,83.08
2026-04-18,  Retail Partner  ,New Balance 990v3 Made in USA,5.0,$220.0,97.39
2026-01-01,  Pop-Up Store Madrid  ,New Balance 990v3 Made in USA,,220.0,96.7
2026-06-24,  Drop Online Global  ,Cargo Pants Baggy Fit,2.0,85.0,35.41
2026-05-28,  Retail Partner  ,Cargo Pants Baggy Fit,-1.0,85.0 €,31.95
2026-07-30,  Pop-Up Store Madrid  ,Cargo Pants Baggy Fit,3.0,85.0 €,31.24
2026-02-23,  Drop Online Global  ,Puffer Jacket Limited Release,,$180.0,70.54
2026-08-02,  Retail Partner  ,Boxy Fit Hoodie 500 GSM,2.0,90.0 €,38.65
2026-05-05,  Pop-Up Store Madrid  ,Puffer Jacket Limited Release,,180.0 €,75.85
2026-03-18,  Drop Online Global  ,ASICS GEL-NYC Tech Runner,2.0,-45.0,68.93
2026-04-26,  Drop Online Global  ,Cargo Pants Baggy Fit,,85.0,36.67
2026-05-07,  Retail Partner  ,Denim Shorts Wide Leg,,$65.0,24.29
2026-02-12,  Flagship Store  ,Puffer Jacket Limited Release,-1.0,180.0 €,76.38
2026-01-12,  Flagship Store  ,Cargo Pants Baggy Fit,-1.0,85.0 €,34.35
2026-07-22,  Flagship Store  ,Graphic Zip-Up Hoodie,2.0,$95.0,36.56
2026-02-22,  Flagship Store  ,ASICS GEL-NYC Tech Runner,1.0,150.0 €,64.61
2026-01-14,  Flagship Store  ,New Balance 990v3 Made in USA,5.0,$220.0,86.23
2026-04-23,  Pop-Up Store Madrid  ,Graphic Zip-Up Hoodie,1.0,-45.0,33.82
2026-06-05,  Retail Partner  ,Graphic Zip-Up Hoodie,1.0,$95.0,46.86
2026-01-31,  Retail Partner  ,ASICS GEL-NYC Tech Runner,-1.0,$150.0,55.84
2026-01-08,  Drop Online Global  ,Heavyweight Oversize Tee 300 GSM,2.0,$45.0,15.84
2026-04-05,  Flagship Store  ,Denim Shorts Wide Leg,2.0,65.0 €,30.63
2026-05-24,  Drop Online Global  ,Graphic Zip-Up Hoodie,-1.0,95.0,38.45
2026-05-03,  Pop-Up Store Madrid  ,Puffer Jacket Limited Release,5.0,180.0 €,88.76
2026-07-05,  Retail Partner  ,New Balance 990v3 Made in USA,1.0,$220.0,103.85
2026-02-16,  Drop Online Global  ,New Balance 990v3 Made in USA,-1.0,220.0,84.37
2026-08-05,  Drop Online Global  ,Graphic Zip-Up Hoodie,1.0,$95.0,37.32
2026-06-30,  Retail Partner  ,New Balance 990v3 Made in USA,3.0,$220.0,92.96
2026-03-09,  Drop Online Global  ,New Balance 990v3 Made in USA,5.0,220.0 €,101.41
2026-05-07,  Retail Partner  ,Puffer Jacket Limited Release,,180.0,71.65
2026-03-17,  Pop-Up Store Madrid  ,Heavyweight Oversize Tee 300 GSM,5.0,$45.0,17.39
2026-05-10,  Retail Partner  ,Cargo Pants Baggy Fit,3.0,85.0 €,33.37
2026-06-27,  Drop Online Global  ,Heavyweight Oversize Tee 300 GSM,2.0,45.0 €,15.99
2026-07-31,  Retail Partner  ,New Balance 990v3 Made in USA,3.0,-45.0,100.08
2026-07-27,  Retail Partner  ,Denim Shorts Wide Leg,5.0,-45.0,29.25
2026-03-10,  Flagship Store  ,Puffer Jacket Limited Release,5.0,180.0,89.02
2026-03-14,  Pop-Up Store Madrid  ,ASICS GEL-NYC Tech Runner,1.0,$150.0,62.84
2026-06-30,  Retail Partner  ,Denim Shorts Wide Leg,2.0,65.0,25.47
2026-04-08,  Pop-Up Store Madrid  ,New Balance 990v3 Made in USA,2.0,$220.0,78.75
2026-05-22,  Flagship Store  ,Puffer Jacket Limited Release,3.0,180.0,75.19
2026-04-18,  Pop-Up Store Madrid  ,Puffer Jacket Limited Release,1.0,180.0 €,74.36
2026-06-21,  Pop-Up Store Madrid  ,Graphic Zip-Up Hoodie,1.0,95.0,36.16
2026-07-11,  Drop Online Global  ,Graphic Zip-Up Hoodie,5.0,$95.0,40.57
2026-02-16,  Retail Partner  ,New Balance 990v3 Made in USA,,220.0 €,95.02
2026-03-13,  Drop Online Global  ,New Balance 990v3 Made in USA,3.0,220.0 €,84.7
2026-05-05,  Flagship Store  ,Graphic Zip-Up Hoodie,1.0,95.0,46.95
2026-08-06,  Pop-Up Store Madrid  ,Denim Shorts Wide Leg,2.0,65.0 €,31.35
2026-01-21,  Drop Online Global  ,ASICS GEL-NYC Tech Runner,-1.0,150.0 €,55.43
2026-02-16,  Flagship Store  ,ASICS GEL-NYC Tech Runner,1.0,150.0,68.2
2026-05-16,  Drop Online Global  ,Puffer Jacket Limited Release,2.0,$180.0,69.27
2026-03-06,  Drop Online Global  ,ASICS GEL-NYC Tech Runner,1.0,150.0 €,53.67
2026-05-26,  Pop-Up Store Madrid  ,Denim Shorts Wide Leg,1.0,$65.0,28.37
2026-02-28,  Drop Online Global  ,Denim Shorts Wide Leg,1.0,$65.0,28.83
2026-06-07,  Flagship Store  ,New Balance 990v3 Made in USA,5.0,$220.0,81.82
2026-05-04,  Flagship Store  ,Boxy Fit Hoodie 500 GSM,5.0,90.0 €,44.84
2026-01-04,  Pop-Up Store Madrid  ,Graphic Zip-Up Hoodie,1.0,$95.0,34.11
2026-06-27,  Drop Online Global  ,Denim Shorts Wide Leg,5.0,$65.0,31.85
2026-06-15,  Retail Partner  ,Cargo Pants Baggy Fit,1.0,85.0 €,42.27
2026-03-27,  Pop-Up Store Madrid  ,New Balance 990v3 Made in USA,1.0,220.0,108.54
2026-06-25,  Retail Partner  ,Graphic Zip-Up Hoodie,3.0,$95.0,43.58
2026-04-05,  Retail Partner  ,Puffer Jacket Limited Release,1.0,180.0,76.74
2026-01-17,  Flagship Store  ,Puffer Jacket Limited Release,1.0,180.0,68.73
2026-01-02,  Retail Partner  ,Cargo Pants Baggy Fit,5.0,85.0,31.07
2026-05-23,  Pop-Up Store Madrid  ,New Balance 990v3 Made in USA,-1.0,$220.0,85.86
2026-07-13,  Pop-Up Store Madrid  ,New Balance 990v3 Made in USA,1.0,$220.0,91.13
2026-02-05,  Drop Online Global  ,Graphic Zip-Up Hoodie,,-45.0,33.92
2026-05-01,  Pop-Up Store Madrid  ,Boxy Fit Hoodie 500 GSM,1.0,90.0,32.72
2026-03-30,  Drop Online Global  ,Graphic Zip-Up Hoodie,1.0,$95.0,33.59
2026-05-30,  Retail Partner  ,Graphic Zip-Up Hoodie,1.0,$95.0,42.26
2026-03-26,  Retail Partner  ,Denim Shorts Wide Leg,5.0,$65.0,24.45
2026-05-14,  Pop-Up Store Madrid  ,Boxy Fit Hoodie 500 GSM,2.0,90.0 €,32.33
2026-02-20,  Flagship Store  ,Denim Shorts Wide Leg,1.0,65.0 €,27.77
2026-02-24,  Pop-Up Store Madrid  ,New Balance 990v3 Made in USA,5.0,220.0,88.24
2026-02-13,  Retail Partner  ,Heavyweight Oversize Tee 300 GSM,,45.0 €,16.04
2026-05-25,  Drop Online Global  ,ASICS GEL-NYC Tech Runner,2.0,150.0 €,55.08
2026-01-24,  Flagship Store  ,Cargo Pants Baggy Fit,,85.0,30.57
2026-01-20,  Retail Partner  ,ASICS GEL-NYC Tech Runner,5.0,150.0,60.6
2026-05-04,  Retail Partner  ,New Balance 990v3 Made in USA,1.0,220.0 €,93.93
2026-04-30,  Retail Partner  ,Boxy Fit Hoodie 500 GSM,1.0,90.0 €,36.42
2026-04-13,  Retail Partner  ,Boxy Fit Hoodie 500 GSM,3.0,90.0,44.03
2026-06-02,  Retail Partner  ,Puffer Jacket Limited Release,2.0,$180.0,73.2
2026-01-08,  Retail Partner  ,Cargo Pants Baggy Fit,3.0,85.0,42.34
2026-03-11,  Pop-Up Store Madrid  ,New Balance 990v3 Made in USA,1.0,$220.0,81.15
2026-02-23,  Retail Partner  ,Graphic Zip-Up Hoodie,,95.0 €,41.69
2026-01-25,  Retail Partner  ,Heavyweight Oversize Tee 300 GSM,5.0,45.0 €,16.37
2026-07-05,  Pop-Up Store Madrid  ,Puffer Jacket Limited Release,2.0,$180.0,77.21
2026-01-23,  Drop Online Global  ,Graphic Zip-Up Hoodie,5.0,-45.0,36.06
2026-02-26,  Drop Online Global  ,Boxy Fit Hoodie 500 GSM,1.0,90.0 €,34.7
2026-06-15,  Pop-Up Store Madrid  ,Cargo Pants Baggy Fit,3.0,$85.0,35.49
2026-01-25,  Flagship Store  ,Denim Shorts Wide Leg,-1.0,65.0 €,27.07
2026-06-04,  Retail Partner  ,Heavyweight Oversize Tee 300 GSM,5.0,45.0,16.16
2026-04-28,  Retail Partner  ,New Balance 990v3 Made in USA,-1.0,220.0,95.19
2026-06-12,  Pop-Up Store Madrid  ,Boxy Fit Hoodie 500 GSM,1.0,90.0 €,42.96
2026-04-10,  Pop-Up Store Madrid  ,Graphic Zip-Up Hoodie,1.0,95.0 €,40.63
2026-08-06,  Drop Online Global  ,Denim Shorts Wide Leg,,65.0,28.02
2026-02-09,  Drop Online Global  ,Heavyweight Oversize Tee 300 GSM,5.0,$45.0,18.92
2026-01-02,  Flagship Store  ,Puffer Jacket Limited Release,1.0,180.0 €,73.06
2026-08-08,  Drop Online Global  ,Graphic Zip-Up Hoodie,1.0,95.0 €,40.97
2026-06-27,  Pop-Up Store Madrid  ,Cargo Pants Baggy Fit,3.0,$85.0,33.66
2026-04-15,  Pop-Up Store Madrid  ,ASICS GEL-NYC Tech Runner,3.0,$150.0,68.84
2026-06-06,  Flagship Store  ,ASICS GEL-NYC Tech Runner,1.0,150.0,56.97
2026-06-28,  Drop Online Global  ,Graphic Zip-Up Hoodie,-1.0,95.0 €,42.32
2026-06-29,  Flagship Store  ,Denim Shorts Wide Leg,1.0,$65.0,30.93
2026-07-24,  Retail Partner  ,Graphic Zip-Up Hoodie,,95.0,38.73
2026-07-23,  Pop-Up Store Madrid  ,Heavyweight Oversize Tee 300 GSM,2.0,$45.0,22.04
2026-03-14,  Drop Online Global  ,Puffer Jacket Limited Release,-1.0,180.0,67.54
2026-03-28,  Retail Partner  ,New Balance 990v3 Made in USA,3.0,220.0,94.38
2026-05-12,  Drop Online Global  ,Puffer Jacket Limited Release,-1.0,180.0,67.34
2026-07-24,  Pop-Up Store Madrid  ,Denim Shorts Wide Leg,2.0,65.0,27.79
2026-04-09,  Flagship Store  ,Denim Shorts Wide Leg,2.0,65.0 €,24.01
2026-02-20,  Flagship Store  ,Boxy Fit Hoodie 500 GSM,1.0,90.0 €,40.99
2026-01-16,  Drop Online Global  ,New Balance 990v3 Made in USA,1.0,$220.0,84.13
2026-07-04,  Pop-Up Store Madrid  ,New Balance 990v3 Made in USA,1.0,220.0 €,108.55
2026-04-18,  Drop Online Global  ,New Balance 990v3 Made in USA,1.0,220.0 €,108.51
2026-05-11,  Pop-Up Store Madrid  ,Cargo Pants Baggy Fit,-1.0,85.0 €,37.67
2026-02-20,  Drop Online Global  ,New Balance 990v3 Made in USA,1.0,220.0 €,78.37
2026-03-25,  Drop Online Global  ,Puffer Jacket Limited Release,3.0,$180.0,71.59
2026-02-10,  Pop-Up Store Madrid  ,Heavyweight Oversize Tee 300 GSM,2.0,$45.0,20.14
2026-06-08,  Drop Online Global  ,Denim Shorts Wide Leg,1.0,65.0,28.52
2026-02-17,  Drop Online Global  ,Boxy Fit Hoodie 500 GSM,3.0,$90.0,44.57
2026-03-09,  Drop Online Global  ,ASICS GEL-NYC Tech Runner,3.0,150.0 €,70.11
2026-07-28,  Retail Partner  ,Cargo Pants Baggy Fit,-1.0,85.0 €,42.19
2026-01-17,  Pop-Up Store Madrid  ,ASICS GEL-NYC Tech Runner,1.0,-45.0,54.79
2026-02-10,  Drop Online Global  ,Heavyweight Oversize Tee 300 GSM,5.0,45.0 €,19.81
2026-07-31,  Pop-Up Store Madrid  ,Cargo Pants Baggy Fit,,85.0,41.46
2026-02-20,  Retail Partner  ,Graphic Zip-Up Hoodie,3.0,$95.0,41.26
2026-01-07,  Drop Online Global  ,ASICS GEL-NYC Tech Runner,5.0,$150.0,70.51
2026-07-06,  Retail Partner  ,Denim Shorts Wide Leg,1.0,65.0 €,23.95
2026-06-15,  Flagship Store  ,Cargo Pants Baggy Fit,1.0,85.0 €,36.32
2026-03-01,  Retail Partner  ,New Balance 990v3 Made in USA,-1.0,$220.0,96.72
2026-07-22,  Drop Online Global  ,Boxy Fit Hoodie 500 GSM,2.0,90.0,44.51
2026-03-11,  Pop-Up Store Madrid  ,Graphic Zip-Up Hoodie,1.0,95.0,41.67
2026-03-08,  Pop-Up Store Madrid  ,Graphic Zip-Up Hoodie,-1.0,$95.0,46.46
2026-04-08,  Flagship Store  ,Denim Shorts Wide Leg,1.0,$65.0,31.09
2026-05-11,  Retail Partner  ,New Balance 990v3 Made in USA,1.0,-45.0,101.35
2026-08-01,  Pop-Up Store Madrid  ,Puffer Jacket Limited Release,1.0,180.0,89.55
2026-03-26,  Retail Partner  ,Puffer Jacket Limited Release,1.0,180.0 €,77.53
2026-01-24,  Drop Online Global  ,Puffer Jacket Limited Release,1.0,180.0,73.52
2026-07-07,  Pop-Up Store Madrid  ,Boxy Fit Hoodie 500 GSM,1.0,$90.0,33.51
2026-04-21,  Retail Partner  ,Heavyweight Oversize Tee 300 GSM,,45.0,21.05
2026-03-25,  Drop Online Global  ,New Balance 990v3 Made in USA,1.0,220.0 €,107.36
2026-02-16,  Pop-Up Store Madrid  ,New Balance 990v3 Made in USA,-1.0,220.0,90.26
2026-06-26,  Retail Partner  ,Puffer Jacket Limited Release,1.0,$180.0,80.47
2026-04-17,  Pop-Up Store Madrid  ,Heavyweight Oversize Tee 300 GSM,1.0,45.0 €,16.68
2026-05-09,  Retail Partner  ,Puffer Jacket Limited Release,2.0,180.0,76.07
2026-07-13,  Pop-Up Store Madrid  ,Boxy Fit Hoodie 500 GSM,2.0,90.0 €,32.39
2026-03-07,  Flagship Store  ,Graphic Zip-Up Hoodie,5.0,95.0 €,37.48
2026-01-25,  Drop Online Global  ,Boxy Fit Hoodie 500 GSM,3.0,$90.0,43.05
2026-07-17,  Drop Online Global  ,Puffer Jacket Limited Release,2.0,$180.0,68.25
2026-02-18,  Drop Online Global  ,Puffer Jacket Limited Release,3.0,180.0 €,64.39
2026-01-05,  Retail Partner  ,New Balance 990v3 Made in USA,1.0,$220.0,91.94
2026-03-09,  Pop-Up Store Madrid  ,Graphic Zip-Up Hoodie,3.0,$95.0,45.98
2026-06-24,  Pop-Up Store Madrid  ,Denim Shorts Wide Leg,1.0,65.0 €,30.3
2026-07-16,  Flagship Store  ,ASICS GEL-NYC Tech Runner,-1.0,$150.0,71.99
2026-01-12,  Pop-Up Store Madrid  ,ASICS GEL-NYC Tech Runner,2.0,150.0,63.55
2026-06-19,  Drop Online Global  ,New Balance 990v3 Made in USA,3.0,220.0,82.83
2026-08-07,  Flagship Store  ,New Balance 990v3 Made in USA,,$220.0,108.13
2026-04-28,  Drop Online Global  ,New Balance 990v3 Made in USA,1.0,$220.0,95.32
2026-07-12,  Retail Partner  ,Boxy Fit Hoodie 500 GSM,1.0,$90.0,36.68
2026-01-13,  Pop-Up Store Madrid  ,ASICS GEL-NYC Tech Runner,-1.0,$150.0,54.22
2026-01-24,  Drop Online Global  ,Puffer Jacket Limited Release,1.0,180.0 €,64.6
2026-04-05,  Pop-Up Store Madrid  ,New Balance 990v3 Made in USA,2.0,220.0,87.82
2026-04-26,  Pop-Up Store Madrid  ,Denim Shorts Wide Leg,3.0,65.0,26.02
2026-02-16,  Flagship Store  ,Denim Shorts Wide Leg,1.0,65.0,27.99
2026-05-19,  Retail Partner  ,Boxy Fit Hoodie 500 GSM,-1.0,90.0 €,35.61
2026-06-13,  Pop-Up Store Madrid  ,Denim Shorts Wide Leg,1.0,$65.0,30.63
2026-02-04,  Pop-Up Store Madrid  ,Heavyweight Oversize Tee 300 GSM,3.0,45.0 €,21.58
2026-01-10,  Drop Online Global  ,Denim Shorts Wide Leg,1.0,65.0 €,29.95
2026-03-06,  Drop Online Global  ,New Balance 990v3 Made in USA,3.0,220.0,88.72
2026-03-09,  Retail Partner  ,New Balance 990v3 Made in USA,1.0,$220.0,91.49
2026-01-31,  Drop Online Global  ,Denim Shorts Wide Leg,1.0,$65.0,31.4
2026-05-18,  Pop-Up Store Madrid  ,Denim Shorts Wide Leg,1.0,65.0 €,31.51
2026-07-12,  Drop Online Global  ,Puffer Jacket Limited Release,-1.0,180.0 €,81.7
2026-07-14,  Drop Online Global  ,Cargo Pants Baggy Fit,2.0,$85.0,33.82
2026-04-11,  Pop-Up Store Madrid  ,Puffer Jacket Limited Release,1.0,$180.0,73.6
2026-03-17,  Drop Online Global  ,ASICS GEL-NYC Tech Runner,1.0,150.0 €,67.99
2026-02-03,  Retail Partner  ,Denim Shorts Wide Leg,1.0,$65.0,31.19
2026-03-15,  Retail Partner  ,Graphic Zip-Up Hoodie,1.0,$95.0,34.69
2026-08-07,  Retail Partner  ,New Balance 990v3 Made in USA,1.0,220.0,98.26
2026-01-26,  Retail Partner  ,Boxy Fit Hoodie 500 GSM,3.0,$90.0,38.8
2026-02-27,  Drop Online Global  ,Boxy Fit Hoodie 500 GSM,-1.0,90.0 €,35.71
2026-04-05,  Drop Online Global  ,ASICS GEL-NYC Tech Runner,2.0,150.0 €,65.85
2026-03-20,  Drop Online Global  ,Cargo Pants Baggy Fit,1.0,$85.0,41.64
2026-01-25,  Pop-Up Store Madrid  ,New Balance 990v3 Made in USA,1.0,220.0 €,77.6
2026-07-06,  Drop Online Global  ,Denim Shorts Wide Leg,3.0,$65.0,32.18
2026-02-16,  Flagship Store  ,Cargo Pants Baggy Fit,1.0,$85.0,32.1
2026-02-23,  Pop-Up Store Madrid  ,New Balance 990v3 Made in USA,1.0,220.0,87.51
2026-02-20,  Drop Online Global  ,Graphic Zip-Up Hoodie,5.0,95.0 €,44.16
2026-05-05,  Retail Partner  ,Denim Shorts Wide Leg,1.0,-45.0,30.38
2026-04-10,  Drop Online Global  ,Boxy Fit Hoodie 500 GSM,3.0,90.0 €,35.49
2026-07-11,  Flagship Store  ,Denim Shorts Wide Leg,-1.0,65.0,31.84
2026-05-09,  Pop-Up Store Madrid  ,ASICS GEL-NYC Tech Runner,1.0,$150.0,69.07
2026-02-20,  Retail Partner  ,Heavyweight Oversize Tee 300 GSM,1.0,45.0,15.84
2026-07-30,  Pop-Up Store Madrid  ,Cargo Pants Baggy Fit,1.0,85.0 €,34.82
2026-05-16,  Drop Online Global  ,ASICS GEL-NYC Tech Runner,-1.0,150.0 €,72.21
2026-03-24,  Pop-Up Store Madrid  ,Cargo Pants Baggy Fit,1.0,85.0 €,35.17
2026-03-26,  Flagship Store  ,ASICS GEL-NYC Tech Runner,1.0,150.0,54.89
2026-03-04,  Pop-Up Store Madrid  ,Boxy Fit Hoodie 500 GSM,3.0,90.0 €,40.8
2026-06-26,  Drop Online Global  ,Cargo Pants Baggy Fit,1.0,85.0,33.25
2026-03-03,  Retail Partner  ,Boxy Fit Hoodie 500 GSM,3.0,$90.0,39.31
2026-02-27,  Retail Partner  ,ASICS GEL-NYC Tech Runner,,150.0,64.9
2026-05-12,  Pop-Up Store Madrid  ,ASICS GEL-NYC Tech Runner,-1.0,$150.0,69.35
2026-01-04,  Flagship Store  ,Cargo Pants Baggy Fit,3.0,$85.0,36.21
2026-02-12,  Retail Partner  ,Boxy Fit Hoodie 500 GSM,1.0,90.0,40.29
2026-06-26,  Retail Partner  ,Graphic Zip-Up Hoodie,1.0,$95.0,34.0
2026-02-27,  Drop Online Global  ,Puffer Jacket Limited Release,1.0,180.0 €,73.19
2026-01-18,  Pop-Up Store Madrid  ,Boxy Fit Hoodie 500 GSM,-1.0,90.0 €,32.86
2026-04-05,  Drop Online Global  ,New Balance 990v3 Made in USA,-1.0,220.0,109.26
2026-02-13,  Retail Partner  ,Graphic Zip-Up Hoodie,,$95.0,39.57
2026-01-27,  Drop Online Global  ,New Balance 990v3 Made in USA,1.0,220.0 €,86.91
2026-05-09,  Retail Partner  ,Boxy Fit Hoodie 500 GSM,1.0,90.0 €,43.19
2026-03-02,  Flagship Store  ,Boxy Fit Hoodie 500 GSM,,$90.0,37.94
2026-04-14,  Pop-Up Store Madrid  ,ASICS GEL-NYC Tech Runner,1.0,150.0,71.98
2026-03-04,  Drop Online Global  ,Denim Shorts Wide Leg,,65.0,31.88
2026-01-01,  Flagship Store  ,Cargo Pants Baggy Fit,1.0,$85.0,35.41
2026-05-13,  Pop-Up Store Madrid  ,New Balance 990v3 Made in USA,1.0,$220.0,92.62
2026-04-24,  Pop-Up Store Madrid  ,ASICS GEL-NYC Tech Runner,-1.0,-45.0,54.59
2026-04-02,  Retail Partner  ,Denim Shorts Wide Leg,1.0,65.0 €,25.37
2026-04-20,  Drop Online Global  ,Puffer Jacket Limited Release,-1.0,180.0,75.43
2026-07-10,  Pop-Up Store Madrid  ,New Balance 990v3 Made in USA,5.0,220.0 €,83.63
2026-03-22,  Retail Partner  ,ASICS GEL-NYC Tech Runner,1.0,150.0 €,65.85
2026-04-25,  Drop Online Global  ,New Balance 990v3 Made in USA,1.0,$220.0,100.8
2026-07-28,  Retail Partner  ,Puffer Jacket Limited Release,1.0,$180.0,71.15
2026-02-06,  Flagship Store  ,Heavyweight Oversize Tee 300 GSM,1.0,$45.0,19.94
2026-02-08,  Pop-Up Store Madrid  ,ASICS GEL-NYC Tech Runner,-1.0,150.0 €,67.05
2026-01-07,  Retail Partner  ,Graphic Zip-Up Hoodie,1.0,$95.0,34.88
2026-07-06,  Pop-Up Store Madrid  ,Puffer Jacket Limited Release,2.0,180.0 €,89.36
2026-01-20,  Drop Online Global  ,Cargo Pants Baggy Fit,1.0,$85.0,32.43
2026-05-06,  Pop-Up Store Madrid  ,Cargo Pants Baggy Fit,1.0,85.0 €,31.77
2026-04-21,  Flagship Store  ,New Balance 990v3 Made in USA,1.0,220.0,105.76
2026-07-26,  Flagship Store  ,Puffer Jacket Limited Release,-1.0,180.0,77.84
2026-07-09,  Pop-Up Store Madrid  ,Cargo Pants Baggy Fit,2.0,-45.0,38.83
2026-04-15,  Retail Partner  ,Cargo Pants Baggy Fit,-1.0,85.0,30.4
2026-06-09,  Flagship Store  ,Graphic Zip-Up Hoodie,2.0,95.0,43.99
2026-04-08,  Drop Online Global  ,Cargo Pants Baggy Fit,2.0,85.0 €,34.43
2026-05-21,  Drop Online Global  ,Graphic Zip-Up Hoodie,1.0,$95.0,34.52
2026-01-22,  Flagship Store  ,Denim Shorts Wide Leg,,65.0,29.35
2026-03-25,  Pop-Up Store Madrid  ,Boxy Fit Hoodie 500 GSM,3.0,90.0,43.95
2026-03-15,  Pop-Up Store Madrid  ,Graphic Zip-Up Hoodie,-1.0,95.0,34.38
2026-06-14,  Retail Partner  ,Cargo Pants Baggy Fit,3.0,85.0,36.85
2026-06-26,  Flagship Store  ,Heavyweight Oversize Tee 300 GSM,1.0,$45.0,16.62
2026-04-19,  Flagship Store  ,ASICS GEL-NYC Tech Runner,1.0,150.0,73.45
2026-01-16,  Drop Online Global  ,Denim Shorts Wide Leg,,65.0 €,25.97
2026-07-04,  Flagship Store  ,ASICS GEL-NYC Tech Runner,1.0,150.0,59.62
2026-06-07,  Pop-Up Store Madrid  ,Graphic Zip-Up Hoodie,3.0,$95.0,42.89
2026-06-19,  Pop-Up Store Madrid  ,Puffer Jacket Limited Release,,180.0 €,76.42
2026-05-02,  Retail Partner  ,Denim Shorts Wide Leg,3.0,$65.0,28.96
2026-02-13,  Flagship Store  ,Graphic Zip-Up Hoodie,2.0,95.0 €,44.27
2026-07-14,  Pop-Up Store Madrid  ,New Balance 990v3 Made in USA,1.0,$220.0,86.31
2026-02-14,  Retail Partner  ,Denim Shorts Wide Leg,-1.0,65.0 €,26.78
2026-03-28,  Drop Online Global  ,Cargo Pants Baggy Fit,1.0,$85.0,41.98
2026-05-04,  Flagship Store  ,ASICS GEL-NYC Tech Runner,1.0,150.0 €,71.43
2026-01-02,  Flagship Store  ,Heavyweight Oversize Tee 300 GSM,1.0,45.0,21.56
2026-06-02,  Retail Partner  ,Puffer Jacket Limited Release,1.0,180.0,82.61
2026-01-06,  Retail Partner  ,New Balance 990v3 Made in USA,-1.0,220.0,98.8
2026-02-17,  Drop Online Global  ,Heavyweight Oversize Tee 300 GSM,5.0,45.0,17.01
2026-03-10,  Flagship Store  ,Graphic Zip-Up Hoodie,3.0,95.0 €,44.75
2026-03-23,  Pop-Up Store Madrid  ,Boxy Fit Hoodie 500 GSM,,90.0 €,33.97
2026-03-07,  Pop-Up Store Madrid  ,Cargo Pants Baggy Fit,1.0,$85.0,40.3
2026-04-11,  Retail Partner  ,ASICS GEL-NYC Tech Runner,1.0,150.0 €,59.56
2026-06-17,  Pop-Up Store Madrid  ,Graphic Zip-Up Hoodie,,95.0,38.46
2026-07-22,  Retail Partner  ,Heavyweight Oversize Tee 300 GSM,1.0,$45.0,21.63
2026-03-07,  Pop-Up Store Madrid  ,ASICS GEL-NYC Tech Runner,1.0,150.0,74.68
2026-04-12,  Pop-Up Store Madrid  ,Boxy Fit Hoodie 500 GSM,2.0,$90.0,35.31
2026-03-03,  Flagship Store  ,New Balance 990v3 Made in USA,1.0,220.0,93.24
2026-07-03,  Pop-Up Store Madrid  ,Graphic Zip-Up Hoodie,1.0,95.0,39.44
2026-05-10,  Drop Online Global  ,Boxy Fit Hoodie 500 GSM,1.0,$90.0,35.78
2026-01-21,  Pop-Up Store Madrid  ,Boxy Fit Hoodie 500 GSM,2.0,$90.0,41.95
2026-05-31,  Drop Online Global  ,Denim Shorts Wide Leg,2.0,65.0,28.09
2026-01-17,  Retail Partner  ,Cargo Pants Baggy Fit,3.0,85.0 €,42.31
2026-07-12,  Retail Partner  ,Cargo Pants Baggy Fit,,85.0 €,41.01
2026-07-19,  Pop-Up Store Madrid  ,Graphic Zip-Up Hoodie,1.0,95.0,38.36
2026-02-09,  Drop Online Global  ,Denim Shorts Wide Leg,-1.0,$65.0,31.61
2026-03-29,  Retail Partner  ,Puffer Jacket Limited Release,2.0,180.0 €,81.01
2026-01-30,  Drop Online Global  ,ASICS GEL-NYC Tech Runner,1.0,$150.0,60.92
2026-01-29,  Pop-Up Store Madrid  ,Denim Shorts Wide Leg,2.0,65.0 €,27.86
2026-08-07,  Drop Online Global  ,ASICS GEL-NYC Tech Runner,,150.0,68.24
2026-06-08,  Drop Online Global  ,Cargo Pants Baggy Fit,5.0,85.0,41.59
2026-01-14,  Retail Partner  ,Cargo Pants Baggy Fit,1.0,$85.0,41.49
2026-01-10,  Retail Partner  ,New Balance 990v3 Made in USA,,220.0,80.73
2026-02-13,  Retail Partner  ,Cargo Pants Baggy Fit,1.0,85.0 €,37.26
2026-04-15,  Flagship Store  ,Puffer Jacket Limited Release,1.0,$180.0,81.2
2026-01-18,  Drop Online Global  ,Heavyweight Oversize Tee 300 GSM,-1.0,45.0 €,22.41
2026-06-05,  Drop Online Global  ,Boxy Fit Hoodie 500 GSM,2.0,$90.0,41.67
2026-02-25,  Pop-Up Store Madrid  ,Cargo Pants Baggy Fit,1.0,-45.0,34.73
2026-02-20,  Drop Online Global  ,Cargo Pants Baggy Fit,2.0,$85.0,38.89
2026-02-18,  Drop Online Global  ,Heavyweight Oversize Tee 300 GSM,2.0,$45.0,15.77
2026-02-09,  Drop Online Global  ,Puffer Jacket Limited Release,-1.0,180.0,74.06
2026-02-02,  Drop Online Global  ,Cargo Pants Baggy Fit,-1.0,85.0 €,39.18
2026-06-21,  Pop-Up Store Madrid  ,Graphic Zip-Up Hoodie,1.0,95.0,38.54
2026-01-03,  Flagship Store  ,Graphic Zip-Up Hoodie,1.0,95.0 €,35.4
2026-07-17,  Pop-Up Store Madrid  ,Denim Shorts Wide Leg,5.0,$65.0,32.46
2026-08-04,  Retail Partner  ,Puffer Jacket Limited Release,3.0,180.0,64.14
2026-04-03,  Flagship Store  ,ASICS GEL-NYC Tech Runner,,150.0,70.51
2026-02-27,  Pop-Up Store Madrid  ,Graphic Zip-Up Hoodie,1.0,95.0 €,42.25
2026-03-13,  Retail Partner  ,Graphic Zip-Up Hoodie,,95.0,47.07
2026-07-22,  Drop Online Global  ,Graphic Zip-Up Hoodie,1.0,$95.0,40.34
2026-06-26,  Flagship Store  ,New Balance 990v3 Made in USA,1.0,220.0,102.13
2026-01-06,  Drop Online Global  ,Graphic Zip-Up Hoodie,5.0,$95.0,43.15
2026-04-23,  Flagship Store  ,Denim Shorts Wide Leg,,$65.0,31.63
2026-02-25,  Pop-Up Store Madrid  ,Graphic Zip-Up Hoodie,3.0,95.0,38.36
2026-04-06,  Pop-Up Store Madrid  ,New Balance 990v3 Made in USA,1.0,220.0 €,98.48
2026-03-12,  Pop-Up Store Madrid  ,Puffer Jacket Limited Release,5.0,180.0 €,71.97
2026-03-18,  Pop-Up Store Madrid  ,Denim Shorts Wide Leg,-1.0,65.0 €,25.89
2026-04-27,  Pop-Up Store Madrid  ,New Balance 990v3 Made in USA,1.0,220.0 €,88.87
2026-07-01,  Retail Partner  ,Puffer Jacket Limited Release,1.0,-45.0,86.94
2026-04-24,  Drop Online Global  ,New Balance 990v3 Made in USA,-1.0,220.0 €,109.87
2026-05-24,  Retail Partner  ,Puffer Jacket Limited Release,1.0,$180.0,89.27
2026-06-11,  Flagship Store  ,Boxy Fit Hoodie 500 GSM,1.0,$90.0,40.26
2026-04-18,  Drop Online Global  ,Boxy Fit Hoodie 500 GSM,,90.0 €,38.09
2026-05-08,  Pop-Up Store Madrid  ,Denim Shorts Wide Leg,-1.0,65.0 €,29.13
2026-05-14,  Retail Partner  ,Puffer Jacket Limited Release,2.0,180.0 €,81.61
2026-05-01,  Flagship Store  ,New Balance 990v3 Made in USA,1.0,220.0,78.93
2026-03-23,  Pop-Up Store Madrid  ,Cargo Pants Baggy Fit,-1.0,$85.0,34.32
2026-03-21,  Pop-Up Store Madrid  ,Puffer Jacket Limited Release,1.0,$180.0,89.75
2026-01-12,  Drop Online Global  ,Graphic Zip-Up Hoodie,5.0,$95.0,36.67
2026-07-29,  Flagship Store  ,Denim Shorts Wide Leg,-1.0,$65.0,27.24
2026-05-17,  Pop-Up Store Madrid  ,Heavyweight Oversize Tee 300 GSM,1.0,$45.0,18.17
2026-07-04,  Drop Online Global  ,Puffer Jacket Limited Release,-1.0,180.0 €,75.97
2026-07-18,  Flagship Store  ,Graphic Zip-Up Hoodie,-1.0,95.0,37.38
2026-06-03,  Flagship Store  ,Boxy Fit Hoodie 500 GSM,1.0,90.0,43.34
2026-01-20,  Retail Partner  ,Cargo Pants Baggy Fit,5.0,85.0 €,29.85
2026-02-08,  Retail Partner  ,New Balance 990v3 Made in USA,,220.0,94.48
2026-04-11,  Pop-Up Store Madrid  ,Heavyweight Oversize Tee 300 GSM,,$45.0,21.72
2026-05-29,  Flagship Store  ,Graphic Zip-Up Hoodie,2.0,95.0 €,43.02
2026-06-14,  Flagship Store  ,Boxy Fit Hoodie 500 GSM,-1.0,90.0 €,41.56
2026-05-25,  Drop Online Global  ,Graphic Zip-Up Hoodie,-1.0,95.0,43.93
2026-04-14,  Pop-Up Store Madrid  ,Heavyweight Oversize Tee 300 GSM,5.0,$45.0,19.0
2026-06-05,  Flagship Store  ,Graphic Zip-Up Hoodie,2.0,95.0 €,34.68
2026-03-13,  Retail Partner  ,Denim Shorts Wide Leg,1.0,65.0 €,26.47
2026-05-28,  Pop-Up Store Madrid  ,Denim Shorts Wide Leg,1.0,$65.0,26.79
2026-07-17,  Pop-Up Store Madrid  ,Cargo Pants Baggy Fit,3.0,85.0 €,35.11
2026-02-22,  Flagship Store  ,Boxy Fit Hoodie 500 GSM,2.0,90.0,43.27
2026-08-09,  Drop Online Global  ,Puffer Jacket Limited Release,1.0,180.0,82.28
2026-08-07,  Flagship Store  ,Cargo Pants Baggy Fit,,85.0,42.29
2026-01-30,  Pop-Up Store Madrid  ,Cargo Pants Baggy Fit,5.0,$85.0,29.91
2026-01-05,  Retail Partner  ,Cargo Pants Baggy Fit,,85.0,31.14
2026-05-27,  Drop Online Global  ,Graphic Zip-Up Hoodie,2.0,95.0 €,41.89
2026-08-04,  Drop Online Global  ,Puffer Jacket Limited Release,,$180.0,75.27
2026-04-13,  Flagship Store  ,Boxy Fit Hoodie 500 GSM,-1.0,90.0 €,35.41
2026-01-27,  Pop-Up Store Madrid  ,ASICS GEL-NYC Tech Runner,1.0,$150.0,62.06
2026-08-06,  Drop Online Global  ,Boxy Fit Hoodie 500 GSM,1.0,90.0,41.32
2026-01-30,  Pop-Up Store Madrid  ,Boxy Fit Hoodie 500 GSM,1.0,90.0 €,40.35
2026-01-21,  Flagship Store  ,Boxy Fit Hoodie 500 GSM,-1.0,90.0,41.99
2026-04-26,  Retail Partner  ,ASICS GEL-NYC Tech Runner,,150.0 €,66.34
2026-08-02,  Flagship Store  ,Boxy Fit Hoodie 500 GSM,1.0,$90.0,42.15
2026-07-04,  Pop-Up Store Madrid  ,Puffer Jacket Limited Release,-1.0,$180.0,73.46
2026-08-02,  Retail Partner  ,ASICS GEL-NYC Tech Runner,1.0,150.0 €,65.01
2026-03-13,  Drop Online Global  ,New Balance 990v3 Made in USA,3.0,220.0 €,98.8
2026-04-30,  Retail Partner  ,Boxy Fit Hoodie 500 GSM,3.0,90.0,36.03
2026-08-02,  Pop-Up Store Madrid  ,Denim Shorts Wide Leg,,65.0 €,24.06
2026-06-09,  Pop-Up Store Madrid  ,New Balance 990v3 Made in USA,1.0,$220.0,106.57
2026-06-02,  Flagship Store  ,Heavyweight Oversize Tee 300 GSM,-1.0,45.0,15.93
2026-04-17,  Retail Partner  ,Heavyweight Oversize Tee 300 GSM,2.0,-45.0,16.81
2026-05-14,  Pop-Up Store Madrid  ,Graphic Zip-Up Hoodie,3.0,95.0,45.14
2026-05-26,  Pop-Up Store Madrid  ,Cargo Pants Baggy Fit,,85.0 €,41.2
2026-08-02,  Pop-Up Store Madrid  ,ASICS GEL-NYC Tech Runner,3.0,$150.0,55.29
2026-03-22,  Flagship Store  ,Boxy Fit Hoodie 500 GSM,1.0,90.0,31.65
2026-02-23,  Flagship Store  ,Graphic Zip-Up Hoodie,1.0,95.0,40.9
2026-04-27,  Drop Online Global  ,Boxy Fit Hoodie 500 GSM,,-45.0,36.1
2026-03-28,  Drop Online Global  ,Cargo Pants Baggy Fit,,85.0,35.66
2026-02-05,  Retail Partner  ,Denim Shorts Wide Leg,1.0,65.0 €,27.02
2026-06-11,  Flagship Store  ,Puffer Jacket Limited Release,5.0,180.0,68.08
2026-06-08,  Flagship Store  ,Cargo Pants Baggy Fit,-1.0,85.0 €,33.66
2026-04-09,  Retail Partner  ,Puffer Jacket Limited Release,1.0,180.0 €,76.92
2026-04-01,  Retail Partner  ,New Balance 990v3 Made in USA,2.0,220.0 €,87.61
2026-03-19,  Drop Online Global  ,ASICS GEL-NYC Tech Runner,2.0,$150.0,68.83
2026-01-02,  Flagship Store  ,Boxy Fit Hoodie 500 GSM,1.0,$90.0,38.79
2026-07-01,  Pop-Up Store Madrid  ,Puffer Jacket Limited Release,-1.0,180.0,85.13
2026-02-19,  Retail Partner  ,ASICS GEL-NYC Tech Runner,1.0,150.0,56.78
2026-01-08,  Flagship Store  ,Boxy Fit Hoodie 500 GSM,,$90.0,33.98
2026-01-06,  Flagship Store  ,Boxy Fit Hoodie 500 GSM,,$90.0,37.68
2026-03-13,  Pop-Up Store Madrid  ,Boxy Fit Hoodie 500 GSM,1.0,90.0,34.53
2026-03-31,  Pop-Up Store Madrid  ,New Balance 990v3 Made in USA,1.0,220.0 €,97.04
2026-06-16,  Drop Online Global  ,Cargo Pants Baggy Fit,-1.0,85.0,30.26
2026-01-17,  Pop-Up Store Madrid  ,New Balance 990v3 Made in USA,5.0,220.0 €,81.21
2026-04-17,  Flagship Store  ,ASICS GEL-NYC Tech Runner,3.0,$150.0,61.24
2026-04-23,  Retail Partner  ,Graphic Zip-Up Hoodie,3.0,$95.0,33.7
2026-07-11,  Retail Partner  ,Cargo Pants Baggy Fit,-1.0,85.0 €,37.55
2026-03-19,  Retail Partner  ,Denim Shorts Wide Leg,,$65.0,26.81
2026-06-18,  Drop Online Global  ,Graphic Zip-Up Hoodie,2.0,95.0 €,37.55
2026-08-01,  Drop Online Global  ,Heavyweight Oversize Tee 300 GSM,1.0,45.0,17.59
2026-03-05,  Pop-Up Store Madrid  ,Cargo Pants Baggy Fit,1.0,85.0,35.59
2026-06-30,  Retail Partner  ,Puffer Jacket Limited Release,2.0,180.0,72.55
2026-06-08,  Retail Partner  ,Cargo Pants Baggy Fit,,85.0,32.14
2026-01-17,  Drop Online Global  ,Heavyweight Oversize Tee 300 GSM,3.0,45.0 €,20.35
2026-06-29,  Pop-Up Store Madrid  ,Heavyweight Oversize Tee 300 GSM,1.0,45.0,22.37
2026-07-18,  Pop-Up Store Madrid  ,Puffer Jacket Limited Release,,180.0,70.28
2026-06-14,  Retail Partner  ,Graphic Zip-Up Hoodie,1.0,95.0 €,40.43
2026-06-13,  Pop-Up Store Madrid  ,Cargo Pants Baggy Fit,-1.0,$85.0,41.65
2026-05-26,  Pop-Up Store Madrid  ,Cargo Pants Baggy Fit,,$85.0,37.71
2026-03-28,  Retail Partner  ,Cargo Pants Baggy Fit,1.0,-45.0,36.56
2026-07-20,  Drop Online Global  ,Puffer Jacket Limited Release,5.0,$180.0,78.04
2026-04-17,  Retail Partner  ,Cargo Pants Baggy Fit,3.0,$85.0,35.21
2026-07-10,  Flagship Store  ,Denim Shorts Wide Leg,5.0,65.0 €,28.17
2026-04-23,  Drop Online Global  ,ASICS GEL-NYC Tech Runner,-1.0,150.0,70.49
2026-04-18,  Drop Online Global  ,Cargo Pants Baggy Fit,3.0,$85.0,39.79
2026-02-21,  Retail Partner  ,Denim Shorts Wide Leg,1.0,65.0,25.37
2026-01-18,  Pop-Up Store Madrid  ,Puffer Jacket Limited Release,5.0,180.0,72.38
2026-03-28,  Flagship Store  ,ASICS GEL-NYC Tech Runner,1.0,$150.0,54.78
2026-05-09,  Drop Online Global  ,Heavyweight Oversize Tee 300 GSM,1.0,45.0,20.33
2026-03-23,  Pop-Up Store Madrid  ,Graphic Zip-Up Hoodie,5.0,95.0 €,43.7
2026-07-27,  Pop-Up Store Madrid  ,Denim Shorts Wide Leg,3.0,65.0,25.35
2026-01-06,  Drop Online Global  ,Graphic Zip-Up Hoodie,1.0,$95.0,45.87
2026-04-21,  Drop Online Global  ,Heavyweight Oversize Tee 300 GSM,,45.0,21.13
2026-07-29,  Pop-Up Store Madrid  ,Heavyweight Oversize Tee 300 GSM,2.0,$45.0,22.31
2026-02-04,  Pop-Up Store Madrid  ,Heavyweight Oversize Tee 300 GSM,,45.0 €,18.34
2026-01-07,  Flagship Store  ,ASICS GEL-NYC Tech Runner,3.0,150.0 €,73.89
2026-01-02,  Pop-Up Store Madrid  ,New Balance 990v3 Made in USA,2.0,$220.0,78.62
2026-04-04,  Retail Partner  ,Denim Shorts Wide Leg,-1.0,65.0,25.4
2026-04-02,  Retail Partner  ,ASICS GEL-NYC Tech Runner,-1.0,150.0,69.21
2026-03-06,  Retail Partner  ,Boxy Fit Hoodie 500 GSM,5.0,-45.0,41.79
2026-06-06,  Flagship Store  ,ASICS GEL-NYC Tech Runner,5.0,150.0 €,72.27
2026-08-08,  Retail Partner  ,ASICS GEL-NYC Tech Runner,5.0,$150.0,67.66
2026-06-24,  Pop-Up Store Madrid  ,Denim Shorts Wide Leg,5.0,65.0 €,28.05
2026-04-12,  Retail Partner  ,Cargo Pants Baggy Fit,1.0,85.0 €,36.97
2026-05-27,  Drop Online Global  ,New Balance 990v3 Made in USA,-1.0,220.0 €,78.34
2026-07-03,  Drop Online Global  ,Graphic Zip-Up Hoodie,1.0,95.0,34.32
2026-07-30,  Pop-Up Store Madrid  ,Cargo Pants Baggy Fit,-1.0,85.0 €,30.23
2026-06-01,  Drop Online Global  ,Heavyweight Oversize Tee 300 GSM,-1.0,45.0,20.23
2026-03-13,  Flagship Store  ,Boxy Fit Hoodie 500 GSM,1.0,$90.0,39.1
2026-03-31,  Flagship Store  ,Cargo Pants Baggy Fit,5.0,85.0 €,36.98
2026-04-09,  Retail Partner  ,Cargo Pants Baggy Fit,1.0,85.0 €,31.7
2026-04-06,  Flagship Store  ,Heavyweight Oversize Tee 300 GSM,-1.0,45.0 €,20.29
2026-05-16,  Retail Partner  ,Cargo Pants Baggy Fit,5.0,$85.0,35.89
2026-05-10,  Drop Online Global  ,New Balance 990v3 Made in USA,-1.0,220.0 €,100.93
2026-04-08,  Drop Online Global  ,Cargo Pants Baggy Fit,1.0,$85.0,32.92
2026-02-20,  Flagship Store  ,Denim Shorts Wide Leg,,65.0,26.38
2026-07-26,  Flagship Store  ,New Balance 990v3 Made in USA,2.0,$220.0,105.09
2026-08-07,  Pop-Up Store Madrid  ,ASICS GEL-NYC Tech Runner,3.0,150.0 €,72.3
2026-01-15,  Drop Online Global  ,Graphic Zip-Up Hoodie,2.0,95.0 €,34.63
2026-03-03,  Retail Partner  ,ASICS GEL-NYC Tech Runner,3.0,$150.0,56.6
2026-04-08,  Drop Online Global  ,Heavyweight Oversize Tee 300 GSM,1.0,$45.0,18.64
2026-01-23,  Flagship Store  ,ASICS GEL-NYC Tech Runner,-1.0,150.0,53.09
2026-08-09,  Flagship Store  ,Boxy Fit Hoodie 500 GSM,,$90.0,36.18
2026-01-08,  Flagship Store  ,Cargo Pants Baggy Fit,-1.0,85.0 €,34.06
2026-01-07,  Flagship Store  ,ASICS GEL-NYC Tech Runner,1.0,$150.0,63.67
2026-02-07,  Flagship Store  ,Heavyweight Oversize Tee 300 GSM,,45.0 €,22.01
2026-01-08,  Flagship Store  ,Boxy Fit Hoodie 500 GSM,1.0,$90.0,35.73
2026-07-22,  Drop Online Global  ,New Balance 990v3 Made in USA,3.0,$220.0,95.13
2026-07-22,  Retail Partner  ,Puffer Jacket Limited Release,-1.0,$180.0,74.96
2026-08-01,  Flagship Store  ,Cargo Pants Baggy Fit,,85.0 €,38.2
2026-03-12,  Pop-Up Store Madrid  ,Denim Shorts Wide Leg,2.0,65.0 €,25.12
2026-05-01,  Retail Partner  ,Denim Shorts Wide Leg,3.0,65.0,29.36
2026-04-21,  Retail Partner  ,Denim Shorts Wide Leg,-1.0,65.0 €,29.0
2026-07-15,  Drop Online Global  ,New Balance 990v3 Made in USA,,220.0 €,83.15
2026-07-17,  Pop-Up Store Madrid  ,Cargo Pants Baggy Fit,-1.0,85.0 €,33.24
2026-06-27,  Flagship Store  ,ASICS GEL-NYC Tech Runner,5.0,150.0 €,74.09
2026-03-04,  Pop-Up Store Madrid  ,ASICS GEL-NYC Tech Runner,,$150.0,61.75
2026-03-09,  Drop Online Global  ,New Balance 990v3 Made in USA,5.0,$220.0,92.8
2026-08-09,  Retail Partner  ,Boxy Fit Hoodie 500 GSM,-1.0,90.0,35.96
2026-03-12,  Drop Online Global  ,Cargo Pants Baggy Fit,2.0,$85.0,36.55
2026-07-12,  Flagship Store  ,Cargo Pants Baggy Fit,5.0,$85.0,42.29
2026-02-04,  Retail Partner  ,ASICS GEL-NYC Tech Runner,1.0,150.0,68.34
2026-04-25,  Drop Online Global  ,ASICS GEL-NYC Tech Runner,1.0,$150.0,52.87
2026-01-04,  Pop-Up Store Madrid  ,ASICS GEL-NYC Tech Runner,5.0,$150.0,59.06
2026-02-28,  Retail Partner  ,ASICS GEL-NYC Tech Runner,2.0,$150.0,69.48
2026-02-03,  Flagship Store  ,Puffer Jacket Limited Release,5.0,180.0 €,88.5
2026-02-26,  Flagship Store  ,ASICS GEL-NYC Tech Runner,1.0,150.0 €,57.3
2026-05-27,  Drop Online Global  ,Graphic Zip-Up Hoodie,1.0,$95.0,45.82
2026-04-27,  Drop Online Global  ,New Balance 990v3 Made in USA,3.0,220.0,88.64
2026-03-22,  Flagship Store  ,Graphic Zip-Up Hoodie,1.0,95.0 €,33.79
2026-01-18,  Flagship Store  ,New Balance 990v3 Made in USA,5.0,220.0,109.06
2026-04-29,  Retail Partner  ,Heavyweight Oversize Tee 300 GSM,2.0,$45.0,16.04
2026-05-04,  Retail Partner  ,Boxy Fit Hoodie 500 GSM,3.0,$90.0,35.63
2026-02-08,  Drop Online Global  ,Puffer Jacket Limited Release,2.0,-45.0,78.55
2026-06-02,  Drop Online Global  ,Heavyweight Oversize Tee 300 GSM,5.0,$45.0,16.2
2026-08-04,  Pop-Up Store Madrid  ,Heavyweight Oversize Tee 300 GSM,3.0,45.0 €,19.17
2026-02-25,  Drop Online Global  ,Graphic Zip-Up Hoodie,1.0,-45.0,41.58
2026-07-29,  Drop Online Global  ,ASICS GEL-NYC Tech Runner,2.0,150.0 €,71.02
2026-01-08,  Retail Partner  ,New Balance 990v3 Made in USA,3.0,220.0 €,109.02
2026-05-25,  Drop Online Global  ,Denim Shorts Wide Leg,,65.0 €,28.31
2026-07-01,  Drop Online Global  ,ASICS GEL-NYC Tech Runner,1.0,$150.0,57.78
2026-01-29,  Pop-Up Store Madrid  ,New Balance 990v3 Made in USA,2.0,220.0,83.08
2026-06-14,  Retail Partner  ,New Balance 990v3 Made in USA,,220.0,108.36
2026-07-13,  Drop Online Global  ,Puffer Jacket Limited Release,2.0,180.0 €,87.72
2026-05-07,  Drop Online Global  ,Puffer Jacket Limited Release,2.0,$180.0,72.29
2026-04-10,  Flagship Store  ,Heavyweight Oversize Tee 300 GSM,-1.0,$45.0,22.39
2026-07-18,  Flagship Store  ,Denim Shorts Wide Leg,,65.0 €,28.14
2026-07-22,  Flagship Store  ,Puffer Jacket Limited Release,3.0,180.0,88.17
2026-01-07,  Flagship Store  ,Puffer Jacket Limited Release,5.0,180.0 €,85.75
2026-06-04,  Pop-Up Store Madrid  ,Denim Shorts Wide Leg,5.0,$65.0,24.08
2026-05-29,  Pop-Up Store Madrid  ,Graphic Zip-Up Hoodie,1.0,95.0,36.59
2026-01-31,  Retail Partner  ,Puffer Jacket Limited Release,2.0,180.0 €,86.71
2026-02-01,  Flagship Store  ,Denim Shorts Wide Leg,1.0,$65.0,31.48
2026-05-26,  Pop-Up Store Madrid  ,ASICS GEL-NYC Tech Runner,,150.0 €,63.35
2026-06-04,  Pop-Up Store Madrid  ,Denim Shorts Wide Leg,-1.0,65.0 €,25.66
2026-03-03,  Flagship Store  ,Cargo Pants Baggy Fit,1.0,85.0 €,32.24
2026-06-21,  Drop Online Global  ,Cargo Pants Baggy Fit,1.0,85.0,36.21
2026-03-11,  Retail Partner  ,Boxy Fit Hoodie 500 GSM,2.0,$90.0,33.9
2026-04-29,  Drop Online Global  ,Puffer Jacket Limited Release,1.0,$180.0,65.31
2026-05-27,  Pop-Up Store Madrid  ,Boxy Fit Hoodie 500 GSM,,90.0 €,31.8
2026-01-10,  Drop Online Global  ,Denim Shorts Wide Leg,,65.0 €,31.56
2026-06-09,  Pop-Up Store Madrid  ,Puffer Jacket Limited Release,1.0,180.0 €,63.97
2026-03-05,  Pop-Up Store Madrid  ,New Balance 990v3 Made in USA,1.0,$220.0,83.99
2026-07-09,  Retail Partner  ,Cargo Pants Baggy Fit,5.0,85.0 €,33.37
2026-04-03,  Pop-Up Store Madrid  ,New Balance 990v3 Made in USA,1.0,220.0,102.42
2026-04-03,  Pop-Up Store Madrid  ,Puffer Jacket Limited Release,3.0,180.0,89.27
2026-06-27,  Retail Partner  ,Denim Shorts Wide Leg,1.0,$65.0,24.63
2026-05-06,  Drop Online Global  ,Graphic Zip-Up Hoodie,-1.0,$95.0,33.96
2026-07-09,  Flagship Store  ,Cargo Pants Baggy Fit,5.0,85.0,36.06
2026-02-14,  Drop Online Global  ,New Balance 990v3 Made in USA,5.0,220.0 €,103.06
2026-05-02,  Drop Online Global  ,Cargo Pants Baggy Fit,,85.0,35.62
2026-03-07,  Pop-Up Store Madrid  ,Cargo Pants Baggy Fit,5.0,85.0 €,41.09
2026-01-29,  Flagship Store  ,Denim Shorts Wide Leg,5.0,65.0,29.69
2026-01-29,  Retail Partner  ,Puffer Jacket Limited Release,1.0,180.0,67.46
2026-03-11,  Drop Online Global  ,Heavyweight Oversize Tee 300 GSM,-1.0,45.0 €,18.6
2026-03-09,  Flagship Store  ,Heavyweight Oversize Tee 300 GSM,1.0,45.0 €,19.27
2026-02-25,  Pop-Up Store Madrid  ,Heavyweight Oversize Tee 300 GSM,1.0,45.0,20.75
2026-06-07,  Retail Partner  ,Denim Shorts Wide Leg,1.0,65.0,26.82
2026-02-26,  Retail Partner  ,New Balance 990v3 Made in USA,3.0,220.0 €,78.38
2026-01-12,  Pop-Up Store Madrid  ,Denim Shorts Wide Leg,2.0,65.0,26.13
2026-05-06,  Flagship Store  ,Cargo Pants Baggy Fit,1.0,85.0 €,36.03
2026-01-02,  Drop Online Global  ,Graphic Zip-Up Hoodie,1.0,$95.0,37.23
2026-06-02,  Retail Partner  ,Boxy Fit Hoodie 500 GSM,-1.0,90.0,41.15
2026-03-18,  Flagship Store  ,Puffer Jacket Limited Release,1.0,180.0 €,84.93
2026-05-30,  Flagship Store  ,New Balance 990v3 Made in USA,-1.0,$220.0,93.7
2026-01-17,  Pop-Up Store Madrid  ,Boxy Fit Hoodie 500 GSM,1.0,90.0,42.26
2026-08-03,  Drop Online Global  ,Puffer Jacket Limited Release,5.0,180.0 €,66.94
2026-04-29,  Flagship Store  ,Cargo Pants Baggy Fit,5.0,$85.0,40.22
2026-05-16,  Retail Partner  ,Puffer Jacket Limited Release,5.0,$180.0,89.46
2026-01-31,  Pop-Up Store Madrid  ,Boxy Fit Hoodie 500 GSM,1.0,90.0,32.6
2026-06-01,  Retail Partner  ,New Balance 990v3 Made in USA,,220.0 €,99.36
2026-02-09,  Drop Online Global  ,Puffer Jacket Limited Release,5.0,180.0 €,78.11
2026-03-11,  Drop Online Global  ,Denim Shorts Wide Leg,1.0,$65.0,23.29
2026-02-06,  Flagship Store  ,ASICS GEL-NYC Tech Runner,,$150.0,68.52
2026-01-31,  Flagship Store  ,ASICS GEL-NYC Tech Runner,2.0,-45.0,59.07
2026-01-10,  Pop-Up Store Madrid  ,Cargo Pants Baggy Fit,1.0,85.0 €,40.39
2026-01-11,  Pop-Up Store Madrid  ,Heavyweight Oversize Tee 300 GSM,-1.0,$45.0,19.78
2026-05-06,  Pop-Up Store Madrid  ,Graphic Zip-Up Hoodie,1.0,$95.0,36.33
2026-04-14,  Drop Online Global  ,New Balance 990v3 Made in USA,,220.0,98.5
2026-03-28,  Pop-Up Store Madrid  ,Cargo Pants Baggy Fit,5.0,$85.0,34.79
2026-05-24,  Retail Partner  ,Graphic Zip-Up Hoodie,3.0,95.0,47.18
2026-02-09,  Drop Online Global  ,Heavyweight Oversize Tee 300 GSM,-1.0,$45.0,16.02
2026-08-04,  Flagship Store  ,New Balance 990v3 Made in USA,-1.0,220.0 €,77.75
2026-01-13,  Drop Online Global  ,Puffer Jacket Limited Release,3.0,180.0 €,77.46
2026-05-06,  Flagship Store  ,Heavyweight Oversize Tee 300 GSM,1.0,$45.0,16.94
2026-06-21,  Flagship Store  ,ASICS GEL-NYC Tech Runner,1.0,$150.0,74.02
2026-08-03,  Drop Online Global  ,Denim Shorts Wide Leg,5.0,65.0,28.82
2026-06-16,  Pop-Up Store Madrid  ,Cargo Pants Baggy Fit,,85.0 €,33.1
2026-02-28,  Flagship Store  ,Boxy Fit Hoodie 500 GSM,1.0,$90.0,35.8
2026-01-01,  Flagship Store  ,Cargo Pants Baggy Fit,1.0,85.0 €,35.46
2026-02-26,  Drop Online Global  ,Boxy Fit Hoodie 500 GSM,1.0,90.0 €,43.12
2026-01-05,  Pop-Up Store Madrid  ,New Balance 990v3 Made in USA,1.0,220.0 €,88.51
2026-05-10,  Drop Online Global  ,New Balance 990v3 Made in USA,1.0,$220.0,101.41
2026-03-02,  Drop Online Global  ,Boxy Fit Hoodie 500 GSM,5.0,90.0 €,42.93
2026-01-21,  Retail Partner  ,Boxy Fit Hoodie 500 GSM,1.0,$90.0,39.84
2026-01-13,  Retail Partner  ,Graphic Zip-Up Hoodie,2.0,95.0 €,39.14
2026-03-26,  Flagship Store  ,ASICS GEL-NYC Tech Runner,-1.0,150.0 €,69.21
2026-05-31,  Retail Partner  ,Cargo Pants Baggy Fit,2.0,$85.0,42.44
2026-08-01,  Pop-Up Store Madrid  ,Graphic Zip-Up Hoodie,5.0,$95.0,43.8
2026-05-17,  Retail Partner  ,Puffer Jacket Limited Release,,180.0,63.44
2026-06-03,  Flagship Store  ,Heavyweight Oversize Tee 300 GSM,1.0,$45.0,19.46
2026-04-03,  Retail Partner  ,Graphic Zip-Up Hoodie,5.0,95.0 €,40.09
2026-02-27,  Drop Online Global  ,ASICS GEL-NYC Tech Runner,1.0,-45.0,67.69
2026-04-06,  Pop-Up Store Madrid  ,Denim Shorts Wide Leg,1.0,$65.0,27.01
2026-01-07,  Retail Partner  ,Puffer Jacket Limited Release,,$180.0,69.94
2026-02-22,  Pop-Up Store Madrid  ,Boxy Fit Hoodie 500 GSM,1.0,90.0,32.47
2026-01-27,  Pop-Up Store Madrid  ,Cargo Pants Baggy Fit,2.0,$85.0,39.41
2026-05-13,  Drop Online Global  ,Cargo Pants Baggy Fit,-1.0,85.0 €,34.71
2026-03-12,  Retail Partner  ,Graphic Zip-Up Hoodie,-1.0,$95.0,44.91
2026-07-23,  Retail Partner  ,Cargo Pants Baggy Fit,1.0,85.0,42.07
2026-02-16,  Flagship Store  ,Heavyweight Oversize Tee 300 GSM,,45.0,16.12
2026-02-20,  Flagship Store  ,Denim Shorts Wide Leg,1.0,65.0 €,27.8
2026-07-26,  Drop Online Global  ,Heavyweight Oversize Tee 300 GSM,1.0,-45.0,16.77
2026-06-18,  Flagship Store  ,Cargo Pants Baggy Fit,2.0,$85.0,32.66
2026-05-14,  Flagship Store  ,Heavyweight Oversize Tee 300 GSM,1.0,45.0 €,21.25
2026-05-18,  Flagship Store  ,ASICS GEL-NYC Tech Runner,2.0,150.0,67.45
2026-08-02,  Flagship Store  ,Heavyweight Oversize Tee 300 GSM,5.0,$45.0,21.53
2026-01-14,  Drop Online Global  ,Cargo Pants Baggy Fit,1.0,$85.0,31.13
2026-07-06,  Flagship Store  ,Boxy Fit Hoodie 500 GSM,1.0,$90.0,37.82
2026-03-14,  Flagship Store  ,Boxy Fit Hoodie 500 GSM,5.0,$90.0,33.6
2026-05-07,  Retail Partner  ,Heavyweight Oversize Tee 300 GSM,,45.0 €,20.44
2026-08-08,  Drop Online Global  ,Heavyweight Oversize Tee 300 GSM,1.0,$45.0,21.58
2026-02-13,  Retail Partner  ,Cargo Pants Baggy Fit,1.0,$85.0,41.16
2026-03-23,  Flagship Store  ,Graphic Zip-Up Hoodie,-1.0,$95.0,35.1
2026-01-04,  Pop-Up Store Madrid  ,New Balance 990v3 Made in USA,5.0,220.0,83.65
2026-05-10,  Flagship Store  ,Cargo Pants Baggy Fit,-1.0,85.0 €,41.51
2026-06-28,  Flagship Store  ,Cargo Pants Baggy Fit,,85.0 €,40.02
2026-05-27,  Pop-Up Store Madrid  ,Heavyweight Oversize Tee 300 GSM,1.0,$45.0,19.62
2026-02-01,  Drop Online Global  ,ASICS GEL-NYC Tech Runner,1.0,$150.0,66.63
2026-02-18,  Retail Partner  ,New Balance 990v3 Made in USA,2.0,220.0 €,92.55
2026-01-21,  Retail Partner  ,New Balance 990v3 Made in USA,5.0,220.0 €,107.13
2026-02-19,  Drop Online Global  ,Cargo Pants Baggy Fit,,$85.0,41.9
2026-03-10,  Retail Partner  ,ASICS GEL-NYC Tech Runner,1.0,150.0,58.45
2026-06-04,  Retail Partner  ,Boxy Fit Hoodie 500 GSM,-1.0,90.0 €,44.18
2026-04-01,  Retail Partner  ,Boxy Fit Hoodie 500 GSM,1.0,90.0,37.34
2026-05-05,  Pop-Up Store Madrid  ,Denim Shorts Wide Leg,1.0,$65.0,29.06
2026-02-07,  Pop-Up Store Madrid  ,Cargo Pants Baggy Fit,1.0,$85.0,42.04
2026-07-11,  Retail Partner  ,Denim Shorts Wide Leg,1.0,-45.0,29.89
2026-02-13,  Pop-Up Store Madrid  ,Heavyweight Oversize Tee 300 GSM,1.0,$45.0,16.01
2026-01-23,  Flagship Store  ,Denim Shorts Wide Leg,1.0,65.0,31.55
2026-01-01,  Pop-Up Store Madrid  ,New Balance 990v3 Made in USA,5.0,220.0 €,81.22
2026-04-06,  Flagship Store  ,ASICS GEL-NYC Tech Runner,5.0,$150.0,55.62
2026-06-05,  Flagship Store  ,New Balance 990v3 Made in USA,5.0,220.0 €,109.7
2026-01-04,  Pop-Up Store Madrid  ,Denim Shorts Wide Leg,3.0,$65.0,27.86
2026-07-24,  Flagship Store  ,Heavyweight Oversize Tee 300 GSM,3.0,45.0 €,19.69
2026-01-27,  Drop Online Global  ,Heavyweight Oversize Tee 300 GSM,1.0,$45.0,19.15
2026-05-07,  Retail Partner  ,Cargo Pants Baggy Fit,1.0,85.0 €,42.35
2026-07-29,  Flagship Store  ,Boxy Fit Hoodie 500 GSM,3.0,90.0,40.22
2026-06-20,  Pop-Up Store Madrid  ,Boxy Fit Hoodie 500 GSM,,90.0,41.94
2026-06-24,  Retail Partner  ,New Balance 990v3 Made in USA,1.0,$220.0,104.25
2026-04-29,  Retail Partner  ,Graphic Zip-Up Hoodie,1.0,95.0 €,38.35
2026-04-09,  Flagship Store  ,ASICS GEL-NYC Tech Runner,1.0,-45.0,61.49
2026-07-27,  Flagship Store  ,Graphic Zip-Up Hoodie,2.0,$95.0,36.15
2026-07-07,  Flagship Store  ,Graphic Zip-Up Hoodie,2.0,95.0,38.09
2026-02-09,  Pop-Up Store Madrid  ,ASICS GEL-NYC Tech Runner,2.0,150.0 €,74.04
2026-01-10,  Flagship Store  ,Boxy Fit Hoodie 500 GSM,,$90.0,40.65
2026-07-31,  Pop-Up Store Madrid  ,Boxy Fit Hoodie 500 GSM,3.0,90.0 €,42.09
2026-04-19,  Flagship Store  ,New Balance 990v3 Made in USA,5.0,$220.0,99.2
2026-01-15,  Flagship Store  ,Boxy Fit Hoodie 500 GSM,,90.0,43.73
2026-04-18,  Drop Online Global  ,Graphic Zip-Up Hoodie,2.0,$95.0,35.0
2026-06-03,  Pop-Up Store Madrid  ,Puffer Jacket Limited Release,,$180.0,88.06
2026-06-12,  Flagship Store  ,Graphic Zip-Up Hoodie,-1.0,95.0,46.25
2026-03-25,  Pop-Up Store Madrid  ,Heavyweight Oversize Tee 300 GSM,2.0,$45.0,17.58
2026-05-14,  Drop Online Global  ,Puffer Jacket Limited Release,3.0,180.0,71.6
2026-03-09,  Pop-Up Store Madrid  ,Boxy Fit Hoodie 500 GSM,1.0,90.0 €,42.75
2026-03-07,  Pop-Up Store Madrid  ,Cargo Pants Baggy Fit,5.0,85.0,32.68
2026-07-22,  Flagship Store  ,Graphic Zip-Up Hoodie,-1.0,$95.0,45.68
2026-03-05,  Pop-Up Store Madrid  ,Puffer Jacket Limited Release,,$180.0,63.37
2026-05-31,  Flagship Store  ,Denim Shorts Wide Leg,1.0,65.0 €,31.67
2026-07-13,  Drop Online Global  ,Boxy Fit Hoodie 500 GSM,1.0,$90.0,42.39
2026-07-26,  Pop-Up Store Madrid  ,ASICS GEL-NYC Tech Runner,1.0,$150.0,56.71
2026-06-06,  Pop-Up Store Madrid  ,Puffer Jacket Limited Release,1.0,180.0 €,75.19
2026-07-11,  Drop Online Global  ,Heavyweight Oversize Tee 300 GSM,1.0,$45.0,17.6
2026-03-31,  Drop Online Global  ,Cargo Pants Baggy Fit,1.0,85.0,40.22
2026-07-09,  Retail Partner  ,New Balance 990v3 Made in USA,5.0,220.0 €,94.27
2026-07-08,  Flagship Store  ,Denim Shorts Wide Leg,5.0,65.0 €,27.48
2026-07-20,  Retail Partner  ,Cargo Pants Baggy Fit,1.0,85.0 €,34.08
2026-07-01,  Drop Online Global  ,Heavyweight Oversize Tee 300 GSM,1.0,$45.0,21.06
2026-02-14,  Flagship Store  ,Heavyweight Oversize Tee 300 GSM,1.0,45.0,22.25
2026-06-22,  Retail Partner  ,Graphic Zip-Up Hoodie,3.0,$95.0,41.2
2026-07-27,  Pop-Up Store Madrid  ,Cargo Pants Baggy Fit,3.0,85.0,38.03
2026-05-05,  Drop Online Global  ,Graphic Zip-Up Hoodie,2.0,$95.0,33.94
2026-03-10,  Drop Online Global  ,New Balance 990v3 Made in USA,,220.0 €,99.08
2026-06-02,  Flagship Store  ,Graphic Zip-Up Hoodie,1.0,$95.0,36.66
2026-04-18,  Pop-Up Store Madrid  ,Puffer Jacket Limited Release,1.0,180.0,64.55
2026-03-15,  Pop-Up Store Madrid  ,ASICS GEL-NYC Tech Runner,1.0,150.0 €,61.5
2026-01-06,  Pop-Up Store Madrid  ,New Balance 990v3 Made in USA,,220.0 €,102.69
2026-02-23,  Retail Partner  ,Heavyweight Oversize Tee 300 GSM,1.0,45.0,16.83
2026-01-31,  Retail Partner  ,Denim Shorts Wide Leg,-1.0,65.0,29.34
2026-06-16,  Retail Partner  ,Boxy Fit Hoodie 500 GSM,1.0,$90.0,38.65
2026-04-14,  Flagship Store  ,Puffer Jacket Limited Release,1.0,-45.0,75.26
2026-07-29,  Drop Online Global  ,ASICS GEL-NYC Tech Runner,2.0,-45.0,70.05
2026-01-14,  Pop-Up Store Madrid  ,Graphic Zip-Up Hoodie,-1.0,95.0 €,35.15
2026-05-12,  Pop-Up Store Madrid  ,Graphic Zip-Up Hoodie,2.0,95.0,38.55
2026-03-09,  Pop-Up Store Madrid  ,Boxy Fit Hoodie 500 GSM,5.0,90.0 €,38.75
2026-05-05,  Drop Online Global  ,ASICS GEL-NYC Tech Runner,1.0,$150.0,66.13
2026-07-06,  Pop-Up Store Madrid  ,ASICS GEL-NYC Tech Runner,5.0,150.0 €,65.77
2026-07-03,  Flagship Store  ,Graphic Zip-Up Hoodie,2.0,95.0,45.92
2026-06-21,  Drop Online Global  ,Graphic Zip-Up Hoodie,1.0,$95.0,45.27
2026-07-24,  Pop-Up Store Madrid  ,New Balance 990v3 Made in USA,1.0,$220.0,95.67
2026-02-24,  Drop Online Global  ,New Balance 990v3 Made in USA,1.0,220.0 €,80.89
2026-06-20,  Drop Online Global  ,Denim Shorts Wide Leg,,65.0 €,24.92
2026-05-15,  Drop Online Global  ,Boxy Fit Hoodie 500 GSM,1.0,90.0 €,40.82
2026-02-01,  Retail Partner  ,Cargo Pants Baggy Fit,2.0,$85.0,41.66
2026-05-30,  Pop-Up Store Madrid  ,Denim Shorts Wide Leg,,65.0 €,25.98
2026-06-03,  Pop-Up Store Madrid  ,ASICS GEL-NYC Tech Runner,1.0,-45.0,56.93
2026-06-21,  Flagship Store  ,ASICS GEL-NYC Tech Runner,-1.0,150.0 €,68.62
2026-02-01,  Pop-Up Store Madrid  ,Denim Shorts Wide Leg,1.0,$65.0,27.51
2026-02-02,  Drop Online Global  ,New Balance 990v3 Made in USA,3.0,220.0,88.95
2026-04-30,  Drop Online Global  ,ASICS GEL-NYC Tech Runner,1.0,150.0 €,61.6
2026-07-11,  Retail Partner  ,ASICS GEL-NYC Tech Runner,1.0,$150.0,73.79
2026-03-15,  Flagship Store  ,ASICS GEL-NYC Tech Runner,1.0,$150.0,64.61
2026-05-24,  Pop-Up Store Madrid  ,Boxy Fit Hoodie 500 GSM,1.0,90.0,37.78
2026-01-23,  Retail Partner  ,Puffer Jacket Limited Release,3.0,180.0 €,89.4
2026-07-01,  Pop-Up Store Madrid  ,Puffer Jacket Limited Release,1.0,180.0 €,66.34
2026-01-06,  Pop-Up Store Madrid  ,Graphic Zip-Up Hoodie,3.0,95.0 €,42.17
2026-03-24,  Drop Online Global  ,Denim Shorts Wide Leg,1.0,65.0,26.99
2026-05-05,  Pop-Up Store Madrid  ,Boxy Fit Hoodie 500 GSM,1.0,$90.0,42.99
2026-01-09,  Flagship Store  ,New Balance 990v3 Made in USA,,220.0,95.23
2026-03-20,  Pop-Up Store Madrid  ,Puffer Jacket Limited Release,1.0,$180.0,64.73
2026-05-16,  Pop-Up Store Madrid  ,Boxy Fit Hoodie 500 GSM,,$90.0,35.0
2026-03-11,  Retail Partner  ,Heavyweight Oversize Tee 300 GSM,1.0,45.0 €,20.33
2026-02-02,  Pop-Up Store Madrid  ,Puffer Jacket Limited Release,3.0,180.0,88.6
2026-07-21,  Drop Online Global  ,Cargo Pants Baggy Fit,,$85.0,42.02
2026-05-06,  Drop Online Global  ,ASICS GEL-NYC Tech Runner,2.0,150.0 €,59.55
2026-02-11,  Flagship Store  ,Denim Shorts Wide Leg,,65.0 €,30.54
2026-03-28,  Retail Partner  ,Denim Shorts Wide Leg,1.0,65.0,22.81
2026-01-28,  Drop Online Global  ,New Balance 990v3 Made in USA,,220.0 €,100.67
2026-03-23,  Drop Online Global  ,Denim Shorts Wide Leg,2.0,65.0 €,30.9
2026-08-07,  Retail Partner  ,Cargo Pants Baggy Fit,1.0,85.0 €,31.0
2026-06-18,  Retail Partner  ,Cargo Pants Baggy Fit,-1.0,$85.0,39.76
2026-05-23,  Flagship Store  ,Boxy Fit Hoodie 500 GSM,1.0,90.0 €,39.66
2026-02-19,  Pop-Up Store Madrid  ,Graphic Zip-Up Hoodie,3.0,95.0 €,40.85
2026-01-24,  Drop Online Global  ,Boxy Fit Hoodie 500 GSM,-1.0,90.0 €,41.68
2026-06-26,  Drop Online Global  ,Denim Shorts Wide Leg,2.0,$65.0,23.25
2026-01-31,  Retail Partner  ,ASICS GEL-NYC Tech Runner,3.0,150.0 €,53.85
2026-01-04,  Retail Partner  ,Denim Shorts Wide Leg,1.0,65.0 €,27.09
2026-06-25,  Pop-Up Store Madrid  ,Puffer Jacket Limited Release,2.0,180.0,87.31
2026-02-03,  Pop-Up Store Madrid  ,Cargo Pants Baggy Fit,1.0,$85.0,34.03
2026-08-07,  Retail Partner  ,Heavyweight Oversize Tee 300 GSM,2.0,45.0,16.16
2026-06-30,  Retail Partner  ,ASICS GEL-NYC Tech Runner,-1.0,150.0 €,67.92
2026-07-22,  Retail Partner  ,Denim Shorts Wide Leg,-1.0,65.0,31.45
2026-06-13,  Pop-Up Store Madrid  ,Cargo Pants Baggy Fit,3.0,85.0,35.22
2026-06-12,  Pop-Up Store Madrid  ,Graphic Zip-Up Hoodie,1.0,95.0,46.43
2026-01-26,  Pop-Up Store Madrid  ,Cargo Pants Baggy Fit,5.0,85.0 €,35.59
2026-02-06,  Drop Online Global  ,New Balance 990v3 Made in USA,2.0,220.0,77.65
2026-07-30,  Drop Online Global  ,Graphic Zip-Up Hoodie,1.0,$95.0,41.39
2026-02-21,  Flagship Store  ,New Balance 990v3 Made in USA,5.0,$220.0,105.49
2026-04-14,  Pop-Up Store Madrid  ,ASICS GEL-NYC Tech Runner,-1.0,$150.0,72.66
2026-01-14,  Pop-Up Store Madrid  ,Heavyweight Oversize Tee 300 GSM,-1.0,45.0,19.35
2026-04-30,  Drop Online Global  ,Boxy Fit Hoodie 500 GSM,2.0,$90.0,41.17
2026-02-20,  Pop-Up Store Madrid  ,Heavyweight Oversize Tee 300 GSM,,45.0 €,18.56
2026-01-28,  Pop-Up Store Madrid  ,Graphic Zip-Up Hoodie,5.0,95.0 €,45.9
2026-06-03,  Flagship Store  ,ASICS GEL-NYC Tech Runner,1.0,$150.0,52.95
2026-08-03,  Retail Partner  ,Boxy Fit Hoodie 500 GSM,2.0,90.0 €,36.68
2026-06-13,  Drop Online Global  ,Puffer Jacket Limited Release,2.0,$180.0,75.15
2026-01-17,  Retail Partner  ,Boxy Fit Hoodie 500 GSM,-1.0,$90.0,37.11
2026-03-26,  Pop-Up Store Madrid  ,Graphic Zip-Up Hoodie,,95.0,37.91
2026-05-08,  Pop-Up Store Madrid  ,Denim Shorts Wide Leg,-1.0,$65.0,25.32
2026-06-28,  Retail Partner  ,Boxy Fit Hoodie 500 GSM,1.0,90.0,43.06
2026-01-13,  Pop-Up Store Madrid  ,Graphic Zip-Up Hoodie,1.0,95.0 €,46.02
2026-01-15,  Retail Partner  ,Boxy Fit Hoodie 500 GSM,-1.0,90.0 €,36.94
2026-01-08,  Drop Online Global  ,Boxy Fit Hoodie 500 GSM,-1.0,90.0 €,39.56
2026-05-08,  Drop Online Global  ,Denim Shorts Wide Leg,5.0,$65.0,26.84
2026-03-01,  Retail Partner  ,ASICS GEL-NYC Tech Runner,3.0,150.0 €,57.63
2026-07-27,  Pop-Up Store Madrid  ,Heavyweight Oversize Tee 300 GSM,1.0,45.0 €,20.53
2026-01-24,  Flagship Store  ,Graphic Zip-Up Hoodie,3.0,$95.0,37.15
2026-03-20,  Drop Online Global  ,Boxy Fit Hoodie 500 GSM,5.0,$90.0,40.72
2026-04-07,  Drop Online Global  ,Puffer Jacket Limited Release,1.0,180.0,85.65
2026-05-22,  Retail Partner  ,Heavyweight Oversize Tee 300 GSM,,$45.0,21.29
2026-03-11,  Drop Online Global  ,Heavyweight Oversize Tee 300 GSM,3.0,45.0 €,17.31
2026-07-28,  Retail Partner  ,New Balance 990v3 Made in USA,1.0,220.0 €,107.14
2026-04-08,  Drop Online Global  ,Graphic Zip-Up Hoodie,3.0,$95.0,42.07
2026-02-12,  Pop-Up Store Madrid  ,New Balance 990v3 Made in USA,2.0,$220.0,84.11
2026-07-03,  Retail Partner  ,ASICS GEL-NYC Tech Runner,1.0,$150.0,73.84
2026-05-13,  Drop Online Global  ,Denim Shorts Wide Leg,5.0,65.0 €,29.35
2026-07-26,  Flagship Store  ,Boxy Fit Hoodie 500 GSM,1.0,90.0 €,32.95
2026-03-08,  Flagship Store  ,Denim Shorts Wide Leg,1.0,$65.0,22.97
2026-01-09,  Pop-Up Store Madrid  ,Graphic Zip-Up Hoodie,1.0,$95.0,42.88
2026-01-23,  Flagship Store  ,Graphic Zip-Up Hoodie,1.0,$95.0,37.37
2026-05-31,  Flagship Store  ,New Balance 990v3 Made in USA,-1.0,220.0 €,91.24
2026-05-30,  Pop-Up Store Madrid  ,Graphic Zip-Up Hoodie,1.0,$95.0,46.41
2026-04-21,  Flagship Store  ,ASICS GEL-NYC Tech Runner,5.0,150.0 €,61.52
2026-03-29,  Flagship Store  ,ASICS GEL-NYC Tech Runner,2.0,-45.0,61.57
2026-05-02,  Retail Partner  ,Graphic Zip-Up Hoodie,-1.0,$95.0,46.66
2026-01-01,  Pop-Up Store Madrid  ,Denim Shorts Wide Leg,5.0,65.0,28.17
2026-04-12,  Retail Partner  ,Puffer Jacket Limited Release,3.0,180.0,89.59
2026-03-25,  Flagship Store  ,New Balance 990v3 Made in USA,1.0,$220.0,102.81
2026-04-18,  Flagship Store  ,Boxy Fit Hoodie 500 GSM,2.0,90.0 €,38.42
2026-03-03,  Drop Online Global  ,Puffer Jacket Limited Release,1.0,180.0 €,82.39
2026-08-07,  Retail Partner  ,Denim Shorts Wide Leg,1.0,$65.0,23.55
2026-07-05,  Pop-Up Store Madrid  ,Graphic Zip-Up Hoodie,-1.0,95.0,36.55
2026-07-12,  Drop Online Global  ,New Balance 990v3 Made in USA,3.0,$220.0,84.74
2026-04-30,  Retail Partner  ,Heavyweight Oversize Tee 300 GSM,5.0,45.0 €,16.83
2026-06-21,  Retail Partner  ,Cargo Pants Baggy Fit,1.0,$85.0,31.47
2026-03-21,  Drop Online Global  ,Graphic Zip-Up Hoodie,-1.0,95.0 €,41.96
2026-05-27,  Pop-Up Store Madrid  ,New Balance 990v3 Made in USA,2.0,220.0 €,103.29
2026-04-07,  Drop Online Global  ,Heavyweight Oversize Tee 300 GSM,2.0,45.0 €,16.78
2026-04-18,  Pop-Up Store Madrid  ,Boxy Fit Hoodie 500 GSM,5.0,90.0 €,43.78
2026-07-16,  Flagship Store  ,Puffer Jacket Limited Release,-1.0,$180.0,74.38
2026-01-29,  Retail Partner  ,ASICS GEL-NYC Tech Runner,,-45.0,60.67
2026-04-09,  Retail Partner  ,Boxy Fit Hoodie 500 GSM,1.0,90.0,44.29
2026-07-24,  Flagship Store  ,ASICS GEL-NYC Tech Runner,5.0,150.0,53.8
2026-03-31,  Pop-Up Store Madrid  ,Puffer Jacket Limited Release,-1.0,180.0 €,82.44
2026-01-26,  Flagship Store  ,Heavyweight Oversize Tee 300 GSM,1.0,45.0 €,19.33
2026-01-15,  Retail Partner  ,Puffer Jacket Limited Release,1.0,$180.0,68.91
2026-02-19,  Flagship Store  ,Puffer Jacket Limited Release,1.0,-45.0,88.7
2026-02-01,  Pop-Up Store Madrid  ,Heavyweight Oversize Tee 300 GSM,5.0,45.0,21.69
2026-06-22,  Retail Partner  ,Boxy Fit Hoodie 500 GSM,1.0,90.0,39.91
2026-04-18,  Pop-Up Store Madrid  ,Puffer Jacket Limited Release,2.0,180.0,73.27
2026-05-30,  Pop-Up Store Madrid  ,Boxy Fit Hoodie 500 GSM,1.0,90.0,36.53
2026-02-26,  Flagship Store  ,ASICS GEL-NYC Tech Runner,3.0,150.0 €,74.84
2026-07-19,  Pop-Up Store Madrid  ,New Balance 990v3 Made in USA,2.0,220.0,98.22
2026-02-26,  Drop Online Global  ,ASICS GEL-NYC Tech Runner,1.0,$150.0,56.25
2026-04-28,  Drop Online Global  ,Boxy Fit Hoodie 500 GSM,3.0,$90.0,37.04
2026-05-31,  Drop Online Global  ,Denim Shorts Wide Leg,2.0,$65.0,27.99
2026-04-12,  Pop-Up Store Madrid  ,ASICS GEL-NYC Tech Runner,5.0,150.0 €,56.75
2026-06-23,  Flagship Store  ,Cargo Pants Baggy Fit,1.0,$85.0,40.1
2026-05-29,  Flagship Store  ,Graphic Zip-Up Hoodie,2.0,95.0,34.81
2026-06-21,  Pop-Up Store Madrid  ,Graphic Zip-Up Hoodie,1.0,95.0 €,45.3
2026-02-17,  Pop-Up Store Madrid  ,ASICS GEL-NYC Tech Runner,1.0,150.0 €,72.33
2026-04-18,  Flagship Store  ,Cargo Pants Baggy Fit,1.0,$85.0,31.1
2026-04-19,  Pop-Up Store Madrid  ,Cargo Pants Baggy Fit,-1.0,$85.0,30.97
2026-07-26,  Drop Online Global  ,Boxy Fit Hoodie 500 GSM,1.0,90.0 €,37.94
2026-06-09,  Drop Online Global  ,Denim Shorts Wide Leg,5.0,$65.0,31.57
2026-06-08,  Pop-Up Store Madrid  ,Graphic Zip-Up Hoodie,1.0,95.0 €,34.02
2026-06-05,  Pop-Up Store Madrid  ,Denim Shorts Wide Leg,1.0,65.0,26.0
2026-04-18,  Flagship Store  ,Heavyweight Oversize Tee 300 GSM,-1.0,45.0,19.6
2026-06-02,  Retail Partner  ,New Balance 990v3 Made in USA,,$220.0,78.08
2026-05-08,  Drop Online Global  ,Puffer Jacket Limited Release,1.0,180.0,79.46
2026-05-16,  Drop Online Global  ,Puffer Jacket Limited Release,,180.0 €,73.48
2026-02-21,  Drop Online Global  ,Graphic Zip-Up Hoodie,,95.0 €,38.82
2026-07-14,  Flagship Store  ,Graphic Zip-Up Hoodie,1.0,95.0,33.6
2026-04-29,  Drop Online Global  ,Puffer Jacket Limited Release,5.0,180.0,89.27
2026-07-10,  Pop-Up Store Madrid  ,Boxy Fit Hoodie 500 GSM,1.0,90.0,35.5
2026-04-08,  Flagship Store  ,Puffer Jacket Limited Release,5.0,$180.0,84.72
2026-06-08,  Retail Partner  ,Heavyweight Oversize Tee 300 GSM,2.0,$45.0,18.11
2026-01-28,  Pop-Up Store Madrid  ,Graphic Zip-Up Hoodie,1.0,95.0,41.24
2026-06-06,  Drop Online Global  ,Cargo Pants Baggy Fit,3.0,85.0 €,34.74
2026-07-14,  Flagship Store  ,Heavyweight Oversize Tee 300 GSM,-1.0,45.0 €,17.74
2026-05-11,  Flagship Store  ,Graphic Zip-Up Hoodie,5.0,$95.0,45.79
2026-03-25,  Pop-Up Store Madrid  ,Heavyweight Oversize Tee 300 GSM,1.0,45.0,19.22
2026-06-03,  Flagship Store  ,Cargo Pants Baggy Fit,,85.0 €,38.91
2026-03-18,  Drop Online Global  ,Boxy Fit Hoodie 500 GSM,,$90.0,33.98
2026-07-19,  Retail Partner  ,Cargo Pants Baggy Fit,1.0,$85.0,39.69
2026-03-19,  Pop-Up Store Madrid  ,Boxy Fit Hoodie 500 GSM,1.0,90.0 €,43.66
2026-01-26,  Pop-Up Store Madrid  ,Cargo Pants Baggy Fit,1.0,85.0,35.85
2026-02-15,  Pop-Up Store Madrid  ,ASICS GEL-NYC Tech Runner,1.0,-45.0,71.06
2026-01-06,  Retail Partner  ,Denim Shorts Wide Leg,2.0,$65.0,27.08
2026-05-09,  Pop-Up Store Madrid  ,ASICS GEL-NYC Tech Runner,-1.0,$150.0,56.55
2026-05-17,  Drop Online Global  ,Boxy Fit Hoodie 500 GSM,1.0,90.0,41.26
2026-07-20,  Pop-Up Store Madrid  ,Denim Shorts Wide Leg,1.0,65.0 €,32.43
2026-04-10,  Pop-Up Store Madrid  ,Cargo Pants Baggy Fit,2.0,85.0,31.78
2026-04-10,  Pop-Up Store Madrid  ,Puffer Jacket Limited Release,,$180.0,73.97
2026-02-03,  Pop-Up Store Madrid  ,New Balance 990v3 Made in USA,,220.0 €,77.03
2026-01-24,  Drop Online Global  ,Denim Shorts Wide Leg,1.0,65.0 €,25.96
2026-01-25,  Flagship Store  ,ASICS GEL-NYC Tech Runner,3.0,$150.0,64.57
2026-02-14,  Pop-Up Store Madrid  ,Denim Shorts Wide Leg,1.0,65.0,28.35
2026-01-22,  Flagship Store  ,New Balance 990v3 Made in USA,1.0,220.0 €,104.88
2026-03-14,  Pop-Up Store Madrid  ,Puffer Jacket Limited Release,2.0,180.0,71.86
2026-03-21,  Drop Online Global  ,Heavyweight Oversize Tee 300 GSM,1.0,45.0 €,16.46
2026-01-24,  Flagship Store  ,Cargo Pants Baggy Fit,1.0,85.0,30.85
2026-05-17,  Flagship Store  ,Denim Shorts Wide Leg,1.0,-45.0,25.45
2026-07-01,  Retail Partner  ,Puffer Jacket Limited Release,2.0,$180.0,67.95
2026-05-19,  Pop-Up Store Madrid  ,ASICS GEL-NYC Tech Runner,,150.0 €,63.53
2026-06-04,  Drop Online Global  ,New Balance 990v3 Made in USA,1.0,$220.0,102.26
2026-02-27,  Drop Online Global  ,ASICS GEL-NYC Tech Runner,,$150.0,60.48
2026-01-02,  Pop-Up Store Madrid  ,Cargo Pants Baggy Fit,,85.0 €,36.14
2026-07-20,  Flagship Store  ,Puffer Jacket Limited Release,3.0,180.0 €,88.05
2026-06-17,  Drop Online Global  ,Puffer Jacket Limited Release,1.0,180.0,72.16
2026-03-26,  Retail Partner  ,Boxy Fit Hoodie 500 GSM,3.0,$90.0,36.48
2026-06-22,  Flagship Store  ,Graphic Zip-Up Hoodie,-1.0,$95.0,42.78
2026-08-02,  Flagship Store  ,New Balance 990v3 Made in USA,1.0,220.0,79.8
2026-05-15,  Pop-Up Store Madrid  ,New Balance 990v3 Made in USA,1.0,$220.0,102.0
2026-03-17,  Pop-Up Store Madrid  ,Boxy Fit Hoodie 500 GSM,2.0,$90.0,41.84
2026-03-04,  Retail Partner  ,New Balance 990v3 Made in USA,5.0,220.0 €,80.07
2026-02-06,  Flagship Store  ,Denim Shorts Wide Leg,2.0,$65.0,27.3
2026-02-11,  Pop-Up Store Madrid  ,Cargo Pants Baggy Fit,-1.0,85.0,40.11
2026-04-12,  Drop Online Global  ,Denim Shorts Wide Leg,3.0,65.0,28.37
2026-07-26,  Drop Online Global  ,Heavyweight Oversize Tee 300 GSM,3.0,45.0,16.68
2026-04-10,  Flagship Store  ,Graphic Zip-Up Hoodie,1.0,95.0,35.61
2026-06-02,  Pop-Up Store Madrid  ,Denim Shorts Wide Leg,2.0,65.0,28.87
2026-08-03,  Flagship Store  ,ASICS GEL-NYC Tech Runner,-1.0,150.0 €,52.66
2026-05-11,  Retail Partner  ,Denim Shorts Wide Leg,,$65.0,26.05
2026-05-12,  Drop Online Global  ,Heavyweight Oversize Tee 300 GSM,1.0,45.0 €,20.63
2026-01-04,  Pop-Up Store Madrid  ,Graphic Zip-Up Hoodie,,$95.0,44.36
2026-05-26,  Retail Partner  ,Boxy Fit Hoodie 500 GSM,5.0,$90.0,38.2
2026-02-08,  Pop-Up Store Madrid  ,Boxy Fit Hoodie 500 GSM,1.0,$90.0,37.5
2026-07-10,  Drop Online Global  ,Cargo Pants Baggy Fit,-1.0,85.0 €,41.57
2026-05-01,  Drop Online Global  ,Cargo Pants Baggy Fit,3.0,85.0 €,40.08
2026-07-09,  Retail Partner  ,Denim Shorts Wide Leg,2.0,65.0,28.32
2026-01-10,  Flagship Store  ,Boxy Fit Hoodie 500 GSM,-1.0,90.0 €,37.51
2026-03-14,  Retail Partner  ,Cargo Pants Baggy Fit,1.0,$85.0,30.94
2026-05-15,  Flagship Store  ,Denim Shorts Wide Leg,5.0,65.0 €,23.16
2026-07-05,  Pop-Up Store Madrid  ,Graphic Zip-Up Hoodie,,95.0 €,36.46
2026-04-01,  Pop-Up Store Madrid  ,Puffer Jacket Limited Release,,180.0,74.59
2026-04-01,  Drop Online Global  ,ASICS GEL-NYC Tech Runner,,$150.0,63.88
2026-03-11,  Drop Online Global  ,New Balance 990v3 Made in USA,5.0,$220.0,84.95
2026-08-01,  Retail Partner  ,New Balance 990v3 Made in USA,3.0,$220.0,94.59
2026-05-31,  Drop Online Global  ,ASICS GEL-NYC Tech Runner,3.0,150.0,67.71
2026-07-20,  Drop Online Global  ,Puffer Jacket Limited Release,1.0,180.0 €,86.56
2026-01-01,  Drop Online Global  ,Denim Shorts Wide Leg,1.0,$65.0,31.5
2026-07-13,  Drop Online Global  ,Graphic Zip-Up Hoodie,5.0,$95.0,47.2
2026-07-06,  Retail Partner  ,New Balance 990v3 Made in USA,,220.0 €,80.1
2026-01-02,  Drop Online Global  ,Puffer Jacket Limited Release,2.0,$180.0,78.62
2026-03-16,  Retail Partner  ,ASICS GEL-NYC Tech Runner,2.0,$150.0,56.33
2026-02-19,  Retail Partner  ,Denim Shorts Wide Leg,3.0,65.0 €,30.83
2026-06-10,  Flagship Store  ,Graphic Zip-Up Hoodie,1.0,95.0 €,47.02
2026-01-18,  Drop Online Global  ,Puffer Jacket Limited Release,1.0,180.0,75.99
2026-01-30,  Retail Partner  ,Puffer Jacket Limited Release,-1.0,$180.0,74.15
2026-05-29,  Pop-Up Store Madrid  ,Graphic Zip-Up Hoodie,-1.0,$95.0,44.96
2026-03-24,  Drop Online Global  ,Heavyweight Oversize Tee 300 GSM,5.0,45.0 €,17.25
2026-05-15,  Flagship Store  ,Cargo Pants Baggy Fit,2.0,85.0,34.31
2026-05-27,  Flagship Store  ,Heavyweight Oversize Tee 300 GSM,2.0,45.0,22.34
2026-05-30,  Retail Partner  ,ASICS GEL-NYC Tech Runner,5.0,150.0,72.82
2026-06-17,  Drop Online Global  ,Graphic Zip-Up Hoodie,3.0,$95.0,41.01
2026-02-18,  Drop Online Global  ,Heavyweight Oversize Tee 300 GSM,2.0,45.0 €,22.4
2026-02-18,  Drop Online Global  ,Graphic Zip-Up Hoodie,,-45.0,46.87
2026-04-28,  Drop Online Global  ,ASICS GEL-NYC Tech Runner,2.0,150.0,68.94
2026-03-06,  Drop Online Global  ,Boxy Fit Hoodie 500 GSM,2.0,$90.0,36.33
2026-07-26,  Flagship Store  ,Graphic Zip-Up Hoodie,2.0,95.0,43.3
2026-07-15,  Flagship Store  ,Boxy Fit Hoodie 500 GSM,5.0,90.0 €,36.92
2026-07-17,  Pop-Up Store Madrid  ,Boxy Fit Hoodie 500 GSM,1.0,90.0 €,40.47
2026-05-30,  Pop-Up Store Madrid  ,ASICS GEL-NYC Tech Runner,1.0,$150.0,71.71
2026-04-28,  Drop Online Global  ,Denim Shorts Wide Leg,2.0,65.0 €,27.52
2026-06-29,  Retail Partner  ,Graphic Zip-Up Hoodie,1.0,95.0 €,46.76
2026-03-08,  Retail Partner  ,Boxy Fit Hoodie 500 GSM,3.0,90.0,33.37
2026-04-12,  Pop-Up Store Madrid  ,Puffer Jacket Limited Release,2.0,180.0 €,83.16
2026-01-07,  Flagship Store  ,Denim Shorts Wide Leg,1.0,65.0 €,24.08
2026-03-13,  Drop Online Global  ,Denim Shorts Wide Leg,3.0,65.0,29.67
2026-01-31,  Drop Online Global  ,Cargo Pants Baggy Fit,2.0,$85.0,39.96
2026-02-24,  Pop-Up Store Madrid  ,Graphic Zip-Up Hoodie,1.0,95.0,46.75
2026-04-18,  Flagship Store  ,Graphic Zip-Up Hoodie,1.0,95.0 €,35.63
2026-01-21,  Flagship Store  ,Boxy Fit Hoodie 500 GSM,1.0,90.0,35.47
2026-06-24,  Drop Online Global  ,New Balance 990v3 Made in USA,-1.0,$220.0,79.34
2026-07-05,  Pop-Up Store Madrid  ,Graphic Zip-Up Hoodie,1.0,95.0,37.9
2026-04-12,  Pop-Up Store Madrid  ,Boxy Fit Hoodie 500 GSM,3.0,$90.0,39.4
2026-05-25,  Flagship Store  ,Boxy Fit Hoodie 500 GSM,1.0,$90.0,42.78
2026-02-23,  Drop Online Global  ,Puffer Jacket Limited Release,1.0,180.0 €,81.16
2026-02-28,  Retail Partner  ,Denim Shorts Wide Leg,1.0,$65.0,29.7
2026-06-05,  Flagship Store  ,ASICS GEL-NYC Tech Runner,,150.0,74.74
2026-02-03,  Drop Online Global  ,Graphic Zip-Up Hoodie,1.0,$95.0,42.73
2026-07-26,  Flagship Store  ,Graphic Zip-Up Hoodie,,95.0 €,40.26
2026-01-02,  Retail Partner  ,Graphic Zip-Up Hoodie,1.0,$95.0,46.29
2026-04-07,  Pop-Up Store Madrid  ,Graphic Zip-Up Hoodie,5.0,$95.0,41.99
2026-05-11,  Drop Online Global  ,Graphic Zip-Up Hoodie,1.0,95.0 €,46.61
2026-06-30,  Retail Partner  ,Cargo Pants Baggy Fit,3.0,85.0 €,36.04
2026-06-07,  Drop Online Global  ,Puffer Jacket Limited Release,1.0,$180.0,67.71
2026-04-05,  Flagship Store  ,Cargo Pants Baggy Fit,3.0,85.0,42.27
2026-06-15,  Drop Online Global  ,Graphic Zip-Up Hoodie,1.0,$95.0,36.97
2026-06-20,  Flagship Store  ,Cargo Pants Baggy Fit,3.0,$85.0,41.5
2026-08-09,  Retail Partner  ,Graphic Zip-Up Hoodie,,95.0,44.58
2026-05-25,  Flagship Store  ,Boxy Fit Hoodie 500 GSM,-1.0,$90.0,39.17
2026-05-25,  Pop-Up Store Madrid  ,Graphic Zip-Up Hoodie,,$95.0,41.43
2026-05-13,  Flagship Store  ,ASICS GEL-NYC Tech Runner,1.0,$150.0,67.47
2026-05-09,  Flagship Store  ,Graphic Zip-Up Hoodie,5.0,95.0 €,39.85
2026-03-28,  Drop Online Global  ,Denim Shorts Wide Leg,,$65.0,28.83
2026-01-23,  Drop Online Global  ,Cargo Pants Baggy Fit,1.0,85.0 €,31.76
2026-04-20,  Retail Partner  ,ASICS GEL-NYC Tech Runner,1.0,-45.0,58.71
2026-07-13,  Flagship Store  ,New Balance 990v3 Made in USA,1.0,$220.0,100.09
2026-02-02,  Flagship Store  ,Puffer Jacket Limited Release,-1.0,180.0,82.62
2026-07-18,  Flagship Store  ,Graphic Zip-Up Hoodie,-1.0,95.0 €,35.86
2026-05-11,  Flagship Store  ,Graphic Zip-Up Hoodie,1.0,95.0 €,45.18
2026-04-09,  Drop Online Global  ,ASICS GEL-NYC Tech Runner,1.0,150.0,71.21
2026-02-07,  Drop Online Global  ,Denim Shorts Wide Leg,1.0,-45.0,27.81
2026-01-21,  Pop-Up Store Madrid  ,Denim Shorts Wide Leg,3.0,65.0 €,31.96
2026-05-11,  Flagship Store  ,Boxy Fit Hoodie 500 GSM,1.0,$90.0,34.06
2026-07-08,  Flagship Store  ,Cargo Pants Baggy Fit,1.0,85.0 €,30.47
2026-06-22,  Flagship Store  ,ASICS GEL-NYC Tech Runner,1.0,150.0 €,62.48
2026-03-14,  Retail Partner  ,Boxy Fit Hoodie 500 GSM,-1.0,90.0,38.4
2026-03-22,  Flagship Store  ,Puffer Jacket Limited Release,,180.0 €,65.13
2026-01-19,  Flagship Store  ,Denim Shorts Wide Leg,3.0,$65.0,30.57
2026-04-25,  Drop Online Global  ,ASICS GEL-NYC Tech Runner,,-45.0,70.28
2026-03-24,  Drop Online Global  ,Cargo Pants Baggy Fit,,85.0 €,31.5
2026-04-05,  Retail Partner  ,Heavyweight Oversize Tee 300 GSM,1.0,45.0,15.8
2026-05-28,  Drop Online Global  ,Graphic Zip-Up Hoodie,1.0,95.0 €,38.17
2026-08-07,  Retail Partner  ,Heavyweight Oversize Tee 300 GSM,1.0,45.0 €,17.49
2026-04-05,  Retail Partner  ,Denim Shorts Wide Leg,,65.0,27.31
2026-05-06,  Retail Partner  ,Puffer Jacket Limited Release,2.0,$180.0,83.53
2026-07-13,  Pop-Up Store Madrid  ,Graphic Zip-Up Hoodie,2.0,$95.0,39.77
2026-01-30,  Retail Partner  ,ASICS GEL-NYC Tech Runner,1.0,$150.0,58.35
2026-01-09,  Drop Online Global  ,Cargo Pants Baggy Fit,2.0,85.0 €,32.29
2026-03-08,  Drop Online Global  ,ASICS GEL-NYC Tech Runner,1.0,$150.0,72.36
2026-05-22,  Retail Partner  ,Graphic Zip-Up Hoodie,5.0,95.0,36.55
2026-05-23,  Pop-Up Store Madrid  ,Boxy Fit Hoodie 500 GSM,1.0,$90.0,42.98
2026-06-08,  Retail Partner  ,Graphic Zip-Up Hoodie,1.0,$95.0,44.38
2026-01-09,  Retail Partner  ,Graphic Zip-Up Hoodie,5.0,$95.0,45.45
2026-07-05,  Drop Online Global  ,Boxy Fit Hoodie 500 GSM,1.0,90.0 €,35.51
2026-05-08,  Drop Online Global  ,New Balance 990v3 Made in USA,1.0,220.0,78.85
2026-02-08,  Retail Partner  ,Puffer Jacket Limited Release,1.0,180.0,74.19
2026-05-07,  Retail Partner  ,Puffer Jacket Limited Release,5.0,$180.0,75.51
2026-02-15,  Pop-Up Store Madrid  ,Cargo Pants Baggy Fit,2.0,85.0,32.85
2026-01-14,  Drop Online Global  ,Boxy Fit Hoodie 500 GSM,-1.0,$90.0,32.06
2026-02-23,  Pop-Up Store Madrid  ,Graphic Zip-Up Hoodie,1.0,95.0 €,42.28
2026-08-07,  Pop-Up Store Madrid  ,Puffer Jacket Limited Release,5.0,180.0,71.66
2026-08-03,  Flagship Store  ,ASICS GEL-NYC Tech Runner,,150.0,56.77
2026-08-03,  Retail Partner  ,Denim Shorts Wide Leg,,65.0,26.12
2026-02-21,  Drop Online Global  ,New Balance 990v3 Made in USA,1.0,220.0 €,88.46
2026-02-18,  Retail Partner  ,Heavyweight Oversize Tee 300 GSM,1.0,45.0,19.29
2026-01-13,  Flagship Store  ,New Balance 990v3 Made in USA,,$220.0,93.1
2026-01-17,  Pop-Up Store Madrid  ,Cargo Pants Baggy Fit,5.0,85.0,37.78
2026-01-17,  Flagship Store  ,ASICS GEL-NYC Tech Runner,-1.0,$150.0,72.49
2026-01-07,  Retail Partner  ,Graphic Zip-Up Hoodie,5.0,95.0 €,47.26
2026-02-09,  Retail Partner  ,Heavyweight Oversize Tee 300 GSM,2.0,$45.0,17.73
2026-07-26,  Drop Online Global  ,New Balance 990v3 Made in USA,1.0,220.0 €,104.53
2026-07-31,  Pop-Up Store Madrid  ,ASICS GEL-NYC Tech Runner,1.0,$150.0,57.53
2026-04-27,  Flagship Store  ,Cargo Pants Baggy Fit,2.0,85.0,31.67
2026-07-22,  Pop-Up Store Madrid  ,New Balance 990v3 Made in USA,1.0,$220.0,109.81
2026-06-29,  Retail Partner  ,Denim Shorts Wide Leg,2.0,-45.0,24.86
2026-05-29,  Drop Online Global  ,Cargo Pants Baggy Fit,1.0,85.0,33.89
2026-01-20,  Drop Online Global  ,New Balance 990v3 Made in USA,,220.0,106.39
2026-03-08,  Pop-Up Store Madrid  ,Boxy Fit Hoodie 500 GSM,1.0,$90.0,40.66
2026-07-24,  Retail Partner  ,Heavyweight Oversize Tee 300 GSM,2.0,45.0 €,18.28
2026-07-25,  Retail Partner  ,Boxy Fit Hoodie 500 GSM,1.0,$90.0,34.88
2026-05-31,  Flagship Store  ,Boxy Fit Hoodie 500 GSM,1.0,90.0 €,38.3
2026-05-07,  Drop Online Global  ,Graphic Zip-Up Hoodie,1.0,95.0,45.95
2026-06-20,  Pop-Up Store Madrid  ,Boxy Fit Hoodie 500 GSM,,90.0 €,37.58
2026-08-03,  Retail Partner  ,Denim Shorts Wide Leg,1.0,$65.0,31.53
2026-07-05,  Flagship Store  ,Heavyweight Oversize Tee 300 GSM,1.0,45.0,18.72
2026-02-02,  Pop-Up Store Madrid  ,Graphic Zip-Up Hoodie,2.0,$95.0,36.75
2026-01-13,  Pop-Up Store Madrid  ,Denim Shorts Wide Leg,1.0,$65.0,31.38
2026-07-04,  Retail Partner  ,Heavyweight Oversize Tee 300 GSM,3.0,$45.0,19.2
2026-03-15,  Retail Partner  ,Puffer Jacket Limited Release,-1.0,$180.0,69.69
2026-04-30,  Pop-Up Store Madrid  ,ASICS GEL-NYC Tech Runner,1.0,$150.0,70.9
2026-08-06,  Retail Partner  ,Graphic Zip-Up Hoodie,1.0,95.0 €,34.17
2026-05-29,  Pop-Up Store Madrid  ,Boxy Fit Hoodie 500 GSM,2.0,90.0 €,33.47
2026-01-25,  Flagship Store  ,Puffer Jacket Limited Release,-1.0,-45.0,78.25
2026-02-02,  Flagship Store  ,Graphic Zip-Up Hoodie,2.0,95.0 €,41.48
2026-01-29,  Flagship Store  ,Heavyweight Oversize Tee 300 GSM,2.0,45.0,17.67
2026-04-21,  Pop-Up Store Madrid  ,Heavyweight Oversize Tee 300 GSM,1.0,-45.0,21.18
2026-03-10,  Pop-Up Store Madrid  ,Puffer Jacket Limited Release,1.0,180.0 €,84.41
2026-03-31,  Retail Partner  ,New Balance 990v3 Made in USA,1.0,220.0,86.97
2026-03-04,  Drop Online Global  ,Denim Shorts Wide Leg,,65.0,22.79
2026-05-08,  Pop-Up Store Madrid  ,New Balance 990v3 Made in USA,3.0,220.0 €,92.31
2026-01-02,  Flagship Store  ,New Balance 990v3 Made in USA,2.0,$220.0,80.13
2026-03-27,  Retail Partner  ,Graphic Zip-Up Hoodie,3.0,95.0,34.63
2026-04-09,  Pop-Up Store Madrid  ,Heavyweight Oversize Tee 300 GSM,1.0,45.0 €,19.53
2026-02-15,  Flagship Store  ,Heavyweight Oversize Tee 300 GSM,1.0,45.0 €,17.35
2026-01-24,  Pop-Up Store Madrid  ,Heavyweight Oversize Tee 300 GSM,5.0,$45.0,18.18
2026-05-29,  Flagship Store  ,Cargo Pants Baggy Fit,3.0,-45.0,41.61
2026-05-16,  Retail Partner  ,Graphic Zip-Up Hoodie,1.0,$95.0,34.43
2026-03-20,  Retail Partner  ,Cargo Pants Baggy Fit,-1.0,-45.0,35.66
2026-07-24,  Flagship Store  ,New Balance 990v3 Made in USA,2.0,$220.0,81.92
2026-05-09,  Retail Partner  ,Boxy Fit Hoodie 500 GSM,-1.0,90.0 €,37.91
2026-04-01,  Drop Online Global  ,Puffer Jacket Limited Release,3.0,180.0,64.74
2026-01-10,  Flagship Store  ,Boxy Fit Hoodie 500 GSM,1.0,90.0 €,40.93
2026-07-27,  Flagship Store  ,Boxy Fit Hoodie 500 GSM,1.0,90.0 €,40.2
2026-08-04,  Retail Partner  ,Boxy Fit Hoodie 500 GSM,,90.0,36.87
2026-01-15,  Retail Partner  ,ASICS GEL-NYC Tech Runner,-1.0,150.0 €,56.3
2026-01-20,  Retail Partner  ,New Balance 990v3 Made in USA,5.0,220.0 €,77.53
2026-06-03,  Retail Partner  ,Heavyweight Oversize Tee 300 GSM,-1.0,45.0 €,18.06
2026-06-26,  Drop Online Global  ,Heavyweight Oversize Tee 300 GSM,,$45.0,20.0
2026-06-09,  Drop Online Global  ,New Balance 990v3 Made in USA,,$220.0,91.96
2026-03-17,  Pop-Up Store Madrid  ,Boxy Fit Hoodie 500 GSM,2.0,90.0 €,41.19
2026-06-19,  Flagship Store  ,Graphic Zip-Up Hoodie,,95.0,37.85
2026-01-15,  Flagship Store  ,Cargo Pants Baggy Fit,-1.0,85.0,30.87
2026-04-03,  Drop Online Global  ,Graphic Zip-Up Hoodie,5.0,$95.0,33.79
2026-06-28,  Retail Partner  ,Boxy Fit Hoodie 500 GSM,3.0,90.0 €,32.46
2026-01-14,  Flagship Store  ,Cargo Pants Baggy Fit,,85.0,32.87
2026-06-05,  Drop Online Global  ,ASICS GEL-NYC Tech Runner,1.0,150.0 €,63.68
2026-05-04,  Drop Online Global  ,Boxy Fit Hoodie 500 GSM,,$90.0,44.51
2026-02-21,  Pop-Up Store Madrid  ,Cargo Pants Baggy Fit,,85.0,38.14
2026-05-27,  Flagship Store  ,Cargo Pants Baggy Fit,1.0,$85.0,39.59
2026-06-15,  Flagship Store  ,Boxy Fit Hoodie 500 GSM,-1.0,90.0 €,38.35
2026-06-05,  Flagship Store  ,Boxy Fit Hoodie 500 GSM,1.0,90.0 €,44.91
2026-08-06,  Pop-Up Store Madrid  ,Denim Shorts Wide Leg,3.0,$65.0,28.5
2026-03-26,  Drop Online Global  ,Heavyweight Oversize Tee 300 GSM,1.0,45.0,17.06
2026-02-05,  Retail Partner  ,Denim Shorts Wide Leg,1.0,$65.0,26.08
2026-07-24,  Retail Partner  ,Boxy Fit Hoodie 500 GSM,5.0,90.0 €,40.63
2026-04-11,  Flagship Store  ,New Balance 990v3 Made in USA,,220.0,108.27
2026-01-27,  Drop Online Global  ,ASICS GEL-NYC Tech Runner,1.0,150.0 €,52.95
2026-07-08,  Pop-Up Store Madrid  ,New Balance 990v3 Made in USA,1.0,220.0,89.53
2026-03-02,  Pop-Up Store Madrid  ,Heavyweight Oversize Tee 300 GSM,5.0,$45.0,19.78
2026-02-15,  Pop-Up Store Madrid  ,New Balance 990v3 Made in USA,2.0,220.0 €,89.62
2026-06-24,  Retail Partner  ,ASICS GEL-NYC Tech Runner,,150.0,56.21
2026-03-03,  Drop Online Global  ,Puffer Jacket Limited Release,,180.0,86.08
2026-03-18,  Retail Partner  ,Graphic Zip-Up Hoodie,-1.0,95.0,42.04
2026-03-18,  Flagship Store  ,Graphic Zip-Up Hoodie,1.0,$95.0,38.93
2026-05-09,  Retail Partner  ,New Balance 990v3 Made in USA,5.0,220.0 €,100.19
2026-03-07,  Retail Partner  ,New Balance 990v3 Made in USA,1.0,220.0,79.09
2026-05-03,  Retail Partner  ,Boxy Fit Hoodie 500 GSM,2.0,$90.0,34.46
2026-07-02,  Pop-Up Store Madrid  ,Denim Shorts Wide Leg,3.0,$65.0,27.55
2026-01-01,  Flagship Store  ,Denim Shorts Wide Leg,1.0,65.0 €,22.95
2026-02-24,  Flagship Store  ,Denim Shorts Wide Leg,1.0,65.0,32.24
2026-04-13,  Pop-Up Store Madrid  ,Denim Shorts Wide Leg,1.0,$65.0,24.2
2026-01-13,  Retail Partner  ,Denim Shorts Wide Leg,,$65.0,25.88
2026-07-06,  Flagship Store  ,ASICS GEL-NYC Tech Runner,,$150.0,62.76
2026-07-14,  Flagship Store  ,Heavyweight Oversize Tee 300 GSM,1.0,45.0 €,21.02
2026-04-17,  Flagship Store  ,New Balance 990v3 Made in USA,,220.0,109.88
2026-01-07,  Retail Partner  ,Graphic Zip-Up Hoodie,-1.0,95.0 €,41.35
2026-01-25,  Retail Partner  ,Puffer Jacket Limited Release,2.0,180.0 €,69.31
2026-01-12,  Pop-Up Store Madrid  ,ASICS GEL-NYC Tech Runner,,150.0 €,74.6
2026-01-10,  Flagship Store  ,Boxy Fit Hoodie 500 GSM,1.0,90.0 €,43.37
2026-03-21,  Retail Partner  ,Graphic Zip-Up Hoodie,3.0,95.0,36.96
2026-05-17,  Flagship Store  ,Boxy Fit Hoodie 500 GSM,2.0,90.0,33.65
2026-05-24,  Pop-Up Store Madrid  ,Puffer Jacket Limited Release,-1.0,180.0 €,83.21
2026-05-23,  Retail Partner  ,New Balance 990v3 Made in USA,2.0,$220.0,80.81
2026-01-22,  Retail Partner  ,Denim Shorts Wide Leg,1.0,$65.0,30.26
2026-07-11,  Drop Online Global  ,Puffer Jacket Limited Release,3.0,180.0,82.41
2026-04-09,  Retail Partner  ,Graphic Zip-Up Hoodie,1.0,$95.0,34.39
2026-02-02,  Drop Online Global  ,Denim Shorts Wide Leg,5.0,65.0 €,25.31
2026-04-02,  Retail Partner  ,New Balance 990v3 Made in USA,1.0,220.0 €,83.38
2026-04-09,  Retail Partner  ,Denim Shorts Wide Leg,3.0,65.0 €,31.81
2026-06-13,  Pop-Up Store Madrid  ,Boxy Fit Hoodie 500 GSM,1.0,$90.0,36.25
2026-06-09,  Drop Online Global  ,ASICS GEL-NYC Tech Runner,-1.0,150.0 €,63.55
2026-03-21,  Retail Partner  ,Cargo Pants Baggy Fit,1.0,-45.0,32.26
2026-07-02,  Drop Online Global  ,Puffer Jacket Limited Release,,$180.0,69.3
2026-08-05,  Pop-Up Store Madrid  ,Graphic Zip-Up Hoodie,3.0,95.0 €,46.03
2026-01-15,  Flagship Store  ,Puffer Jacket Limited Release,1.0,$180.0,70.8
2026-07-04,  Flagship Store  ,Denim Shorts Wide Leg,1.0,$65.0,23.34
2026-01-23,  Pop-Up Store Madrid  ,Graphic Zip-Up Hoodie,3.0,95.0 €,45.47
2026-06-02,  Pop-Up Store Madrid  ,Denim Shorts Wide Leg,1.0,65.0,27.5
2026-01-03,  Retail Partner  ,ASICS GEL-NYC Tech Runner,5.0,150.0,71.18
2026-03-21,  Flagship Store  ,Graphic Zip-Up Hoodie,1.0,$95.0,36.18
2026-06-24,  Flagship Store  ,Heavyweight Oversize Tee 300 GSM,-1.0,$45.0,19.19
2026-01-03,  Pop-Up Store Madrid  ,Boxy Fit Hoodie 500 GSM,,$90.0,44.08
2026-04-02,  Pop-Up Store Madrid  ,Heavyweight Oversize Tee 300 GSM,3.0,$45.0,19.37
2026-04-09,  Pop-Up Store Madrid  ,New Balance 990v3 Made in USA,,220.0 €,94.95
2026-07-20,  Drop Online Global  ,Cargo Pants Baggy Fit,1.0,$85.0,39.07
2026-04-11,  Drop Online Global  ,Heavyweight Oversize Tee 300 GSM,,45.0 €,20.21
2026-05-12,  Drop Online Global  ,ASICS GEL-NYC Tech Runner,5.0,150.0 €,73.14
2026-07-27,  Pop-Up Store Madrid  ,Heavyweight Oversize Tee 300 GSM,2.0,45.0,20.33
2026-01-12,  Retail Partner  ,Graphic Zip-Up Hoodie,1.0,$95.0,43.8
2026-03-18,  Drop Online Global  ,New Balance 990v3 Made in USA,1.0,220.0 €,78.57
2026-05-10,  Retail Partner  ,New Balance 990v3 Made in USA,1.0,220.0,77.32
2026-06-06,  Pop-Up Store Madrid  ,New Balance 990v3 Made in USA,1.0,220.0,102.73
2026-05-07,  Drop Online Global  ,Denim Shorts Wide Leg,5.0,$65.0,25.37
2026-06-21,  Pop-Up Store Madrid  ,New Balance 990v3 Made in USA,1.0,220.0 €,79.07
2026-06-27,  Retail Partner  ,Cargo Pants Baggy Fit,1.0,$85.0,30.73
2026-03-31,  Pop-Up Store Madrid  ,Boxy Fit Hoodie 500 GSM,,-45.0,32.49
2026-06-26,  Drop Online Global  ,Graphic Zip-Up Hoodie,5.0,95.0,39.95
2026-03-27,  Retail Partner  ,Heavyweight Oversize Tee 300 GSM,5.0,45.0 €,18.53
2026-07-08,  Flagship Store  ,Heavyweight Oversize Tee 300 GSM,-1.0,$45.0,18.23
2026-04-28,  Drop Online Global  ,Heavyweight Oversize Tee 300 GSM,3.0,45.0 €,21.49
2026-01-17,  Flagship Store  ,Puffer Jacket Limited Release,5.0,$180.0,63.7
2026-05-01,  Pop-Up Store Madrid  ,Heavyweight Oversize Tee 300 GSM,5.0,45.0 €,19.27
2026-06-12,  Pop-Up Store Madrid  ,Cargo Pants Baggy Fit,-1.0,$85.0,37.43
2026-02-23,  Flagship Store  ,Puffer Jacket Limited Release,-1.0,$180.0,87.57
2026-03-27,  Flagship Store  ,Graphic Zip-Up Hoodie,5.0,95.0,37.87
2026-03-11,  Flagship Store  ,Heavyweight Oversize Tee 300 GSM,1.0,45.0,19.06
2026-07-25,  Pop-Up Store Madrid  ,Graphic Zip-Up Hoodie,5.0,$95.0,47.16
2026-04-14,  Retail Partner  ,Puffer Jacket Limited Release,1.0,180.0 €,86.73
2026-04-02,  Pop-Up Store Madrid  ,ASICS GEL-NYC Tech Runner,-1.0,150.0,57.69
2026-07-30,  Retail Partner  ,Cargo Pants Baggy Fit,2.0,85.0 €,35.15
2026-01-01,  Drop Online Global  ,Puffer Jacket Limited Release,3.0,180.0 €,86.26
2026-06-01,  Drop Online Global  ,ASICS GEL-NYC Tech Runner,1.0,150.0,67.12
2026-02-21,  Retail Partner  ,New Balance 990v3 Made in USA,-1.0,220.0 €,85.93
2026-03-13,  Retail Partner  ,Graphic Zip-Up Hoodie,3.0,95.0,41.05
2026-01-13,  Drop Online Global  ,Puffer Jacket Limited Release,5.0,$180.0,65.09
2026-06-05,  Drop Online Global  ,Puffer Jacket Limited Release,1.0,$180.0,81.38
2026-03-07,  Drop Online Global  ,Boxy Fit Hoodie 500 GSM,-1.0,$90.0,41.26
2026-01-13,  Retail Partner  ,Denim Shorts Wide Leg,-1.0,$65.0,31.48
2026-02-02,  Retail Partner  ,Graphic Zip-Up Hoodie,1.0,$95.0,35.49
2026-06-22,  Retail Partner  ,Boxy Fit Hoodie 500 GSM,1.0,90.0 €,34.76
2026-02-15,  Pop-Up Store Madrid  ,ASICS GEL-NYC Tech Runner,1.0,150.0,65.21
2026-07-13,  Pop-Up Store Madrid  ,Denim Shorts Wide Leg,,$65.0,26.54
2026-05-26,  Pop-Up Store Madrid  ,Graphic Zip-Up Hoodie,5.0,$95.0,46.07
2026-07-22,  Drop Online Global  ,Cargo Pants Baggy Fit,5.0,85.0,33.41
2026-06-03,  Retail Partner  ,ASICS GEL-NYC Tech Runner,2.0,150.0,72.69
2026-02-18,  Drop Online Global  ,New Balance 990v3 Made in USA,,220.0,105.65
2026-02-22,  Flagship Store  ,Puffer Jacket Limited Release,5.0,$180.0,81.37
2026-05-05,  Pop-Up Store Madrid  ,Cargo Pants Baggy Fit,5.0,$85.0,32.67
2026-07-28,  Pop-Up Store Madrid  ,New Balance 990v3 Made in USA,1.0,$220.0,109.07
2026-04-23,  Retail Partner  ,Heavyweight Oversize Tee 300 GSM,3.0,45.0 €,18.0
2026-03-30,  Drop Online Global  ,New Balance 990v3 Made in USA,,220.0 €,89.61
2026-02-27,  Retail Partner  ,Puffer Jacket Limited Release,1.0,-45.0,81.09
2026-04-10,  Flagship Store  ,Boxy Fit Hoodie 500 GSM,5.0,$90.0,34.61
2026-02-09,  Flagship Store  ,Cargo Pants Baggy Fit,1.0,85.0 €,37.46
2026-04-27,  Retail Partner  ,Graphic Zip-Up Hoodie,1.0,95.0 €,42.11
2026-06-24,  Drop Online Global  ,ASICS GEL-NYC Tech Runner,2.0,-45.0,74.8
2026-04-19,  Flagship Store  ,Heavyweight Oversize Tee 300 GSM,1.0,$45.0,18.71
2026-04-27,  Pop-Up Store Madrid  ,Graphic Zip-Up Hoodie,1.0,95.0 €,43.76
2026-01-22,  Flagship Store  ,New Balance 990v3 Made in USA,2.0,$220.0,101.73
2026-07-04,  Pop-Up Store Madrid  ,Denim Shorts Wide Leg,3.0,65.0 €,31.28
2026-08-03,  Pop-Up Store Madrid  ,Heavyweight Oversize Tee 300 GSM,2.0,45.0,18.08
2026-07-18,  Flagship Store  ,Graphic Zip-Up Hoodie,3.0,95.0 €,44.51
2026-06-17,  Pop-Up Store Madrid  ,Cargo Pants Baggy Fit,5.0,85.0 €,39.76
2026-02-24,  Retail Partner  ,Graphic Zip-Up Hoodie,1.0,$95.0,47.28
2026-06-11,  Retail Partner  ,Boxy Fit Hoodie 500 GSM,5.0,-45.0,32.27
2026-01-22,  Flagship Store  ,Heavyweight Oversize Tee 300 GSM,2.0,45.0,18.32
2026-07-28,  Pop-Up Store Madrid  ,New Balance 990v3 Made in USA,1.0,$220.0,99.13
2026-06-20,  Flagship Store  ,Boxy Fit Hoodie 500 GSM,5.0,90.0,34.84
2026-03-30,  Drop Online Global  ,Puffer Jacket Limited Release,1.0,180.0,64.38
2026-06-24,  Retail Partner  ,Puffer Jacket Limited Release,2.0,$180.0,71.97
2026-05-26,  Flagship Store  ,Boxy Fit Hoodie 500 GSM,1.0,$90.0,41.58
2026-07-28,  Retail Partner  ,Denim Shorts Wide Leg,1.0,$65.0,30.37
2026-03-07,  Pop-Up Store Madrid  ,Cargo Pants Baggy Fit,1.0,$85.0,32.38
2026-07-13,  Flagship Store  ,Heavyweight Oversize Tee 300 GSM,1.0,45.0 €,20.68
2026-02-05,  Retail Partner  ,Denim Shorts Wide Leg,1.0,$65.0,24.65
2026-04-29,  Pop-Up Store Madrid  ,New Balance 990v3 Made in USA,2.0,$220.0,100.05
2026-02-09,  Pop-Up Store Madrid  ,Boxy Fit Hoodie 500 GSM,3.0,90.0 €,44.73
2026-01-15,  Drop Online Global  ,Boxy Fit Hoodie 500 GSM,1.0,90.0,32.25
2026-07-21,  Flagship Store  ,Denim Shorts Wide Leg,,$65.0,29.34
2026-04-02,  Pop-Up Store Madrid  ,New Balance 990v3 Made in USA,1.0,$220.0,78.81
2026-06-02,  Flagship Store  ,Denim Shorts Wide Leg,5.0,$65.0,25.22
2026-06-16,  Drop Online Global  ,Cargo Pants Baggy Fit,,$85.0,41.95
2026-03-11,  Drop Online Global  ,Cargo Pants Baggy Fit,5.0,85.0,37.39
2026-07-13,  Pop-Up Store Madrid  ,Boxy Fit Hoodie 500 GSM,1.0,$90.0,42.32
2026-04-19,  Retail Partner  ,Boxy Fit Hoodie 500 GSM,2.0,90.0 €,39.42
2026-01-04,  Drop Online Global  ,Denim Shorts Wide Leg,-1.0,65.0 €,28.16
2026-05-21,  Retail Partner  ,ASICS GEL-NYC Tech Runner,1.0,150.0,72.02
2026-06-06,  Flagship Store  ,Denim Shorts Wide Leg,1.0,65.0,28.79
2026-04-04,  Drop Online Global  ,Heavyweight Oversize Tee 300 GSM,5.0,45.0,22.39
2026-04-18,  Drop Online Global  ,ASICS GEL-NYC Tech Runner,1.0,-45.0,61.1
2026-03-04,  Pop-Up Store Madrid  ,Heavyweight Oversize Tee 300 GSM,5.0,45.0,20.28
2026-06-07,  Pop-Up Store Madrid  ,Puffer Jacket Limited Release,5.0,180.0 €,67.87
2026-06-13,  Pop-Up Store Madrid  ,Denim Shorts Wide Leg,1.0,65.0 €,30.17
2026-01-13,  Flagship Store  ,Puffer Jacket Limited Release,5.0,180.0 €,74.34
2026-03-16,  Pop-Up Store Madrid  ,New Balance 990v3 Made in USA,-1.0,220.0,97.24
2026-01-05,  Retail Partner  ,Cargo Pants Baggy Fit,1.0,85.0 €,40.57
2026-06-19,  Pop-Up Store Madrid  ,ASICS GEL-NYC Tech Runner,1.0,$150.0,67.23
2026-04-30,  Pop-Up Store Madrid  ,Denim Shorts Wide Leg,3.0,65.0 €,30.73
2026-07-02,  Pop-Up Store Madrid  ,Boxy Fit Hoodie 500 GSM,5.0,$90.0,32.19
2026-04-27,  Pop-Up Store Madrid  ,Denim Shorts Wide Leg,2.0,$65.0,27.77
2026-03-07,  Retail Partner  ,New Balance 990v3 Made in USA,2.0,220.0 €,89.04
2026-03-03,  Flagship Store  ,Boxy Fit Hoodie 500 GSM,3.0,$90.0,35.28
2026-02-19,  Pop-Up Store Madrid  ,ASICS GEL-NYC Tech Runner,5.0,150.0 €,66.98
2026-03-20,  Drop Online Global  ,ASICS GEL-NYC Tech Runner,-1.0,150.0 €,53.26
2026-07-16,  Retail Partner  ,Denim Shorts Wide Leg,3.0,$65.0,25.91
2026-03-06,  Flagship Store  ,Denim Shorts Wide Leg,1.0,65.0 €,26.69
2026-02-20,  Flagship Store  ,Denim Shorts Wide Leg,2.0,65.0,25.51
2026-01-17,  Retail Partner  ,Denim Shorts Wide Leg,1.0,65.0 €,31.59
2026-02-23,  Pop-Up Store Madrid  ,Puffer Jacket Limited Release,3.0,180.0,89.85
2026-01-04,  Drop Online Global  ,Cargo Pants Baggy Fit,1.0,85.0,34.94
2026-08-06,  Drop Online Global  ,ASICS GEL-NYC Tech Runner,,$150.0,70.08
2026-02-28,  Pop-Up Store Madrid  ,Puffer Jacket Limited Release,1.0,180.0,82.0
2026-07-14,  Drop Online Global  ,Puffer Jacket Limited Release,1.0,$180.0,84.45
2026-04-07,  Drop Online Global  ,Denim Shorts Wide Leg,5.0,65.0 €,31.1
2026-07-10,  Pop-Up Store Madrid  ,Boxy Fit Hoodie 500 GSM,-1.0,$90.0,37.65
2026-07-30,  Flagship Store  ,Cargo Pants Baggy Fit,1.0,$85.0,31.65
2026-03-11,  Retail Partner  ,Puffer Jacket Limited Release,2.0,180.0,75.01
2026-05-31,  Drop Online Global  ,Cargo Pants Baggy Fit,,$85.0,30.27
2026-04-26,  Pop-Up Store Madrid  ,ASICS GEL-NYC Tech Runner,,150.0 €,59.83
2026-03-12,  Drop Online Global  ,Puffer Jacket Limited Release,1.0,$180.0,63.5
2026-02-08,  Drop Online Global  ,Denim Shorts Wide Leg,1.0,$65.0,23.85
2026-03-25,  Flagship Store  ,Heavyweight Oversize Tee 300 GSM,3.0,45.0,19.21
2026-01-10,  Pop-Up Store Madrid  ,New Balance 990v3 Made in USA,,$220.0,103.06
2026-05-14,  Drop Online Global  ,Boxy Fit Hoodie 500 GSM,-1.0,$90.0,39.31
2026-01-13,  Pop-Up Store Madrid  ,Boxy Fit Hoodie 500 GSM,,$90.0,42.61
2026-03-02,  Drop Online Global  ,Graphic Zip-Up Hoodie,3.0,95.0 €,37.31
2026-04-20,  Flagship Store  ,Graphic Zip-Up Hoodie,1.0,95.0 €,39.63
2026-08-03,  Pop-Up Store Madrid  ,Graphic Zip-Up Hoodie,5.0,95.0 €,37.14
2026-04-15,  Retail Partner  ,Denim Shorts Wide Leg,1.0,65.0 €,28.58
2026-03-22,  Retail Partner  ,ASICS GEL-NYC Tech Runner,1.0,$150.0,72.18
2026-06-06,  Pop-Up Store Madrid  ,Graphic Zip-Up Hoodie,-1.0,$95.0,45.61
2026-03-08,  Pop-Up Store Madrid  ,New Balance 990v3 Made in USA,2.0,$220.0,88.27
2026-06-12,  Flagship Store  ,New Balance 990v3 Made in USA,2.0,220.0,88.79
2026-08-08,  Flagship Store  ,Denim Shorts Wide Leg,,65.0,28.26
2026-06-28,  Flagship Store  ,New Balance 990v3 Made in USA,,220.0 €,90.53
2026-01-24,  Retail Partner  ,Cargo Pants Baggy Fit,3.0,85.0,41.0
2026-02-01,  Drop Online Global  ,New Balance 990v3 Made in USA,1.0,220.0 €,99.26
2026-07-25,  Flagship Store  ,Denim Shorts Wide Leg,1.0,65.0 €,30.85
2026-03-12,  Flagship Store  ,Heavyweight Oversize Tee 300 GSM,1.0,45.0 €,16.72
2026-07-18,  Flagship Store  ,Graphic Zip-Up Hoodie,1.0,$95.0,45.49
2026-04-06,  Drop Online Global  ,New Balance 990v3 Made in USA,2.0,$220.0,80.06
2026-06-27,  Flagship Store  ,Denim Shorts Wide Leg,5.0,65.0,29.95
2026-05-28,  Drop Online Global  ,ASICS GEL-NYC Tech Runner,3.0,150.0,63.23
2026-05-21,  Drop Online Global  ,Denim Shorts Wide Leg,3.0,65.0,32.46
2026-02-24,  Flagship Store  ,Graphic Zip-Up Hoodie,1.0,$95.0,37.89
2026-05-31,  Drop Online Global  ,ASICS GEL-NYC Tech Runner,3.0,150.0 €,70.43
2026-07-14,  Flagship Store  ,Graphic Zip-Up Hoodie,,$95.0,38.45
2026-07-31,  Flagship Store  ,Graphic Zip-Up Hoodie,5.0,95.0 €,46.35
2026-05-22,  Drop Online Global  ,New Balance 990v3 Made in USA,,$220.0,92.63
2026-05-31,  Retail Partner  ,ASICS GEL-NYC Tech Runner,5.0,$150.0,73.17
2026-06-27,  Flagship Store  ,Heavyweight Oversize Tee 300 GSM,,$45.0,19.4
2026-04-20,  Retail Partner  ,New Balance 990v3 Made in USA,-1.0,220.0,83.27
2026-05-01,  Flagship Store  ,Cargo Pants Baggy Fit,3.0,85.0 €,41.62
2026-01-05,  Drop Online Global  ,Heavyweight Oversize Tee 300 GSM,3.0,$45.0,22.08
2026-04-27,  Drop Online Global  ,ASICS GEL-NYC Tech Runner,-1.0,150.0 €,63.41
2026-04-28,  Flagship Store  ,Boxy Fit Hoodie 500 GSM,5.0,$90.0,35.33
2026-05-09,  Drop Online Global  ,Puffer Jacket Limited Release,3.0,$180.0,70.49
2026-05-03,  Pop-Up Store Madrid  ,Puffer Jacket Limited Release,1.0,180.0 €,89.88
2026-08-04,  Retail Partner  ,Cargo Pants Baggy Fit,5.0,85.0,39.99
2026-03-19,  Drop Online Global  ,Boxy Fit Hoodie 500 GSM,,90.0 €,40.7
2026-07-08,  Pop-Up Store Madrid  ,Cargo Pants Baggy Fit,1.0,85.0,36.46
2026-07-26,  Drop Online Global  ,Denim Shorts Wide Leg,1.0,$65.0,27.57
2026-03-23,  Flagship Store  ,Cargo Pants Baggy Fit,2.0,$85.0,32.79
2026-01-18,  Retail Partner  ,Denim Shorts Wide Leg,1.0,$65.0,30.51
2026-03-06,  Drop Online Global  ,Cargo Pants Baggy Fit,5.0,85.0,30.41
2026-07-25,  Pop-Up Store Madrid  ,ASICS GEL-NYC Tech Runner,2.0,150.0 €,65.43
2026-03-31,  Flagship Store  ,ASICS GEL-NYC Tech Runner,5.0,150.0 €,57.81
2026-01-15,  Drop Online Global  ,ASICS GEL-NYC Tech Runner,1.0,150.0 €,54.73
2026-01-14,  Drop Online Global  ,Cargo Pants Baggy Fit,1.0,$85.0,32.62
2026-04-07,  Drop Online Global  ,New Balance 990v3 Made in USA,-1.0,220.0 €,104.9
2026-02-08,  Drop Online Global  ,Heavyweight Oversize Tee 300 GSM,2.0,45.0 €,16.91
2026-04-04,  Drop Online Global  ,New Balance 990v3 Made in USA,5.0,$220.0,108.23
2026-03-14,  Retail Partner  ,Heavyweight Oversize Tee 300 GSM,2.0,45.0 €,18.59
2026-01-15,  Pop-Up Store Madrid  ,New Balance 990v3 Made in USA,5.0,220.0,103.92
2026-05-11,  Retail Partner  ,Denim Shorts Wide Leg,3.0,65.0,25.06
2026-02-08,  Pop-Up Store Madrid  ,Boxy Fit Hoodie 500 GSM,1.0,$90.0,41.94
2026-06-20,  Retail Partner  ,New Balance 990v3 Made in USA,1.0,$220.0,95.87
2026-07-13,  Pop-Up Store Madrid  ,Denim Shorts Wide Leg,3.0,$65.0,30.67
2026-02-13,  Drop Online Global  ,Boxy Fit Hoodie 500 GSM,2.0,90.0,44.88
2026-03-08,  Pop-Up Store Madrid  ,Puffer Jacket Limited Release,-1.0,180.0,73.58
2026-06-06,  Retail Partner  ,Puffer Jacket Limited Release,,$180.0,63.43
2026-03-10,  Pop-Up Store Madrid  ,Cargo Pants Baggy Fit,1.0,$85.0,30.4
2026-05-20,  Drop Online Global  ,ASICS GEL-NYC Tech Runner,5.0,$150.0,72.79
2026-03-07,  Retail Partner  ,Heavyweight Oversize Tee 300 GSM,2.0,45.0 €,16.4
2026-06-13,  Retail Partner  ,Puffer Jacket Limited Release,1.0,$180.0,78.32
2026-04-09,  Pop-Up Store Madrid  ,Denim Shorts Wide Leg,,$65.0,28.09
2026-01-06,  Pop-Up Store Madrid  ,Graphic Zip-Up Hoodie,1.0,-45.0,39.42
2026-07-17,  Flagship Store  ,New Balance 990v3 Made in USA,3.0,220.0,85.77
2026-03-13,  Flagship Store  ,Cargo Pants Baggy Fit,1.0,85.0,39.7
2026-03-01,  Pop-Up Store Madrid  ,Puffer Jacket Limited Release,1.0,$180.0,75.09
2026-04-08,  Flagship Store  ,Cargo Pants Baggy Fit,1.0,85.0 €,35.89
2026-04-20,  Flagship Store  ,Heavyweight Oversize Tee 300 GSM,1.0,45.0 €,17.26
2026-04-26,  Pop-Up Store Madrid  ,Cargo Pants Baggy Fit,2.0,-45.0,36.18
2026-01-25,  Flagship Store  ,ASICS GEL-NYC Tech Runner,5.0,150.0,67.17
2026-04-18,  Flagship Store  ,Heavyweight Oversize Tee 300 GSM,-1.0,$45.0,18.85
2026-03-23,  Retail Partner  ,Boxy Fit Hoodie 500 GSM,1.0,90.0,41.71
2026-03-15,  Drop Online Global  ,Cargo Pants Baggy Fit,1.0,$85.0,33.52
2026-06-21,  Flagship Store  ,Boxy Fit Hoodie 500 GSM,1.0,90.0 €,31.56
2026-07-09,  Flagship Store  ,ASICS GEL-NYC Tech Runner,3.0,$150.0,63.39
2026-08-08,  Retail Partner  ,New Balance 990v3 Made in USA,5.0,220.0 €,88.11
2026-04-25,  Drop Online Global  ,Boxy Fit Hoodie 500 GSM,3.0,$90.0,44.57
2026-03-28,  Pop-Up Store Madrid  ,Puffer Jacket Limited Release,1.0,$180.0,74.42
2026-06-16,  Flagship Store  ,Denim Shorts Wide Leg,1.0,65.0,26.32
2026-04-18,  Flagship Store  ,New Balance 990v3 Made in USA,2.0,220.0 €,90.14
2026-02-02,  Flagship Store  ,Cargo Pants Baggy Fit,1.0,85.0 €,39.64
2026-02-22,  Pop-Up Store Madrid  ,Denim Shorts Wide Leg,1.0,65.0,32.49
2026-06-21,  Drop Online Global  ,Denim Shorts Wide Leg,3.0,65.0 €,26.71
2026-05-24,  Drop Online Global  ,Puffer Jacket Limited Release,-1.0,180.0 €,67.26
2026-02-28,  Retail Partner  ,Puffer Jacket Limited Release,3.0,180.0,85.91
2026-03-13,  Flagship Store  ,ASICS GEL-NYC Tech Runner,3.0,150.0,53.24
2026-03-28,  Retail Partner  ,Denim Shorts Wide Leg,5.0,-45.0,32.18
2026-07-08,  Drop Online Global  ,ASICS GEL-NYC Tech Runner,3.0,150.0,62.35
2026-06-20,  Flagship Store  ,New Balance 990v3 Made in USA,1.0,220.0 €,105.95
2026-03-12,  Flagship Store  ,New Balance 990v3 Made in USA,5.0,$220.0,85.43
2026-04-20,  Drop Online Global  ,Boxy Fit Hoodie 500 GSM,3.0,$90.0,38.99
2026-03-09,  Flagship Store  ,Heavyweight Oversize Tee 300 GSM,-1.0,45.0 €,17.86
2026-06-03,  Retail Partner  ,Heavyweight Oversize Tee 300 GSM,3.0,$45.0,20.18
2026-05-15,  Drop Online Global  ,Heavyweight Oversize Tee 300 GSM,2.0,45.0,19.67
2026-06-05,  Pop-Up Store Madrid  ,Boxy Fit Hoodie 500 GSM,3.0,90.0,39.51
2026-05-02,  Flagship Store  ,Denim Shorts Wide Leg,2.0,$65.0,23.61
2026-07-15,  Pop-Up Store Madrid  ,Boxy Fit Hoodie 500 GSM,2.0,90.0 €,38.58
2026-03-02,  Retail Partner  ,Denim Shorts Wide Leg,5.0,65.0,32.35
2026-08-09,  Flagship Store  ,Puffer Jacket Limited Release,3.0,$180.0,74.16
2026-04-23,  Drop Online Global  ,Denim Shorts Wide Leg,-1.0,65.0 €,32.44
2026-03-08,  Flagship Store  ,New Balance 990v3 Made in USA,1.0,220.0 €,106.0
2026-03-01,  Flagship Store  ,Puffer Jacket Limited Release,2.0,180.0,81.9
2026-03-13,  Retail Partner  ,Cargo Pants Baggy Fit,1.0,85.0,32.74
2026-04-23,  Flagship Store  ,Graphic Zip-Up Hoodie,-1.0,$95.0,37.22
2026-05-19,  Pop-Up Store Madrid  ,Denim Shorts Wide Leg,3.0,65.0 €,32.14
2026-01-24,  Flagship Store  ,Boxy Fit Hoodie 500 GSM,2.0,90.0 €,43.62
2026-04-21,  Retail Partner  ,New Balance 990v3 Made in USA,-1.0,220.0 €,86.56
2026-05-25,  Drop Online Global  ,Heavyweight Oversize Tee 300 GSM,-1.0,$45.0,19.28
2026-08-08,  Flagship Store  ,Heavyweight Oversize Tee 300 GSM,-1.0,$45.0,18.05
2026-07-08,  Flagship Store  ,Denim Shorts Wide Leg,,65.0,25.04
2026-02-25,  Drop Online Global  ,New Balance 990v3 Made in USA,,220.0,83.5
2026-07-08,  Drop Online Global  ,Puffer Jacket Limited Release,-1.0,180.0 €,77.55
2026-03-07,  Drop Online Global  ,Heavyweight Oversize Tee 300 GSM,,$45.0,18.96
2026-04-06,  Flagship Store  ,Heavyweight Oversize Tee 300 GSM,1.0,45.0 €,22.47
2026-02-22,  Drop Online Global  ,Boxy Fit Hoodie 500 GSM,1.0,$90.0,34.34
2026-06-17,  Retail Partner  ,Puffer Jacket Limited Release,-1.0,180.0,67.12
2026-06-05,  Drop Online Global  ,Heavyweight Oversize Tee 300 GSM,3.0,45.0,17.66
2026-07-20,  Drop Online Global  ,Denim Shorts Wide Leg,,-45.0,31.45
2026-06-07,  Flagship Store  ,Cargo Pants Baggy Fit,3.0,$85.0,38.99
2026-02-16,  Pop-Up Store Madrid  ,Boxy Fit Hoodie 500 GSM,1.0,90.0,38.76
2026-05-18,  Flagship Store  ,New Balance 990v3 Made in USA,5.0,220.0,88.15
2026-05-27,  Retail Partner  ,Boxy Fit Hoodie 500 GSM,2.0,90.0,40.55
2026-06-26,  Retail Partner  ,Cargo Pants Baggy Fit,1.0,85.0 €,32.03
2026-05-16,  Retail Partner  ,Denim Shorts Wide Leg,1.0,65.0,28.38
2026-03-12,  Drop Online Global  ,New Balance 990v3 Made in USA,1.0,220.0,102.16
2026-03-27,  Drop Online Global  ,ASICS GEL-NYC Tech Runner,2.0,150.0,61.88
2026-02-07,  Drop Online Global  ,Puffer Jacket Limited Release,1.0,180.0 €,63.25
2026-06-06,  Flagship Store  ,Heavyweight Oversize Tee 300 GSM,,$45.0,17.15
2026-01-24,  Pop-Up Store Madrid  ,Heavyweight Oversize Tee 300 GSM,,45.0,18.5
2026-06-04,  Retail Partner  ,Heavyweight Oversize Tee 300 GSM,2.0,45.0 €,18.18
2026-03-27,  Retail Partner  ,ASICS GEL-NYC Tech Runner,,150.0,63.1
2026-01-15,  Pop-Up Store Madrid  ,Graphic Zip-Up Hoodie,,95.0,36.91
2026-01-04,  Flagship Store  ,Graphic Zip-Up Hoodie,-1.0,95.0 €,41.81
2026-08-02,  Drop Online Global  ,New Balance 990v3 Made in USA,,$220.0,91.01
2026-07-22,  Flagship Store  ,Boxy Fit Hoodie 500 GSM,2.0,$90.0,34.84
2026-07-19,  Drop Online Global  ,Graphic Zip-Up Hoodie,3.0,95.0 €,34.83
2026-06-06,  Retail Partner  ,New Balance 990v3 Made in USA,2.0,$220.0,91.58
2026-06-15,  Retail Partner  ,Cargo Pants Baggy Fit,,85.0 €,33.08
2026-03-06,  Retail Partner  ,Boxy Fit Hoodie 500 GSM,1.0,90.0,32.54
2026-08-04,  Drop Online Global  ,Boxy Fit Hoodie 500 GSM,-1.0,90.0 €,37.88
2026-02-10,  Pop-Up Store Madrid  ,Graphic Zip-Up Hoodie,1.0,$95.0,34.72
2026-03-09,  Pop-Up Store Madrid  ,Heavyweight Oversize Tee 300 GSM,1.0,45.0,18.28
2026-03-08,  Retail Partner  ,Cargo Pants Baggy Fit,1.0,$85.0,34.44
2026-01-01,  Retail Partner  ,Puffer Jacket Limited Release,,180.0,70.33
2026-03-23,  Flagship Store  ,Cargo Pants Baggy Fit,5.0,$85.0,31.47
2026-07-08,  Pop-Up Store Madrid  ,Graphic Zip-Up Hoodie,5.0,95.0 €,47.27
2026-05-09,  Flagship Store  ,New Balance 990v3 Made in USA,1.0,220.0,97.39
2026-04-03,  Drop Online Global  ,Graphic Zip-Up Hoodie,1.0,95.0,34.31
2026-03-31,  Drop Online Global  ,Denim Shorts Wide Leg,1.0,65.0 €,28.65
2026-01-07,  Flagship Store  ,Graphic Zip-Up Hoodie,,95.0 €,47.19
2026-08-03,  Retail Partner  ,Graphic Zip-Up Hoodie,1.0,95.0 €,43.45
2026-06-18,  Pop-Up Store Madrid  ,Heavyweight Oversize Tee 300 GSM,3.0,45.0,16.38
2026-01-14,  Pop-Up Store Madrid  ,Heavyweight Oversize Tee 300 GSM,1.0,45.0 €,16.89
2026-01-15,  Pop-Up Store Madrid  ,Boxy Fit Hoodie 500 GSM,1.0,$90.0,32.45
2026-02-14,  Flagship Store  ,Puffer Jacket Limited Release,-1.0,180.0 €,66.8
2026-05-19,  Retail Partner  ,Heavyweight Oversize Tee 300 GSM,1.0,45.0,16.12
2026-03-22,  Flagship Store  ,Cargo Pants Baggy Fit,1.0,-45.0,32.81
2026-01-25,  Drop Online Global  ,Denim Shorts Wide Leg,3.0,$65.0,30.15
2026-02-17,  Retail Partner  ,ASICS GEL-NYC Tech Runner,-1.0,150.0 €,63.44
2026-02-13,  Pop-Up Store Madrid  ,ASICS GEL-NYC Tech Runner,3.0,150.0,57.09
2026-06-09,  Flagship Store  ,Cargo Pants Baggy Fit,1.0,-45.0,42.19
2026-08-03,  Flagship Store  ,Boxy Fit Hoodie 500 GSM,1.0,$90.0,43.15
2026-01-13,  Pop-Up Store Madrid  ,Cargo Pants Baggy Fit,5.0,$85.0,41.59
2026-04-25,  Drop Online Global  ,Denim Shorts Wide Leg,,65.0 €,24.91
2026-02-28,  Pop-Up Store Madrid  ,Graphic Zip-Up Hoodie,1.0,-45.0,42.3
2026-03-19,  Flagship Store  ,Puffer Jacket Limited Release,2.0,180.0 €,84.09
2026-04-14,  Flagship Store  ,Puffer Jacket Limited Release,5.0,180.0 €,86.03
2026-01-10,  Drop Online Global  ,ASICS GEL-NYC Tech Runner,,150.0 €,71.56
2026-07-17,  Drop Online Global  ,Heavyweight Oversize Tee 300 GSM,1.0,45.0,17.35
2026-01-27,  Pop-Up Store Madrid  ,New Balance 990v3 Made in USA,1.0,220.0 €,82.87
2026-04-16,  Flagship Store  ,Graphic Zip-Up Hoodie,3.0,$95.0,36.01
2026-05-03,  Pop-Up Store Madrid  ,Cargo Pants Baggy Fit,2.0,$85.0,33.71
2026-03-19,  Drop Online Global  ,Puffer Jacket Limited Release,1.0,$180.0,86.07
2026-05-23,  Pop-Up Store Madrid  ,ASICS GEL-NYC Tech Runner,1.0,150.0,63.25
2026-05-28,  Drop Online Global  ,Cargo Pants Baggy Fit,1.0,$85.0,32.94
2026-06-13,  Retail Partner  ,Cargo Pants Baggy Fit,1.0,85.0,36.59
2026-05-15,  Flagship Store  ,Denim Shorts Wide Leg,2.0,65.0 €,25.12
2026-06-10,  Flagship Store  ,New Balance 990v3 Made in USA,5.0,$220.0,106.51
2026-03-26,  Drop Online Global  ,Heavyweight Oversize Tee 300 GSM,1.0,45.0 €,17.33
2026-06-16,  Pop-Up Store Madrid  ,New Balance 990v3 Made in USA,1.0,220.0 €,83.05
2026-07-10,  Drop Online Global  ,Graphic Zip-Up Hoodie,-1.0,95.0 €,34.2
2026-05-16,  Flagship Store  ,Heavyweight Oversize Tee 300 GSM,2.0,45.0 €,17.91
2026-07-28,  Drop Online Global  ,ASICS GEL-NYC Tech Runner,1.0,150.0,73.35
2026-01-18,  Retail Partner  ,Heavyweight Oversize Tee 300 GSM,-1.0,45.0 €,17.24
2026-03-24,  Drop Online Global  ,Cargo Pants Baggy Fit,3.0,$85.0,33.81
2026-08-03,  Pop-Up Store Madrid  ,Puffer Jacket Limited Release,1.0,180.0 €,80.86
2026-01-22,  Retail Partner  ,Heavyweight Oversize Tee 300 GSM,1.0,45.0 €,20.14
2026-01-27,  Retail Partner  ,Boxy Fit Hoodie 500 GSM,1.0,90.0 €,39.63
2026-03-20,  Flagship Store  ,New Balance 990v3 Made in USA,1.0,220.0 €,97.14
2026-04-25,  Flagship Store  ,Boxy Fit Hoodie 500 GSM,1.0,$90.0,31.71
2026-01-17,  Pop-Up Store Madrid  ,Denim Shorts Wide Leg,1.0,$65.0,25.14
2026-08-02,  Flagship Store  ,Denim Shorts Wide Leg,-1.0,$65.0,28.82
2026-06-20,  Drop Online Global  ,Cargo Pants Baggy Fit,1.0,85.0 €,42.33
2026-02-17,  Retail Partner  ,New Balance 990v3 Made in USA,1.0,220.0 €,85.21
2026-06-27,  Pop-Up Store Madrid  ,ASICS GEL-NYC Tech Runner,,150.0,68.78
2026-02-08,  Drop Online Global  ,New Balance 990v3 Made in USA,-1.0,220.0,101.06
2026-03-06,  Drop Online Global  ,Heavyweight Oversize Tee 300 GSM,3.0,45.0 €,16.05
2026-03-12,  Retail Partner  ,Cargo Pants Baggy Fit,1.0,85.0 €,32.21
2026-06-21,  Flagship Store  ,Denim Shorts Wide Leg,3.0,65.0,29.9
2026-01-16,  Pop-Up Store Madrid  ,Heavyweight Oversize Tee 300 GSM,1.0,45.0,19.07
2026-01-31,  Retail Partner  ,Denim Shorts Wide Leg,1.0,65.0 €,30.58
2026-01-22,  Retail Partner  ,New Balance 990v3 Made in USA,1.0,220.0,79.05
2026-07-08,  Flagship Store  ,Boxy Fit Hoodie 500 GSM,1.0,90.0,34.51
2026-04-18,  Flagship Store  ,Puffer Jacket Limited Release,-1.0,$180.0,73.48
2026-03-17,  Flagship Store  ,Denim Shorts Wide Leg,-1.0,-45.0,27.39
2026-05-14,  Flagship Store  ,Graphic Zip-Up Hoodie,5.0,$95.0,35.79
2026-04-03,  Retail Partner  ,Graphic Zip-Up Hoodie,,95.0 €,47.45
2026-05-16,  Drop Online Global  ,Denim Shorts Wide Leg,2.0,65.0 €,29.23
2026-01-02,  Pop-Up Store Madrid  ,Puffer Jacket Limited Release,5.0,180.0 €,71.26
2026-06-04,  Flagship Store  ,Boxy Fit Hoodie 500 GSM,2.0,90.0 €,35.28
2026-03-02,  Drop Online Global  ,Boxy Fit Hoodie 500 GSM,1.0,$90.0,38.36
2026-04-01,  Pop-Up Store Madrid  ,Boxy Fit Hoodie 500 GSM,2.0,$90.0,38.74
2026-07-04,  Retail Partner  ,Denim Shorts Wide Leg,1.0,65.0,26.67
2026-03-02,  Flagship Store  ,New Balance 990v3 Made in USA,-1.0,$220.0,85.3
2026-06-24,  Retail Partner  ,New Balance 990v3 Made in USA,1.0,220.0 €,100.63
2026-01-01,  Retail Partner  ,Denim Shorts Wide Leg,1.0,65.0 €,29.45
2026-07-26,  Drop Online Global  ,New Balance 990v3 Made in USA,1.0,220.0,90.67
2026-03-10,  Drop Online Global  ,Graphic Zip-Up Hoodie,1.0,95.0 €,46.44
2026-02-03,  Flagship Store  ,Puffer Jacket Limited Release,1.0,180.0,85.48
2026-02-08,  Retail Partner  ,ASICS GEL-NYC Tech Runner,1.0,150.0 €,55.25
2026-01-10,  Retail Partner  ,New Balance 990v3 Made in USA,3.0,$220.0,89.11
2026-07-21,  Flagship Store  ,Cargo Pants Baggy Fit,3.0,85.0 €,35.39
2026-02-26,  Pop-Up Store Madrid  ,New Balance 990v3 Made in USA,2.0,220.0,98.97
2026-03-07,  Retail Partner  ,Cargo Pants Baggy Fit,2.0,85.0 €,36.48
2026-02-11,  Flagship Store  ,Denim Shorts Wide Leg,3.0,$65.0,24.47
2026-04-25,  Flagship Store  ,New Balance 990v3 Made in USA,1.0,$220.0,86.68
2026-04-07,  Pop-Up Store Madrid  ,ASICS GEL-NYC Tech Runner,1.0,$150.0,62.72
2026-03-24,  Pop-Up Store Madrid  ,Cargo Pants Baggy Fit,1.0,$85.0,37.23
2026-05-16,  Flagship Store  ,Cargo Pants Baggy Fit,1.0,$85.0,32.75
2026-04-25,  Retail Partner  ,ASICS GEL-NYC Tech Runner,1.0,150.0 €,61.82
2026-04-30,  Retail Partner  ,Puffer Jacket Limited Release,-1.0,180.0 €,65.07
2026-08-07,  Retail Partner  ,Graphic Zip-Up Hoodie,-1.0,$95.0,36.77
2026-03-24,  Pop-Up Store Madrid  ,Puffer Jacket Limited Release,,$180.0,84.19
2026-02-10,  Flagship Store  ,ASICS GEL-NYC Tech Runner,1.0,$150.0,60.07
2026-04-17,  Pop-Up Store Madrid  ,Graphic Zip-Up Hoodie,2.0,95.0,35.01
2026-07-29,  Retail Partner  ,Graphic Zip-Up Hoodie,-1.0,95.0,39.95
2026-05-08,  Flagship Store  ,ASICS GEL-NYC Tech Runner,1.0,$150.0,73.08
2026-07-05,  Retail Partner  ,New Balance 990v3 Made in USA,1.0,220.0 €,107.43
2026-01-22,  Flagship Store  ,Denim Shorts Wide Leg,5.0,$65.0,25.43
2026-06-30,  Flagship Store  ,Boxy Fit Hoodie 500 GSM,,90.0 €,39.13
2026-05-06,  Drop Online Global  ,ASICS GEL-NYC Tech Runner,-1.0,$150.0,74.26
2026-06-19,  Retail Partner  ,Heavyweight Oversize Tee 300 GSM,-1.0,45.0 €,21.07
2026-04-16,  Retail Partner  ,New Balance 990v3 Made in USA,1.0,220.0 €,99.5
2026-05-01,  Flagship Store  ,Cargo Pants Baggy Fit,,$85.0,32.56
2026-05-11,  Flagship Store  ,Denim Shorts Wide Leg,2.0,65.0,28.98
2026-06-21,  Retail Partner  ,ASICS GEL-NYC Tech Runner,2.0,$150.0,62.63
2026-04-13,  Flagship Store  ,Denim Shorts Wide Leg,1.0,-45.0,28.12
2026-07-17,  Pop-Up Store Madrid  ,Puffer Jacket Limited Release,2.0,180.0 €,63.12
2026-02-09,  Flagship Store  ,Denim Shorts Wide Leg,1.0,65.0,30.47
2026-04-17,  Pop-Up Store Madrid  ,Graphic Zip-Up Hoodie,-1.0,$95.0,35.83
2026-05-27,  Retail Partner  ,Denim Shorts Wide Leg,1.0,65.0 €,32.28
2026-02-24,  Drop Online Global  ,Puffer Jacket Limited Release,3.0,$180.0,71.02
2026-05-08,  Flagship Store  ,Heavyweight Oversize Tee 300 GSM,1.0,$45.0,17.53
2026-01-10,  Drop Online Global  ,Cargo Pants Baggy Fit,,85.0 €,40.64
2026-04-03,  Pop-Up Store Madrid  ,Denim Shorts Wide Leg,1.0,65.0 €,27.69
2026-02-02,  Flagship Store  ,New Balance 990v3 Made in USA,3.0,220.0 €,109.9
2026-03-24,  Drop Online Global  ,New Balance 990v3 Made in USA,1.0,220.0 €,79.72
2026-01-01,  Pop-Up Store Madrid  ,Cargo Pants Baggy Fit,2.0,85.0,30.9
2026-05-22,  Pop-Up Store Madrid  ,Puffer Jacket Limited Release,3.0,$180.0,70.12
2026-01-27,  Flagship Store  ,Puffer Jacket Limited Release,3.0,-45.0,74.35
2026-06-15,  Retail Partner  ,Graphic Zip-Up Hoodie,,$95.0,36.4
2026-04-16,  Pop-Up Store Madrid  ,Puffer Jacket Limited Release,,180.0 €,74.44
2026-02-21,  Pop-Up Store Madrid  ,ASICS GEL-NYC Tech Runner,1.0,$150.0,56.42
2026-06-13,  Flagship Store  ,New Balance 990v3 Made in USA,5.0,220.0 €,91.72
2026-06-04,  Retail Partner  ,ASICS GEL-NYC Tech Runner,1.0,$150.0,66.17
2026-01-30,  Retail Partner  ,ASICS GEL-NYC Tech Runner,-1.0,$150.0,65.17
2026-01-05,  Flagship Store  ,Heavyweight Oversize Tee 300 GSM,5.0,45.0 €,19.75
2026-04-10,  Flagship Store  ,Heavyweight Oversize Tee 300 GSM,,$45.0,20.46
2026-06-21,  Drop Online Global  ,Puffer Jacket Limited Release,2.0,180.0 €,83.63
2026-07-20,  Flagship Store  ,Graphic Zip-Up Hoodie,1.0,$95.0,44.01
2026-04-16,  Drop Online Global  ,Heavyweight Oversize Tee 300 GSM,3.0,45.0 €,17.2
2026-04-14,  Retail Partner  ,Graphic Zip-Up Hoodie,1.0,95.0 €,44.2
2026-04-27,  Flagship Store  ,ASICS GEL-NYC Tech Runner,-1.0,150.0 €,59.51
2026-03-21,  Pop-Up Store Madrid  ,Denim Shorts Wide Leg,3.0,65.0,32.47
2026-02-18,  Retail Partner  ,Puffer Jacket Limited Release,1.0,$180.0,84.43
2026-04-27,  Pop-Up Store Madrid  ,Denim Shorts Wide Leg,5.0,65.0,23.13
2026-04-13,  Retail Partner  ,New Balance 990v3 Made in USA,1.0,220.0 €,108.5
2026-01-22,  Retail Partner  ,Graphic Zip-Up Hoodie,-1.0,95.0,40.27
2026-04-17,  Drop Online Global  ,ASICS GEL-NYC Tech Runner,,150.0 €,60.33
2026-02-15,  Retail Partner  ,Puffer Jacket Limited Release,3.0,180.0 €,69.15
2026-03-10,  Pop-Up Store Madrid  ,Puffer Jacket Limited Release,1.0,180.0 €,65.79
2026-06-14,  Drop Online Global  ,Cargo Pants Baggy Fit,,$85.0,32.01
2026-08-07,  Drop Online Global  ,Cargo Pants Baggy Fit,3.0,85.0,34.09
2026-01-18,  Flagship Store  ,New Balance 990v3 Made in USA,1.0,220.0 €,79.34
2026-01-11,  Pop-Up Store Madrid  ,Denim Shorts Wide Leg,5.0,65.0,23.62
2026-05-21,  Drop Online Global  ,Graphic Zip-Up Hoodie,1.0,95.0 €,35.45
2026-01-03,  Retail Partner  ,Heavyweight Oversize Tee 300 GSM,3.0,45.0,22.21
2026-04-18,  Flagship Store  ,New Balance 990v3 Made in USA,-1.0,220.0,77.77
2026-05-22,  Flagship Store  ,Graphic Zip-Up Hoodie,2.0,95.0,40.52
2026-04-11,  Flagship Store  ,Graphic Zip-Up Hoodie,1.0,$95.0,33.35
2026-05-13,  Drop Online Global  ,Heavyweight Oversize Tee 300 GSM,1.0,$45.0,18.12
2026-04-16,  Retail Partner  ,Cargo Pants Baggy Fit,3.0,$85.0,38.08
2026-07-12,  Drop Online Global  ,Graphic Zip-Up Hoodie,2.0,95.0,41.55
2026-07-31,  Flagship Store  ,Puffer Jacket Limited Release,3.0,$180.0,66.54
2026-06-29,  Flagship Store  ,Boxy Fit Hoodie 500 GSM,1.0,90.0 €,44.02
2026-04-01,  Retail Partner  ,ASICS GEL-NYC Tech Runner,1.0,150.0,55.37
2026-02-10,  Retail Partner  ,New Balance 990v3 Made in USA,3.0,$220.0,78.97
2026-02-02,  Retail Partner  ,Puffer Jacket Limited Release,1.0,180.0 €,74.4
2026-02-06,  Drop Online Global  ,Puffer Jacket Limited Release,1.0,$180.0,87.25
2026-03-03,  Retail Partner  ,Cargo Pants Baggy Fit,1.0,85.0,40.96
2026-04-25,  Retail Partner  ,New Balance 990v3 Made in USA,1.0,$220.0,80.1
2026-08-06,  Retail Partner  ,Heavyweight Oversize Tee 300 GSM,1.0,45.0 €,17.65
2026-07-25,  Pop-Up Store Madrid  ,Heavyweight Oversize Tee 300 GSM,3.0,45.0 €,18.29
2026-04-19,  Retail Partner  ,Denim Shorts Wide Leg,3.0,-45.0,30.2
2026-01-26,  Pop-Up Store Madrid  ,ASICS GEL-NYC Tech Runner,5.0,150.0,69.98
2026-04-19,  Pop-Up Store Madrid  ,New Balance 990v3 Made in USA,,220.0,79.84
2026-01-16,  Pop-Up Store Madrid  ,ASICS GEL-NYC Tech Runner,1.0,150.0,74.73
2026-06-12,  Retail Partner  ,Cargo Pants Baggy Fit,1.0,85.0 €,34.43
2026-02-26,  Pop-Up Store Madrid  ,Cargo Pants Baggy Fit,1.0,85.0 €,31.44
2026-06-02,  Drop Online Global  ,Heavyweight Oversize Tee 300 GSM,,45.0 €,16.7
2026-04-10,  Flagship Store  ,ASICS GEL-NYC Tech Runner,3.0,$150.0,60.75
2026-03-13,  Pop-Up Store Madrid  ,Puffer Jacket Limited Release,-1.0,180.0,76.49
2026-06-10,  Retail Partner  ,Boxy Fit Hoodie 500 GSM,3.0,90.0,38.75
2026-03-09,  Drop Online Global  ,ASICS GEL-NYC Tech Runner,1.0,150.0 €,60.79
2026-07-16,  Retail Partner  ,Graphic Zip-Up Hoodie,1.0,95.0,43.74
2026-01-20,  Pop-Up Store Madrid  ,New Balance 990v3 Made in USA,,220.0,85.35
2026-04-22,  Flagship Store  ,Cargo Pants Baggy Fit,-1.0,85.0 €,37.48
2026-05-23,  Flagship Store  ,Puffer Jacket Limited Release,2.0,180.0 €,73.18
2026-07-12,  Retail Partner  ,Boxy Fit Hoodie 500 GSM,,90.0 €,44.54
2026-03-07,  Pop-Up Store Madrid  ,Denim Shorts Wide Leg,5.0,65.0 €,26.44
2026-01-21,  Pop-Up Store Madrid  ,Graphic Zip-Up Hoodie,5.0,$95.0,40.62
2026-03-16,  Drop Online Global  ,Cargo Pants Baggy Fit,1.0,$85.0,30.59
2026-03-26,  Flagship Store  ,ASICS GEL-NYC Tech Runner,1.0,150.0 €,64.45
2026-02-07,  Retail Partner  ,Cargo Pants Baggy Fit,1.0,85.0 €,42.4
2026-07-20,  Pop-Up Store Madrid  ,Boxy Fit Hoodie 500 GSM,1.0,90.0,42.01
2026-01-21,  Flagship Store  ,Heavyweight Oversize Tee 300 GSM,3.0,$45.0,16.52
2026-04-04,  Flagship Store  ,Puffer Jacket Limited Release,1.0,$180.0,66.2
2026-07-02,  Flagship Store  ,Denim Shorts Wide Leg,1.0,65.0 €,25.88
2026-05-21,  Flagship Store  ,ASICS GEL-NYC Tech Runner,-1.0,150.0,58.11
2026-03-30,  Retail Partner  ,ASICS GEL-NYC Tech Runner,-1.0,$150.0,69.33
2026-01-21,  Pop-Up Store Madrid  ,Heavyweight Oversize Tee 300 GSM,1.0,$45.0,18.54
2026-04-29,  Pop-Up Store Madrid  ,Denim Shorts Wide Leg,5.0,$65.0,24.25
2026-08-07,  Flagship Store  ,New Balance 990v3 Made in USA,1.0,$220.0,101.69
2026-06-18,  Flagship Store  ,Puffer Jacket Limited Release,-1.0,180.0 €,76.31
2026-01-19,  Retail Partner  ,Puffer Jacket Limited Release,1.0,$180.0,64.24
2026-04-18,  Flagship Store  ,New Balance 990v3 Made in USA,1.0,-45.0,99.05
2026-02-05,  Pop-Up Store Madrid  ,Boxy Fit Hoodie 500 GSM,1.0,90.0 €,38.92
2026-03-13,  Pop-Up Store Madrid  ,New Balance 990v3 Made in USA,1.0,220.0 €,109.71
2026-01-31,  Pop-Up Store Madrid  ,New Balance 990v3 Made in USA,1.0,220.0,101.19
2026-04-17,  Pop-Up Store Madrid  ,Cargo Pants Baggy Fit,3.0,85.0 €,32.56
2026-02-18,  Flagship Store  ,New Balance 990v3 Made in USA,2.0,$220.0,103.54
2026-03-12,  Drop Online Global  ,ASICS GEL-NYC Tech Runner,1.0,$150.0,70.43
2026-08-01,  Pop-Up Store Madrid  ,Cargo Pants Baggy Fit,1.0,85.0 €,32.74
2026-07-08,  Retail Partner  ,Puffer Jacket Limited Release,-1.0,$180.0,88.27
2026-07-04,  Flagship Store  ,New Balance 990v3 Made in USA,1.0,220.0,82.18
2026-05-05,  Retail Partner  ,ASICS GEL-NYC Tech Runner,,$150.0,64.82
2026-01-28,  Retail Partner  ,ASICS GEL-NYC Tech Runner,5.0,150.0 €,66.75
2026-08-01,  Retail Partner  ,Graphic Zip-Up Hoodie,,$95.0,43.18
2026-05-05,  Drop Online Global  ,Puffer Jacket Limited Release,,$180.0,67.5
2026-03-19,  Retail Partner  ,Puffer Jacket Limited Release,,180.0 €,70.03
2026-03-22,  Drop Online Global  ,Denim Shorts Wide Leg,3.0,65.0 €,31.96
2026-03-13,  Drop Online Global  ,ASICS GEL-NYC Tech Runner,-1.0,$150.0,58.65
2026-02-04,  Pop-Up Store Madrid  ,Heavyweight Oversize Tee 300 GSM,,45.0 €,22.48
2026-03-21,  Drop Online Global  ,Heavyweight Oversize Tee 300 GSM,,45.0,19.32
2026-05-31,  Pop-Up Store Madrid  ,Graphic Zip-Up Hoodie,2.0,$95.0,40.21
2026-06-30,  Flagship Store  ,ASICS GEL-NYC Tech Runner,2.0,$150.0,58.08
2026-07-04,  Retail Partner  ,Cargo Pants Baggy Fit,3.0,85.0 €,34.21
2026-03-12,  Drop Online Global  ,Heavyweight Oversize Tee 300 GSM,1.0,45.0 €,20.64
2026-01-13,  Retail Partner  ,Cargo Pants Baggy Fit,,85.0 €,33.13
2026-07-19,  Retail Partner  ,Puffer Jacket Limited Release,1.0,$180.0,85.33
2026-07-28,  Retail Partner  ,ASICS GEL-NYC Tech Runner,,$150.0,54.27
2026-06-13,  Drop Online Global  ,Graphic Zip-Up Hoodie,3.0,$95.0,43.8
2026-06-23,  Pop-Up Store Madrid  ,Puffer Jacket Limited Release,-1.0,$180.0,73.15
2026-07-01,  Pop-Up Store Madrid  ,Cargo Pants Baggy Fit,1.0,$85.0,31.77
2026-02-01,  Flagship Store  ,ASICS GEL-NYC Tech Runner,-1.0,-45.0,52.83
2026-06-19,  Pop-Up Store Madrid  ,Puffer Jacket Limited Release,-1.0,180.0,86.51
2026-07-30,  Drop Online Global  ,Heavyweight Oversize Tee 300 GSM,1.0,45.0,19.86
2026-06-24,  Drop Online Global  ,New Balance 990v3 Made in USA,1.0,$220.0,82.11
2026-07-08,  Drop Online Global  ,New Balance 990v3 Made in USA,1.0,220.0,86.33
2026-03-22,  Flagship Store  ,Puffer Jacket Limited Release,1.0,180.0 €,89.86
2026-06-07,  Drop Online Global  ,Cargo Pants Baggy Fit,1.0,85.0,41.14
2026-05-19,  Drop Online Global  ,ASICS GEL-NYC Tech Runner,1.0,$150.0,67.58
2026-07-15,  Drop Online Global  ,Cargo Pants Baggy Fit,1.0,85.0 €,33.65
2026-03-07,  Drop Online Global  ,New Balance 990v3 Made in USA,1.0,$220.0,93.39
2026-04-21,  Retail Partner  ,New Balance 990v3 Made in USA,2.0,220.0 €,98.1
2026-05-24,  Pop-Up Store Madrid  ,Denim Shorts Wide Leg,,65.0 €,23.5
2026-02-03,  Retail Partner  ,Boxy Fit Hoodie 500 GSM,5.0,$90.0,36.04
2026-01-24,  Drop Online Global  ,Heavyweight Oversize Tee 300 GSM,3.0,45.0,21.83
2026-01-15,  Flagship Store  ,New Balance 990v3 Made in USA,-1.0,220.0,104.99
2026-06-10,  Pop-Up Store Madrid  ,Cargo Pants Baggy Fit,5.0,$85.0,37.84
2026-03-25,  Flagship Store  ,New Balance 990v3 Made in USA,-1.0,220.0,88.4
2026-03-22,  Pop-Up Store Madrid  ,ASICS GEL-NYC Tech Runner,-1.0,150.0,66.81
2026-07-09,  Flagship Store  ,ASICS GEL-NYC Tech Runner,-1.0,150.0 €,55.97
2026-04-01,  Retail Partner  ,ASICS GEL-NYC Tech Runner,2.0,150.0 €,59.24
2026-01-29,  Drop Online Global  ,Cargo Pants Baggy Fit,3.0,85.0 €,40.3
2026-03-12,  Pop-Up Store Madrid  ,ASICS GEL-NYC Tech Runner,1.0,150.0 €,52.61
2026-07-17,  Flagship Store  ,Cargo Pants Baggy Fit,,85.0 €,31.6
2026-05-08,  Retail Partner  ,Denim Shorts Wide Leg,1.0,$65.0,25.51
2026-05-06,  Flagship Store  ,ASICS GEL-NYC Tech Runner,,150.0 €,72.95
2026-07-03,  Flagship Store  ,Boxy Fit Hoodie 500 GSM,1.0,90.0 €,40.09
2026-02-20,  Retail Partner  ,Boxy Fit Hoodie 500 GSM,1.0,90.0 €,34.42
2026-05-01,  Pop-Up Store Madrid  ,Puffer Jacket Limited Release,1.0,180.0 €,68.35
2026-01-14,  Retail Partner  ,Heavyweight Oversize Tee 300 GSM,5.0,$45.0,21.92
2026-03-29,  Pop-Up Store Madrid  ,Denim Shorts Wide Leg,2.0,65.0 €,23.71
2026-02-26,  Flagship Store  ,Graphic Zip-Up Hoodie,5.0,-45.0,33.27
2026-06-22,  Pop-Up Store Madrid  ,Graphic Zip-Up Hoodie,1.0,-45.0,37.66
2026-01-14,  Drop Online Global  ,Denim Shorts Wide Leg,-1.0,65.0,28.64
2026-03-12,  Drop Online Global  ,Denim Shorts Wide Leg,,$65.0,26.25
2026-07-26,  Pop-Up Store Madrid  ,Boxy Fit Hoodie 500 GSM,1.0,90.0,42.49
2026-03-02,  Pop-Up Store Madrid  ,Boxy Fit Hoodie 500 GSM,,90.0 €,42.28
2026-03-08,  Pop-Up Store Madrid  ,Denim Shorts Wide Leg,-1.0,65.0,26.02
2026-06-03,  Drop Online Global  ,Boxy Fit Hoodie 500 GSM,5.0,$90.0,34.95
2026-01-02,  Flagship Store  ,Denim Shorts Wide Leg,5.0,$65.0,27.56
2026-05-16,  Retail Partner  ,Boxy Fit Hoodie 500 GSM,-1.0,$90.0,33.93
2026-05-08,  Flagship Store  ,Cargo Pants Baggy Fit,1.0,85.0,39.42
2026-06-07,  Retail Partner  ,Graphic Zip-Up Hoodie,5.0,$95.0,42.8
2026-04-27,  Pop-Up Store Madrid  ,Boxy Fit Hoodie 500 GSM,1.0,90.0 €,38.3
2026-06-17,  Drop Online Global  ,Heavyweight Oversize Tee 300 GSM,1.0,45.0 €,19.41
2026-05-05,  Flagship Store  ,New Balance 990v3 Made in USA,1.0,220.0,103.65
2026-07-01,  Flagship Store  ,New Balance 990v3 Made in USA,1.0,220.0 €,96.81
2026-05-20,  Pop-Up Store Madrid  ,Denim Shorts Wide Leg,,65.0,30.78
2026-02-01,  Drop Online Global  ,New Balance 990v3 Made in USA,1.0,$220.0,109.21
2026-03-28,  Pop-Up Store Madrid  ,New Balance 990v3 Made in USA,3.0,$220.0,97.6
2026-02-12,  Flagship Store  ,Puffer Jacket Limited Release,2.0,180.0 €,81.48
2026-01-04,  Flagship Store  ,New Balance 990v3 Made in USA,2.0,220.0 €,84.17
2026-01-09,  Retail Partner  ,Puffer Jacket Limited Release,,$180.0,73.97
2026-05-19,  Drop Online Global  ,Puffer Jacket Limited Release,,$180.0,85.15
2026-03-21,  Retail Partner  ,New Balance 990v3 Made in USA,1.0,$220.0,108.27
2026-02-02,  Flagship Store  ,Denim Shorts Wide Leg,-1.0,$65.0,25.98
2026-06-30,  Pop-Up Store Madrid  ,Boxy Fit Hoodie 500 GSM,5.0,90.0,41.83
2026-07-12,  Pop-Up Store Madrid  ,ASICS GEL-NYC Tech Runner,-1.0,150.0,71.44
2026-04-13,  Flagship Store  ,Graphic Zip-Up Hoodie,1.0,$95.0,37.18
2026-05-19,  Pop-Up Store Madrid  ,Boxy Fit Hoodie 500 GSM,1.0,90.0 €,35.07
2026-03-25,  Pop-Up Store Madrid  ,New Balance 990v3 Made in USA,-1.0,$220.0,109.19
2026-04-30,  Pop-Up Store Madrid  ,Graphic Zip-Up Hoodie,1.0,95.0 €,39.71
2026-01-14,  Retail Partner  ,ASICS GEL-NYC Tech Runner,5.0,150.0,55.61
2026-02-24,  Retail Partner  ,New Balance 990v3 Made in USA,,220.0 €,92.05
2026-03-14,  Flagship Store  ,Denim Shorts Wide Leg,-1.0,65.0,24.58
2026-01-19,  Retail Partner  ,Boxy Fit Hoodie 500 GSM,,90.0 €,37.5
2026-01-09,  Drop Online Global  ,Graphic Zip-Up Hoodie,1.0,95.0,33.47
2026-04-06,  Flagship Store  ,Puffer Jacket Limited Release,-1.0,$180.0,81.32
2026-05-15,  Pop-Up Store Madrid  ,Heavyweight Oversize Tee 300 GSM,1.0,45.0 €,20.95
2026-01-15,  Flagship Store  ,Graphic Zip-Up Hoodie,1.0,95.0 €,41.54
2026-06-25,  Pop-Up Store Madrid  ,Heavyweight Oversize Tee 300 GSM,-1.0,45.0,16.7
2026-01-12,  Retail Partner  ,Denim Shorts Wide Leg,1.0,65.0,24.56
2026-03-19,  Retail Partner  ,Graphic Zip-Up Hoodie,1.0,95.0 €,36.92
2026-01-17,  Pop-Up Store Madrid  ,New Balance 990v3 Made in USA,3.0,220.0,107.03
2026-07-23,  Pop-Up Store Madrid  ,Graphic Zip-Up Hoodie,1.0,95.0,39.81
2026-03-12,  Retail Partner  ,Graphic Zip-Up Hoodie,3.0,95.0 €,47.16
2026-06-20,  Pop-Up Store Madrid  ,Boxy Fit Hoodie 500 GSM,3.0,90.0 €,31.92
2026-04-16,  Flagship Store  ,Puffer Jacket Limited Release,,$180.0,68.06
2026-01-04,  Flagship Store  ,Denim Shorts Wide Leg,1.0,$65.0,29.52
2026-06-04,  Drop Online Global  ,Denim Shorts Wide Leg,,65.0 €,25.63
2026-05-22,  Drop Online Global  ,Heavyweight Oversize Tee 300 GSM,5.0,45.0 €,19.93
2026-05-19,  Flagship Store  ,New Balance 990v3 Made in USA,2.0,$220.0,79.83
2026-06-27,  Retail Partner  ,ASICS GEL-NYC Tech Runner,-1.0,150.0 €,64.29
2026-04-25,  Drop Online Global  ,Denim Shorts Wide Leg,-1.0,65.0 €,25.98
2026-07-14,  Pop-Up Store Madrid  ,Denim Shorts Wide Leg,-1.0,65.0 €,29.55
2026-02-11,  Pop-Up Store Madrid  ,New Balance 990v3 Made in USA,1.0,$220.0,81.37
2026-01-29,  Flagship Store  ,Cargo Pants Baggy Fit,5.0,85.0,42.12
2026-05-06,  Flagship Store  ,Cargo Pants Baggy Fit,2.0,85.0 €,38.42
2026-07-23,  Retail Partner  ,Puffer Jacket Limited Release,2.0,$180.0,83.93
2026-07-30,  Flagship Store  ,Heavyweight Oversize Tee 300 GSM,3.0,45.0 €,21.66
2026-03-25,  Pop-Up Store Madrid  ,Cargo Pants Baggy Fit,2.0,$85.0,32.62
2026-04-07,  Drop Online Global  ,Puffer Jacket Limited Release,1.0,$180.0,69.2
2026-04-26,  Retail Partner  ,New Balance 990v3 Made in USA,1.0,220.0 €,93.32
2026-08-07,  Flagship Store  ,ASICS GEL-NYC Tech Runner,-1.0,150.0 €,70.33
2026-05-06,  Pop-Up Store Madrid  ,Boxy Fit Hoodie 500 GSM,1.0,90.0 €,43.03
2026-06-07,  Drop Online Global  ,Boxy Fit Hoodie 500 GSM,1.0,$90.0,40.7
2026-07-03,  Retail Partner  ,Denim Shorts Wide Leg,5.0,65.0 €,30.18
2026-06-09,  Retail Partner  ,Cargo Pants Baggy Fit,5.0,85.0,42.37
2026-06-19,  Flagship Store  ,ASICS GEL-NYC Tech Runner,,150.0,72.44
2026-05-22,  Pop-Up Store Madrid  ,ASICS GEL-NYC Tech Runner,-1.0,$150.0,54.11
2026-03-04,  Pop-Up Store Madrid  ,Puffer Jacket Limited Release,3.0,180.0 €,85.19
2026-01-15,  Flagship Store  ,Heavyweight Oversize Tee 300 GSM,-1.0,45.0,17.92
2026-02-07,  Retail Partner  ,New Balance 990v3 Made in USA,1.0,220.0 €,88.99
2026-02-09,  Drop Online Global  ,Heavyweight Oversize Tee 300 GSM,,$45.0,19.48
2026-04-27,  Flagship Store  ,ASICS GEL-NYC Tech Runner,2.0,$150.0,59.83
2026-04-05,  Pop-Up Store Madrid  ,Puffer Jacket Limited Release,3.0,$180.0,72.56
2026-07-07,  Retail Partner  ,Cargo Pants Baggy Fit,-1.0,85.0,40.18
2026-02-17,  Drop Online Global  ,ASICS GEL-NYC Tech Runner,1.0,$150.0,63.19
2026-01-08,  Flagship Store  ,Cargo Pants Baggy Fit,5.0,85.0 €,35.78
2026-04-19,  Drop Online Global  ,Puffer Jacket Limited Release,5.0,$180.0,80.11
2026-03-08,  Retail Partner  ,Boxy Fit Hoodie 500 GSM,1.0,-45.0,37.98
2026-01-15,  Drop Online Global  ,Cargo Pants Baggy Fit,1.0,85.0 €,34.62
2026-01-03,  Flagship Store  ,ASICS GEL-NYC Tech Runner,3.0,-45.0,64.97
2026-06-28,  Retail Partner  ,Cargo Pants Baggy Fit,1.0,$85.0,39.5
2026-08-08,  Flagship Store  ,ASICS GEL-NYC Tech Runner,1.0,-45.0,59.44
2026-08-05,  Pop-Up Store Madrid  ,Boxy Fit Hoodie 500 GSM,1.0,$90.0,43.29
2026-01-09,  Pop-Up Store Madrid  ,Graphic Zip-Up Hoodie,1.0,$95.0,37.92
2026-04-29,  Flagship Store  ,ASICS GEL-NYC Tech Runner,1.0,$150.0,71.77
2026-01-18,  Retail Partner  ,ASICS GEL-NYC Tech Runner,3.0,150.0,68.77
2026-07-17,  Pop-Up Store Madrid  ,New Balance 990v3 Made in USA,3.0,220.0 €,93.59
2026-07-24,  Pop-Up Store Madrid  ,New Balance 990v3 Made in USA,1.0,220.0 €,94.1
2026-02-04,  Retail Partner  ,Graphic Zip-Up Hoodie,5.0,$95.0,43.26
2026-07-01,  Retail Partner  ,Cargo Pants Baggy Fit,1.0,$85.0,35.66
2026-04-17,  Pop-Up Store Madrid  ,Boxy Fit Hoodie 500 GSM,3.0,$90.0,36.5
2026-04-08,  Drop Online Global  ,Heavyweight Oversize Tee 300 GSM,1.0,45.0 €,21.87
2026-02-07,  Flagship Store  ,New Balance 990v3 Made in USA,2.0,$220.0,82.61
2026-07-05,  Drop Online Global  ,Graphic Zip-Up Hoodie,1.0,$95.0,34.09
2026-06-21,  Flagship Store  ,Cargo Pants Baggy Fit,1.0,$85.0,30.7
2026-04-25,  Flagship Store  ,Heavyweight Oversize Tee 300 GSM,1.0,$45.0,16.09
2026-06-08,  Retail Partner  ,New Balance 990v3 Made in USA,1.0,$220.0,83.05
2026-03-17,  Pop-Up Store Madrid  ,New Balance 990v3 Made in USA,-1.0,$220.0,90.8
2026-01-11,  Drop Online Global  ,Graphic Zip-Up Hoodie,,95.0 €,37.81
2026-07-17,  Flagship Store  ,Boxy Fit Hoodie 500 GSM,1.0,$90.0,44.87
2026-05-20,  Retail Partner  ,New Balance 990v3 Made in USA,3.0,$220.0,85.63
2026-07-10,  Retail Partner  ,Graphic Zip-Up Hoodie,-1.0,-45.0,44.01
2026-07-21,  Pop-Up Store Madrid  ,Graphic Zip-Up Hoodie,-1.0,95.0,34.43
2026-08-06,  Flagship Store  ,Boxy Fit Hoodie 500 GSM,2.0,$90.0,40.06
2026-05-06,  Retail Partner  ,Puffer Jacket Limited Release,2.0,$180.0,68.12
2026-01-15,  Pop-Up Store Madrid  ,Boxy Fit Hoodie 500 GSM,3.0,-45.0,38.67
2026-04-27,  Flagship Store  ,Boxy Fit Hoodie 500 GSM,2.0,-45.0,38.22
2026-05-29,  Retail Partner  ,Puffer Jacket Limited Release,3.0,180.0 €,80.41
2026-06-03,  Pop-Up Store Madrid  ,New Balance 990v3 Made in USA,5.0,$220.0,106.72
2026-03-21,  Retail Partner  ,New Balance 990v3 Made in USA,3.0,$220.0,88.47
2026-06-01,  Drop Online Global  ,Heavyweight Oversize Tee 300 GSM,-1.0,45.0 €,17.26
2026-04-15,  Retail Partner  ,Denim Shorts Wide Leg,5.0,65.0,30.05
2026-05-31,  Pop-Up Store Madrid  ,Graphic Zip-Up Hoodie,5.0,$95.0,43.61
2026-03-19,  Drop Online Global  ,Puffer Jacket Limited Release,1.0,180.0 €,75.51
2026-02-22,  Retail Partner  ,Heavyweight Oversize Tee 300 GSM,5.0,$45.0,20.09
2026-02-14,  Retail Partner  ,ASICS GEL-NYC Tech Runner,5.0,-45.0,52.56
2026-04-23,  Pop-Up Store Madrid  ,Boxy Fit Hoodie 500 GSM,2.0,90.0 €,41.14
2026-05-13,  Pop-Up Store Madrid  ,Boxy Fit Hoodie 500 GSM,,90.0,32.17
2026-01-29,  Retail Partner  ,Cargo Pants Baggy Fit,-1.0,$85.0,32.08
2026-01-06,  Retail Partner  ,Heavyweight Oversize Tee 300 GSM,1.0,45.0 €,16.2
2026-04-07,  Drop Online Global  ,ASICS GEL-NYC Tech Runner,1.0,150.0 €,57.13
2026-04-02,  Pop-Up Store Madrid  ,ASICS GEL-NYC Tech Runner,1.0,150.0 €,70.78
2026-06-06,  Pop-Up Store Madrid  ,New Balance 990v3 Made in USA,1.0,220.0,87.45
2026-03-26,  Retail Partner  ,ASICS GEL-NYC Tech Runner,5.0,150.0,68.35
2026-07-24,  Flagship Store  ,Graphic Zip-Up Hoodie,1.0,95.0 €,43.47
2026-02-12,  Retail Partner  ,Denim Shorts Wide Leg,5.0,$65.0,25.81
2026-06-10,  Drop Online Global  ,Heavyweight Oversize Tee 300 GSM,-1.0,45.0 €,18.19
2026-03-23,  Drop Online Global  ,Heavyweight Oversize Tee 300 GSM,5.0,45.0 €,20.76
2026-01-29,  Pop-Up Store Madrid  ,Graphic Zip-Up Hoodie,1.0,95.0 €,39.95
2026-08-09,  Drop Online Global  ,New Balance 990v3 Made in USA,3.0,220.0,93.19
2026-02-16,  Drop Online Global  ,New Balance 990v3 Made in USA,-1.0,220.0 €,80.83
2026-02-18,  Retail Partner  ,Cargo Pants Baggy Fit,2.0,85.0,37.36
2026-05-04,  Drop Online Global  ,New Balance 990v3 Made in USA,1.0,220.0,81.76
2026-04-13,  Drop Online Global  ,Heavyweight Oversize Tee 300 GSM,1.0,$45.0,21.38
2026-04-04,  Flagship Store  ,Graphic Zip-Up Hoodie,1.0,95.0 €,33.81
2026-06-09,  Flagship Store  ,Graphic Zip-Up Hoodie,,95.0 €,33.95
2026-08-09,  Retail Partner  ,Graphic Zip-Up Hoodie,5.0,95.0 €,35.32
2026-01-27,  Retail Partner  ,Puffer Jacket Limited Release,1.0,180.0,81.38
2026-05-02,  Retail Partner  ,Boxy Fit Hoodie 500 GSM,1.0,$90.0,44.02
2026-06-22,  Retail Partner  ,Boxy Fit Hoodie 500 GSM,-1.0,90.0 €,32.3
2026-05-20,  Drop Online Global  ,Heavyweight Oversize Tee 300 GSM,1.0,-45.0,22.22
2026-07-10,  Drop Online Global  ,Heavyweight Oversize Tee 300 GSM,2.0,45.0 €,20.27
2026-05-26,  Drop Online Global  ,Graphic Zip-Up Hoodie,3.0,95.0 €,40.45
2026-04-04,  Pop-Up Store Madrid  ,Puffer Jacket Limited Release,-1.0,180.0 €,65.08
2026-03-07,  Retail Partner  ,Graphic Zip-Up Hoodie,1.0,95.0 €,37.5
2026-06-17,  Flagship Store  ,Puffer Jacket Limited Release,5.0,180.0 €,64.16
2026-05-21,  Flagship Store  ,Graphic Zip-Up Hoodie,1.0,95.0,37.94
2026-04-18,  Pop-Up Store Madrid  ,New Balance 990v3 Made in USA,5.0,220.0 €,92.03
2026-04-28,  Flagship Store  ,Graphic Zip-Up Hoodie,1.0,$95.0,39.07
2026-01-22,  Pop-Up Store Madrid  ,Boxy Fit Hoodie 500 GSM,,90.0,35.18
2026-04-23,  Flagship Store  ,Graphic Zip-Up Hoodie,2.0,95.0,38.95
2026-08-03,  Retail Partner  ,Denim Shorts Wide Leg,1.0,65.0 €,26.87
2026-07-19,  Pop-Up Store Madrid  ,Heavyweight Oversize Tee 300 GSM,5.0,45.0 €,16.86
2026-07-03,  Pop-Up Store Madrid  ,Cargo Pants Baggy Fit,5.0,85.0 €,35.93
2026-07-29,  Flagship Store  ,Cargo Pants Baggy Fit,3.0,85.0 €,39.88
2026-02-23,  Flagship Store  ,Cargo Pants Baggy Fit,5.0,85.0 €,36.36
2026-04-23,  Pop-Up Store Madrid  ,ASICS GEL-NYC Tech Runner,2.0,150.0 €,52.85
2026-03-02,  Retail Partner  ,Cargo Pants Baggy Fit,1.0,85.0 €,38.22
2026-07-06,  Retail Partner  ,Graphic Zip-Up Hoodie,3.0,$95.0,46.43
2026-03-19,  Pop-Up Store Madrid  ,Graphic Zip-Up Hoodie,3.0,95.0,34.41
2026-03-13,  Flagship Store  ,Denim Shorts Wide Leg,2.0,65.0 €,27.57
2026-02-26,  Retail Partner  ,Graphic Zip-Up Hoodie,5.0,95.0,34.9
2026-05-30,  Retail Partner  ,Heavyweight Oversize Tee 300 GSM,1.0,-45.0,19.73
2026-05-06,  Pop-Up Store Madrid  ,New Balance 990v3 Made in USA,1.0,-45.0,88.84
2026-05-14,  Drop Online Global  ,Puffer Jacket Limited Release,,180.0,80.82
2026-08-01,  Drop Online Global  ,Boxy Fit Hoodie 500 GSM,-1.0,90.0,38.1
2026-01-22,  Drop Online Global  ,Boxy Fit Hoodie 500 GSM,1.0,90.0,42.09
2026-03-23,  Retail Partner  ,Boxy Fit Hoodie 500 GSM,,90.0,34.55
2026-07-20,  Drop Online Global  ,Denim Shorts Wide Leg,3.0,65.0 €,30.44
2026-07-24,  Pop-Up Store Madrid  ,Denim Shorts Wide Leg,,$65.0,30.2
2026-05-04,  Flagship Store  ,ASICS GEL-NYC Tech Runner,3.0,150.0 €,61.84
2026-02-22,  Drop Online Global  ,Graphic Zip-Up Hoodie,1.0,$95.0,38.68
2026-01-05,  Pop-Up Store Madrid  ,Boxy Fit Hoodie 500 GSM,,90.0 €,42.58
2026-02-02,  Retail Partner  ,New Balance 990v3 Made in USA,1.0,$220.0,105.1
2026-06-16,  Flagship Store  ,Graphic Zip-Up Hoodie,5.0,95.0 €,44.45
2026-06-05,  Flagship Store  ,Boxy Fit Hoodie 500 GSM,5.0,$90.0,32.1
2026-07-26,  Drop Online Global  ,Graphic Zip-Up Hoodie,5.0,$95.0,45.74
2026-01-30,  Retail Partner  ,Heavyweight Oversize Tee 300 GSM,-1.0,45.0 €,16.01
2026-03-20,  Retail Partner  ,ASICS GEL-NYC Tech Runner,5.0,150.0 €,60.78
2026-07-01,  Flagship Store  ,New Balance 990v3 Made in USA,1.0,220.0 €,105.88
2026-01-27,  Flagship Store  ,Puffer Jacket Limited Release,,180.0 €,83.35
2026-05-10,  Pop-Up Store Madrid  ,Graphic Zip-Up Hoodie,1.0,-45.0,39.55
2026-02-18,  Retail Partner  ,Boxy Fit Hoodie 500 GSM,1.0,$90.0,38.17
2026-07-10,  Drop Online Global  ,Heavyweight Oversize Tee 300 GSM,3.0,$45.0,17.79
2026-03-22,  Drop Online Global  ,ASICS GEL-NYC Tech Runner,-1.0,$150.0,58.88
2026-04-09,  Drop Online Global  ,Heavyweight Oversize Tee 300 GSM,-1.0,$45.0,20.37
2026-08-01,  Drop Online Global  ,New Balance 990v3 Made in USA,3.0,220.0,104.88
2026-07-03,  Retail Partner  ,ASICS GEL-NYC Tech Runner,1.0,$150.0,63.46
2026-03-24,  Drop Online Global  ,Boxy Fit Hoodie 500 GSM,1.0,90.0 €,34.53
2026-01-29,  Retail Partner  ,Boxy Fit Hoodie 500 GSM,,90.0,44.02
2026-03-30,  Flagship Store  ,Boxy Fit Hoodie 500 GSM,2.0,$90.0,32.59
2026-06-24,  Flagship Store  ,Cargo Pants Baggy Fit,5.0,$85.0,41.83
2026-07-23,  Flagship Store  ,Boxy Fit Hoodie 500 GSM,1.0,90.0 €,33.15
2026-05-05,  Retail Partner  ,Boxy Fit Hoodie 500 GSM,1.0,$90.0,40.18
2026-02-28,  Retail Partner  ,Heavyweight Oversize Tee 300 GSM,,$45.0,18.26
2026-05-05,  Pop-Up Store Madrid  ,Puffer Jacket Limited Release,3.0,$180.0,67.63
2026-02-04,  Flagship Store  ,Denim Shorts Wide Leg,5.0,$65.0,28.82
2026-05-07,  Drop Online Global  ,Denim Shorts Wide Leg,5.0,65.0 €,25.81
2026-06-22,  Flagship Store  ,Denim Shorts Wide Leg,1.0,65.0,28.7
2026-07-14,  Drop Online Global  ,Graphic Zip-Up Hoodie,1.0,$95.0,37.56
2026-04-25,  Pop-Up Store Madrid  ,Heavyweight Oversize Tee 300 GSM,2.0,45.0 €,22.19
2026-07-15,  Flagship Store  ,ASICS GEL-NYC Tech Runner,1.0,$150.0,62.09
2026-04-20,  Flagship Store  ,Heavyweight Oversize Tee 300 GSM,-1.0,45.0,20.8
2026-01-08,  Pop-Up Store Madrid  ,Puffer Jacket Limited Release,1.0,$180.0,88.26
2026-05-07,  Retail Partner  ,ASICS GEL-NYC Tech Runner,2.0,150.0 €,62.1
2026-07-14,  Pop-Up Store Madrid  ,ASICS GEL-NYC Tech Runner,2.0,150.0 €,62.66
2026-03-31,  Flagship Store  ,Boxy Fit Hoodie 500 GSM,5.0,90.0 €,44.65
2026-02-23,  Pop-Up Store Madrid  ,New Balance 990v3 Made in USA,3.0,$220.0,106.01
2026-03-16,  Retail Partner  ,Denim Shorts Wide Leg,,$65.0,25.57
2026-06-01,  Flagship Store  ,Cargo Pants Baggy Fit,5.0,$85.0,39.07
2026-04-18,  Flagship Store  ,Denim Shorts Wide Leg,,65.0,26.52
2026-04-10,  Pop-Up Store Madrid  ,Boxy Fit Hoodie 500 GSM,1.0,$90.0,32.86
2026-03-27,  Flagship Store  ,Graphic Zip-Up Hoodie,3.0,-45.0,44.05
2026-06-14,  Flagship Store  ,Heavyweight Oversize Tee 300 GSM,2.0,45.0 €,18.24
2026-05-27,  Flagship Store  ,Boxy Fit Hoodie 500 GSM,5.0,90.0 €,34.16
2026-02-22,  Pop-Up Store Madrid  ,New Balance 990v3 Made in USA,1.0,$220.0,87.22
2026-07-22,  Pop-Up Store Madrid  ,Cargo Pants Baggy Fit,,$85.0,41.63
2026-01-09,  Flagship Store  ,Graphic Zip-Up Hoodie,-1.0,95.0,43.8
2026-03-17,  Drop Online Global  ,Heavyweight Oversize Tee 300 GSM,5.0,45.0,18.41
2026-06-11,  Pop-Up Store Madrid  ,Cargo Pants Baggy Fit,2.0,$85.0,34.27
2026-04-27,  Flagship Store  ,Boxy Fit Hoodie 500 GSM,2.0,90.0,38.79
2026-04-06,  Pop-Up Store Madrid  ,Heavyweight Oversize Tee 300 GSM,3.0,$45.0,16.31
2026-04-11,  Pop-Up Store Madrid  ,Puffer Jacket Limited Release,,180.0,85.74
2026-01-05,  Flagship Store  ,Heavyweight Oversize Tee 300 GSM,3.0,45.0 €,19.64
2026-06-26,  Flagship Store  ,Boxy Fit Hoodie 500 GSM,1.0,90.0,43.32
2026-06-03,  Drop Online Global  ,New Balance 990v3 Made in USA,1.0,$220.0,87.42
2026-05-06,  Drop Online Global  ,Cargo Pants Baggy Fit,1.0,85.0 €,32.67
2026-03-06,  Pop-Up Store Madrid  ,New Balance 990v3 Made in USA,3.0,220.0 €,80.89
2026-07-15,  Flagship Store  ,Graphic Zip-Up Hoodie,-1.0,95.0,42.46
2026-05-01,  Drop Online Global  ,Boxy Fit Hoodie 500 GSM,3.0,90.0 €,44.93
2026-06-25,  Flagship Store  ,ASICS GEL-NYC Tech Runner,1.0,150.0 €,72.51
2026-01-14,  Retail Partner  ,Boxy Fit Hoodie 500 GSM,1.0,90.0 €,41.85
2026-05-12,  Pop-Up Store Madrid  ,Boxy Fit Hoodie 500 GSM,-1.0,90.0 €,44.18
2026-07-03,  Pop-Up Store Madrid  ,Graphic Zip-Up Hoodie,3.0,95.0,47.0
2026-02-01,  Pop-Up Store Madrid  ,Cargo Pants Baggy Fit,,85.0,35.2
2026-07-02,  Pop-Up Store Madrid  ,Boxy Fit Hoodie 500 GSM,2.0,90.0,38.05
2026-02-10,  Pop-Up Store Madrid  ,Denim Shorts Wide Leg,1.0,65.0 €,25.77
2026-05-24,  Flagship Store  ,Heavyweight Oversize Tee 300 GSM,1.0,45.0 €,19.94
2026-04-04,  Retail Partner  ,New Balance 990v3 Made in USA,5.0,$220.0,80.14
2026-04-12,  Retail Partner  ,Graphic Zip-Up Hoodie,1.0,$95.0,34.67
2026-03-07,  Pop-Up Store Madrid  ,New Balance 990v3 Made in USA,1.0,220.0,101.69
2026-07-14,  Retail Partner  ,Puffer Jacket Limited Release,,$180.0,83.72
2026-02-10,  Drop Online Global  ,Heavyweight Oversize Tee 300 GSM,1.0,$45.0,22.09
2026-02-07,  Drop Online Global  ,Cargo Pants Baggy Fit,,85.0,41.08
2026-03-21,  Drop Online Global  ,New Balance 990v3 Made in USA,3.0,220.0 €,99.19
2026-07-04,  Drop Online Global  ,New Balance 990v3 Made in USA,3.0,220.0 €,100.24
2026-01-27,  Pop-Up Store Madrid  ,Heavyweight Oversize Tee 300 GSM,1.0,45.0,16.92
2026-01-08,  Flagship Store  ,Denim Shorts Wide Leg,1.0,$65.0,24.49
2026-05-12,  Pop-Up Store Madrid  ,Puffer Jacket Limited Release,,$180.0,85.38
2026-01-31,  Drop Online Global  ,New Balance 990v3 Made in USA,3.0,220.0 €,106.54
2026-02-18,  Retail Partner  ,Puffer Jacket Limited Release,-1.0,$180.0,70.2
2026-07-31,  Pop-Up Store Madrid  ,Denim Shorts Wide Leg,,$65.0,30.42
2026-07-23,  Drop Online Global  ,Puffer Jacket Limited Release,,$180.0,69.43
2026-03-26,  Drop Online Global  ,Denim Shorts Wide Leg,1.0,65.0 €,27.95
2026-05-12,  Flagship Store  ,New Balance 990v3 Made in USA,2.0,220.0 €,97.89
2026-07-07,  Drop Online Global  ,New Balance 990v3 Made in USA,1.0,$220.0,97.67
2026-07-21,  Pop-Up Store Madrid  ,Boxy Fit Hoodie 500 GSM,1.0,90.0,35.93
2026-05-18,  Flagship Store  ,Denim Shorts Wide Leg,1.0,$65.0,28.28
2026-06-08,  Pop-Up Store Madrid  ,Denim Shorts Wide Leg,2.0,65.0 €,28.7
2026-06-14,  Pop-Up Store Madrid  ,ASICS GEL-NYC Tech Runner,2.0,150.0 €,53.62
2026-04-25,  Drop Online Global  ,Cargo Pants Baggy Fit,1.0,85.0,38.39
2026-04-03,  Retail Partner  ,Cargo Pants Baggy Fit,-1.0,85.0 €,33.42
2026-05-06,  Drop Online Global  ,Denim Shorts Wide Leg,3.0,65.0 €,25.83
2026-01-29,  Drop Online Global  ,Denim Shorts Wide Leg,5.0,65.0,25.2
2026-05-20,  Flagship Store  ,Heavyweight Oversize Tee 300 GSM,1.0,45.0,19.53
2026-08-08,  Pop-Up Store Madrid  ,Boxy Fit Hoodie 500 GSM,1.0,$90.0,42.95
2026-06-17,  Flagship Store  ,ASICS GEL-NYC Tech Runner,5.0,150.0 €,72.21
2026-06-25,  Drop Online Global  ,Cargo Pants Baggy Fit,-1.0,85.0,40.87
2026-01-26,  Retail Partner  ,New Balance 990v3 Made in USA,,$220.0,107.58
2026-03-27,  Drop Online Global  ,Graphic Zip-Up Hoodie,2.0,$95.0,36.34
2026-03-24,  Pop-Up Store Madrid  ,Denim Shorts Wide Leg,5.0,65.0,30.32
2026-06-05,  Retail Partner  ,Cargo Pants Baggy Fit,,85.0 €,34.04
2026-02-08,  Flagship Store  ,Cargo Pants Baggy Fit,,85.0,36.86
2026-03-22,  Pop-Up Store Madrid  ,Heavyweight Oversize Tee 300 GSM,1.0,45.0 €,20.95
2026-02-17,  Flagship Store  ,Boxy Fit Hoodie 500 GSM,1.0,90.0 €,38.53
2026-04-18,  Pop-Up Store Madrid  ,Boxy Fit Hoodie 500 GSM,,90.0,42.7
2026-01-11,  Pop-Up Store Madrid  ,Boxy Fit Hoodie 500 GSM,3.0,$90.0,33.29
2026-04-01,  Drop Online Global  ,Puffer Jacket Limited Release,1.0,$180.0,81.82
2026-07-23,  Retail Partner  ,ASICS GEL-NYC Tech Runner,3.0,150.0,55.85
2026-08-01,  Pop-Up Store Madrid  ,Boxy Fit Hoodie 500 GSM,1.0,$90.0,38.07
2026-01-06,  Retail Partner  ,Heavyweight Oversize Tee 300 GSM,,45.0,21.34
2026-01-19,  Retail Partner  ,Denim Shorts Wide Leg,,$65.0,25.82
2026-04-14,  Drop Online Global  ,ASICS GEL-NYC Tech Runner,2.0,150.0 €,71.2
2026-06-11,  Retail Partner  ,Puffer Jacket Limited Release,3.0,180.0 €,86.99
2026-03-19,  Drop Online Global  ,Boxy Fit Hoodie 500 GSM,1.0,90.0,40.86
2026-05-30,  Flagship Store  ,Puffer Jacket Limited Release,-1.0,180.0,74.9
2026-03-15,  Pop-Up Store Madrid  ,Puffer Jacket Limited Release,5.0,180.0,76.36
2026-07-04,  Retail Partner  ,Cargo Pants Baggy Fit,5.0,85.0 €,32.02
2026-03-17,  Drop Online Global  ,Boxy Fit Hoodie 500 GSM,5.0,$90.0,38.68
2026-03-22,  Retail Partner  ,ASICS GEL-NYC Tech Runner,1.0,$150.0,74.16
2026-07-18,  Drop Online Global  ,Graphic Zip-Up Hoodie,3.0,95.0,43.34
2026-01-27,  Flagship Store  ,ASICS GEL-NYC Tech Runner,1.0,$150.0,59.47
2026-07-04,  Drop Online Global  ,Puffer Jacket Limited Release,5.0,180.0,70.0
2026-06-24,  Drop Online Global  ,Heavyweight Oversize Tee 300 GSM,1.0,45.0,22.47
2026-05-28,  Pop-Up Store Madrid  ,Puffer Jacket Limited Release,3.0,180.0 €,71.37
2026-01-17,  Drop Online Global  ,Denim Shorts Wide Leg,1.0,65.0 €,25.9
2026-03-21,  Flagship Store  ,New Balance 990v3 Made in USA,1.0,220.0,94.09
2026-06-30,  Drop Online Global  ,Denim Shorts Wide Leg,5.0,65.0,23.9
2026-07-12,  Drop Online Global  ,Cargo Pants Baggy Fit,,85.0,39.81
2026-02-20,  Pop-Up Store Madrid  ,Cargo Pants Baggy Fit,1.0,85.0,30.4
2026-06-17,  Retail Partner  ,Denim Shorts Wide Leg,,-45.0,31.22
2026-01-25,  Drop Online Global  ,Denim Shorts Wide Leg,1.0,$65.0,26.54
2026-04-29,  Retail Partner  ,Denim Shorts Wide Leg,-1.0,$65.0,32.27
2026-03-28,  Retail Partner  ,Graphic Zip-Up Hoodie,1.0,95.0 €,42.88
2026-03-18,  Retail Partner  ,Denim Shorts Wide Leg,-1.0,$65.0,31.92
2026-05-17,  Retail Partner  ,Heavyweight Oversize Tee 300 GSM,1.0,$45.0,18.58
2026-05-05,  Retail Partner  ,Graphic Zip-Up Hoodie,1.0,95.0 €,33.64
2026-03-16,  Flagship Store  ,Graphic Zip-Up Hoodie,-1.0,95.0 €,33.9
2026-01-10,  Retail Partner  ,New Balance 990v3 Made in USA,,220.0 €,98.62
2026-01-10,  Pop-Up Store Madrid  ,ASICS GEL-NYC Tech Runner,2.0,150.0 €,61.48
2026-07-02,  Pop-Up Store Madrid  ,ASICS GEL-NYC Tech Runner,5.0,150.0 €,74.17
2026-02-27,  Pop-Up Store Madrid  ,New Balance 990v3 Made in USA,1.0,220.0,107.95
2026-01-08,  Pop-Up Store Madrid  ,Graphic Zip-Up Hoodie,2.0,$95.0,36.52
2026-06-29,  Retail Partner  ,Heavyweight Oversize Tee 300 GSM,-1.0,45.0 €,17.59
2026-04-20,  Drop Online Global  ,Heavyweight Oversize Tee 300 GSM,1.0,45.0 €,21.52
2026-01-23,  Retail Partner  ,Heavyweight Oversize Tee 300 GSM,1.0,-45.0,18.25
2026-06-16,  Drop Online Global  ,Denim Shorts Wide Leg,5.0,$65.0,24.59
2026-05-18,  Drop Online Global  ,Puffer Jacket Limited Release,1.0,180.0 €,88.36
2026-04-07,  Retail Partner  ,New Balance 990v3 Made in USA,3.0,220.0 €,99.13
2026-03-10,  Drop Online Global  ,ASICS GEL-NYC Tech Runner,-1.0,$150.0,60.35
2026-05-17,  Pop-Up Store Madrid  ,Graphic Zip-Up Hoodie,,$95.0,39.72
2026-03-18,  Flagship Store  ,Boxy Fit Hoodie 500 GSM,1.0,90.0,34.09
2026-01-22,  Retail Partner  ,Boxy Fit Hoodie 500 GSM,1.0,90.0 €,41.55
2026-06-20,  Drop Online Global  ,Puffer Jacket Limited Release,5.0,180.0,89.91
2026-03-10,  Drop Online Global  ,Graphic Zip-Up Hoodie,1.0,95.0,36.45
2026-04-13,  Drop Online Global  ,Boxy Fit Hoodie 500 GSM,3.0,$90.0,37.14
2026-06-27,  Drop Online Global  ,Puffer Jacket Limited Release,5.0,$180.0,85.46
2026-02-15,  Drop Online Global  ,Boxy Fit Hoodie 500 GSM,3.0,90.0,44.66
2026-05-27,  Retail Partner  ,New Balance 990v3 Made in USA,5.0,220.0 €,90.29
2026-05-18,  Retail Partner  ,Cargo Pants Baggy Fit,2.0,85.0 €,35.46
2026-02-08,  Flagship Store  ,ASICS GEL-NYC Tech Runner,1.0,$150.0,66.07
2026-02-26,  Flagship Store  ,New Balance 990v3 Made in USA,-1.0,220.0,97.06
2026-01-29,  Drop Online Global  ,ASICS GEL-NYC Tech Runner,1.0,150.0 €,53.65
2026-07-13,  Pop-Up Store Madrid  ,Puffer Jacket Limited Release,2.0,$180.0,79.1
2026-06-13,  Pop-Up Store Madrid  ,New Balance 990v3 Made in USA,,$220.0,82.08
2026-05-06,  Flagship Store  ,ASICS GEL-NYC Tech Runner,-1.0,150.0,68.56
2026-05-25,  Drop Online Global  ,Heavyweight Oversize Tee 300 GSM,1.0,$45.0,22.5
2026-01-14,  Flagship Store  ,New Balance 990v3 Made in USA,,$220.0,100.35
2026-01-12,  Drop Online Global  ,Puffer Jacket Limited Release,3.0,180.0,70.73
2026-08-01,  Drop Online Global  ,New Balance 990v3 Made in USA,1.0,220.0,98.39
2026-03-22,  Drop Online Global  ,Cargo Pants Baggy Fit,1.0,$85.0,34.72
2026-04-06,  Pop-Up Store Madrid  ,Graphic Zip-Up Hoodie,5.0,$95.0,40.8
2026-01-29,  Retail Partner  ,Cargo Pants Baggy Fit,1.0,$85.0,31.44
2026-05-27,  Retail Partner  ,ASICS GEL-NYC Tech Runner,1.0,150.0 €,62.17
2026-02-15,  Flagship Store  ,Cargo Pants Baggy Fit,-1.0,$85.0,35.51
2026-06-21,  Retail Partner  ,ASICS GEL-NYC Tech Runner,3.0,150.0 €,66.95
2026-04-23,  Drop Online Global  ,ASICS GEL-NYC Tech Runner,1.0,$150.0,54.84
2026-06-04,  Flagship Store  ,Heavyweight Oversize Tee 300 GSM,1.0,45.0 €,19.1
2026-05-03,  Retail Partner  ,Boxy Fit Hoodie 500 GSM,,90.0,33.96
2026-03-09,  Flagship Store  ,Heavyweight Oversize Tee 300 GSM,3.0,45.0 €,16.11
2026-01-24,  Retail Partner  ,ASICS GEL-NYC Tech Runner,1.0,150.0 €,73.0
2026-07-14,  Drop Online Global  ,New Balance 990v3 Made in USA,1.0,220.0 €,100.0
2026-04-20,  Pop-Up Store Madrid  ,ASICS GEL-NYC Tech Runner,5.0,$150.0,64.96
2026-02-09,  Drop Online Global  ,Cargo Pants Baggy Fit,,$85.0,37.09
2026-07-17,  Pop-Up Store Madrid  ,New Balance 990v3 Made in USA,3.0,$220.0,104.52
2026-08-04,  Retail Partner  ,Puffer Jacket Limited Release,3.0,$180.0,65.92
2026-05-31,  Pop-Up Store Madrid  ,Cargo Pants Baggy Fit,-1.0,85.0,39.43
2026-03-31,  Flagship Store  ,ASICS GEL-NYC Tech Runner,2.0,150.0,59.11
2026-02-15,  Pop-Up Store Madrid  ,Cargo Pants Baggy Fit,-1.0,85.0,33.97
2026-02-26,  Pop-Up Store Madrid  ,Heavyweight Oversize Tee 300 GSM,3.0,$45.0,21.07
2026-05-24,  Retail Partner  ,Heavyweight Oversize Tee 300 GSM,,45.0,21.97
2026-03-26,  Pop-Up Store Madrid  ,ASICS GEL-NYC Tech Runner,,150.0 €,69.28
2026-05-14,  Pop-Up Store Madrid  ,Cargo Pants Baggy Fit,-1.0,$85.0,41.2
2026-03-17,  Pop-Up Store Madrid  ,Denim Shorts Wide Leg,1.0,65.0 €,25.21
2026-03-17,  Flagship Store  ,Boxy Fit Hoodie 500 GSM,5.0,90.0,42.77
2026-05-29,  Flagship Store  ,Boxy Fit Hoodie 500 GSM,3.0,90.0 €,40.71
2026-04-13,  Pop-Up Store Madrid  ,Puffer Jacket Limited Release,5.0,180.0,84.26
2026-06-29,  Drop Online Global  ,Cargo Pants Baggy Fit,1.0,85.0 €,37.2
2026-08-05,  Pop-Up Store Madrid  ,Denim Shorts Wide Leg,2.0,65.0 €,24.43
2026-02-08,  Retail Partner  ,Denim Shorts Wide Leg,1.0,$65.0,28.67
2026-01-12,  Pop-Up Store Madrid  ,Graphic Zip-Up Hoodie,-1.0,95.0 €,44.86
2026-03-26,  Pop-Up Store Madrid  ,Graphic Zip-Up Hoodie,5.0,95.0 €,44.89
2026-01-26,  Retail Partner  ,Denim Shorts Wide Leg,1.0,65.0 €,29.44
2026-01-01,  Flagship Store  ,Puffer Jacket Limited Release,1.0,$180.0,68.11
2026-07-15,  Flagship Store  ,ASICS GEL-NYC Tech Runner,2.0,150.0 €,59.41
2026-02-01,  Drop Online Global  ,Puffer Jacket Limited Release,1.0,180.0,66.44
2026-08-04,  Flagship Store  ,Puffer Jacket Limited Release,-1.0,180.0,63.02
2026-02-17,  Retail Partner  ,Heavyweight Oversize Tee 300 GSM,1.0,$45.0,15.91
2026-02-23,  Retail Partner  ,ASICS GEL-NYC Tech Runner,-1.0,150.0,56.16
2026-03-31,  Drop Online Global  ,Cargo Pants Baggy Fit,2.0,85.0 €,32.81
2026-01-13,  Retail Partner  ,Puffer Jacket Limited Release,3.0,$180.0,86.63
2026-06-04,  Pop-Up Store Madrid  ,Puffer Jacket Limited Release,2.0,180.0 €,88.15
2026-05-11,  Retail Partner  ,Graphic Zip-Up Hoodie,3.0,$95.0,38.94
2026-02-25,  Flagship Store  ,Graphic Zip-Up Hoodie,2.0,95.0 €,42.08
2026-08-05,  Retail Partner  ,Boxy Fit Hoodie 500 GSM,1.0,90.0 €,34.62
2026-03-08,  Pop-Up Store Madrid  ,ASICS GEL-NYC Tech Runner,-1.0,-45.0,74.38
2026-01-01,  Pop-Up Store Madrid  ,Denim Shorts Wide Leg,,65.0 €,25.54
2026-03-06,  Drop Online Global  ,Boxy Fit Hoodie 500 GSM,1.0,90.0,36.49
2026-01-14,  Pop-Up Store Madrid  ,Cargo Pants Baggy Fit,2.0,85.0 €,33.13
2026-05-20,  Retail Partner  ,Cargo Pants Baggy Fit,3.0,-45.0,35.91
2026-04-21,  Drop Online Global  ,Heavyweight Oversize Tee 300 GSM,2.0,45.0,20.58
2026-01-11,  Retail Partner  ,Graphic Zip-Up Hoodie,1.0,95.0 €,46.8
2026-01-24,  Pop-Up Store Madrid  ,Cargo Pants Baggy Fit,-1.0,85.0 €,40.12
2026-04-15,  Drop Online Global  ,New Balance 990v3 Made in USA,,220.0 €,93.99
2026-02-21,  Drop Online Global  ,Heavyweight Oversize Tee 300 GSM,2.0,45.0 €,15.78
2026-06-26,  Flagship Store  ,ASICS GEL-NYC Tech Runner,,150.0 €,65.88
2026-03-20,  Retail Partner  ,Cargo Pants Baggy Fit,3.0,85.0 €,37.88
2026-03-07,  Pop-Up Store Madrid  ,Graphic Zip-Up Hoodie,2.0,95.0 €,37.7
2026-04-17,  Flagship Store  ,Boxy Fit Hoodie 500 GSM,-1.0,90.0,39.28
2026-08-01,  Pop-Up Store Madrid  ,New Balance 990v3 Made in USA,-1.0,220.0 €,93.46
2026-07-20,  Pop-Up Store Madrid  ,ASICS GEL-NYC Tech Runner,3.0,$150.0,56.77
2026-07-05,  Flagship Store  ,Boxy Fit Hoodie 500 GSM,5.0,$90.0,35.84
2026-01-20,  Drop Online Global  ,ASICS GEL-NYC Tech Runner,3.0,$150.0,72.07
2026-03-15,  Pop-Up Store Madrid  ,Cargo Pants Baggy Fit,1.0,-45.0,31.61
2026-01-15,  Flagship Store  ,Denim Shorts Wide Leg,2.0,65.0,28.83
2026-07-12,  Retail Partner  ,ASICS GEL-NYC Tech Runner,,150.0 €,60.63
2026-04-19,  Drop Online Global  ,Puffer Jacket Limited Release,1.0,$180.0,75.27
2026-02-18,  Retail Partner  ,Cargo Pants Baggy Fit,1.0,85.0,29.87
2026-07-04,  Pop-Up Store Madrid  ,Denim Shorts Wide Leg,1.0,$65.0,32.41
2026-08-04,  Retail Partner  ,Denim Shorts Wide Leg,-1.0,65.0 €,27.61
2026-03-25,  Flagship Store  ,Boxy Fit Hoodie 500 GSM,1.0,90.0,32.22
2026-01-09,  Drop Online Global  ,New Balance 990v3 Made in USA,1.0,220.0 €,92.72
2026-05-04,  Drop Online Global  ,ASICS GEL-NYC Tech Runner,5.0,$150.0,65.06
2026-01-08,  Flagship Store  ,Denim Shorts Wide Leg,,$65.0,30.7
2026-07-10,  Flagship Store  ,Denim Shorts Wide Leg,1.0,$65.0,27.02
2026-07-13,  Drop Online Global  ,Boxy Fit Hoodie 500 GSM,1.0,$90.0,40.69
2026-07-27,  Pop-Up Store Madrid  ,Puffer Jacket Limited Release,1.0,180.0,70.96
2026-05-07,  Drop Online Global  ,Heavyweight Oversize Tee 300 GSM,1.0,45.0,22.44
2026-03-20,  Pop-Up Store Madrid  ,Cargo Pants Baggy Fit,-1.0,-45.0,30.41
2026-08-03,  Retail Partner  ,Denim Shorts Wide Leg,1.0,65.0 €,24.5
2026-02-28,  Flagship Store  ,Denim Shorts Wide Leg,-1.0,65.0 €,28.77
2026-03-30,  Flagship Store  ,Denim Shorts Wide Leg,3.0,65.0 €,25.66
2026-06-09,  Retail Partner  ,Graphic Zip-Up Hoodie,1.0,$95.0,37.78
2026-02-20,  Pop-Up Store Madrid  ,Boxy Fit Hoodie 500 GSM,,$90.0,33.89
2026-01-27,  Retail Partner  ,Graphic Zip-Up Hoodie,1.0,95.0 €,46.99
2026-05-12,  Drop Online Global  ,Boxy Fit Hoodie 500 GSM,-1.0,$90.0,44.66
2026-07-02,  Retail Partner  ,Heavyweight Oversize Tee 300 GSM,2.0,45.0 €,21.38
2026-03-22,  Retail Partner  ,Heavyweight Oversize Tee 300 GSM,,45.0 €,19.32
2026-01-13,  Flagship Store  ,Denim Shorts Wide Leg,1.0,65.0,23.03
2026-03-10,  Drop Online Global  ,Boxy Fit Hoodie 500 GSM,1.0,$90.0,38.74
2026-07-21,  Pop-Up Store Madrid  ,Graphic Zip-Up Hoodie,-1.0,95.0,36.62
2026-04-23,  Flagship Store  ,New Balance 990v3 Made in USA,1.0,220.0,107.83
2026-05-18,  Pop-Up Store Madrid  ,Boxy Fit Hoodie 500 GSM,-1.0,90.0,38.95
2026-03-26,  Drop Online Global  ,New Balance 990v3 Made in USA,2.0,220.0 €,87.39
2026-05-27,  Flagship Store  ,Boxy Fit Hoodie 500 GSM,5.0,90.0 €,32.15
2026-05-31,  Retail Partner  ,ASICS GEL-NYC Tech Runner,2.0,150.0 €,62.59
2026-04-18,  Pop-Up Store Madrid  ,ASICS GEL-NYC Tech Runner,-1.0,150.0 €,66.42
2026-03-11,  Flagship Store  ,Denim Shorts Wide Leg,2.0,$65.0,27.9
2026-02-16,  Pop-Up Store Madrid  ,Graphic Zip-Up Hoodie,3.0,$95.0,37.97
2026-01-30,  Pop-Up Store Madrid  ,Denim Shorts Wide Leg,2.0,65.0,23.0
2026-03-07,  Flagship Store  ,Cargo Pants Baggy Fit,-1.0,85.0,39.79
2026-05-08,  Drop Online Global  ,Cargo Pants Baggy Fit,5.0,85.0,39.69
2026-07-17,  Flagship Store  ,Puffer Jacket Limited Release,2.0,$180.0,78.23
2026-06-05,  Retail Partner  ,Heavyweight Oversize Tee 300 GSM,,$45.0,16.38
2026-04-20,  Flagship Store  ,Heavyweight Oversize Tee 300 GSM,2.0,45.0 €,17.19
2026-04-29,  Flagship Store  ,Heavyweight Oversize Tee 300 GSM,2.0,45.0,21.17
2026-06-07,  Drop Online Global  ,ASICS GEL-NYC Tech Runner,-1.0,150.0,73.64
2026-08-09,  Pop-Up Store Madrid  ,ASICS GEL-NYC Tech Runner,1.0,150.0 €,70.48
2026-04-27,  Retail Partner  ,Cargo Pants Baggy Fit,,85.0 €,42.06
2026-02-27,  Retail Partner  ,Cargo Pants Baggy Fit,3.0,85.0 €,38.52
2026-04-10,  Flagship Store  ,ASICS GEL-NYC Tech Runner,1.0,$150.0,54.11
2026-04-25,  Retail Partner  ,Boxy Fit Hoodie 500 GSM,-1.0,90.0 €,40.86
2026-04-09,  Flagship Store  ,Graphic Zip-Up Hoodie,2.0,95.0 €,33.64
2026-01-10,  Drop Online Global  ,New Balance 990v3 Made in USA,,-45.0,88.84
2026-05-12,  Flagship Store  ,ASICS GEL-NYC Tech Runner,1.0,150.0,58.42
2026-04-15,  Pop-Up Store Madrid  ,Cargo Pants Baggy Fit,2.0,85.0 €,38.68
2026-04-16,  Drop Online Global  ,Boxy Fit Hoodie 500 GSM,-1.0,$90.0,35.85
2026-07-10,  Flagship Store  ,Graphic Zip-Up Hoodie,,95.0,46.25
2026-04-25,  Flagship Store  ,Heavyweight Oversize Tee 300 GSM,1.0,45.0 €,22.48
2026-05-31,  Pop-Up Store Madrid  ,Denim Shorts Wide Leg,,65.0 €,23.29
2026-05-18,  Flagship Store  ,Graphic Zip-Up Hoodie,2.0,95.0,46.98
2026-06-09,  Flagship Store  ,Cargo Pants Baggy Fit,1.0,85.0,39.3
2026-07-02,  Retail Partner  ,Cargo Pants Baggy Fit,1.0,$85.0,34.0
2026-03-06,  Pop-Up Store Madrid  ,New Balance 990v3 Made in USA,1.0,$220.0,85.96
2026-01-01,  Drop Online Global  ,Denim Shorts Wide Leg,-1.0,65.0,24.75
2026-02-19,  Retail Partner  ,Denim Shorts Wide Leg,-1.0,$65.0,27.11
2026-01-07,  Flagship Store  ,Graphic Zip-Up Hoodie,2.0,-45.0,47.26
2026-01-11,  Pop-Up Store Madrid  ,Boxy Fit Hoodie 500 GSM,,$90.0,38.7
2026-04-15,  Flagship Store  ,Boxy Fit Hoodie 500 GSM,5.0,$90.0,37.7
2026-02-12,  Retail Partner  ,Heavyweight Oversize Tee 300 GSM,2.0,45.0 €,20.34
2026-07-20,  Flagship Store  ,Denim Shorts Wide Leg,2.0,65.0 €,26.49
2026-02-15,  Pop-Up Store Madrid  ,Cargo Pants Baggy Fit,5.0,85.0,31.27
2026-03-22,  Flagship Store  ,ASICS GEL-NYC Tech Runner,,$150.0,64.26
2026-05-28,  Drop Online Global  ,Graphic Zip-Up Hoodie,3.0,95.0 €,40.15
2026-03-07,  Drop Online Global  ,Puffer Jacket Limited Release,2.0,$180.0,78.1
2026-07-30,  Pop-Up Store Madrid  ,Cargo Pants Baggy Fit,1.0,85.0,40.62
2026-08-04,  Flagship Store  ,Graphic Zip-Up Hoodie,2.0,-45.0,40.33
2026-03-10,  Drop Online Global  ,New Balance 990v3 Made in USA,-1.0,-45.0,85.13
2026-04-13,  Pop-Up Store Madrid  ,Cargo Pants Baggy Fit,5.0,85.0 €,29.92
2026-01-01,  Retail Partner  ,Denim Shorts Wide Leg,5.0,65.0 €,30.93
2026-07-21,  Drop Online Global  ,New Balance 990v3 Made in USA,-1.0,220.0 €,93.19
2026-08-09,  Flagship Store  ,Cargo Pants Baggy Fit,,$85.0,30.4
2026-01-04,  Drop Online Global  ,Heavyweight Oversize Tee 300 GSM,1.0,45.0,17.5
2026-05-18,  Retail Partner  ,Denim Shorts Wide Leg,,65.0,31.06
2026-03-11,  Retail Partner  ,ASICS GEL-NYC Tech Runner,-1.0,150.0,65.3
2026-06-02,  Drop Online Global  ,ASICS GEL-NYC Tech Runner,1.0,150.0,67.82
2026-03-17,  Flagship Store  ,Puffer Jacket Limited Release,1.0,$180.0,65.65
2026-06-03,  Retail Partner  ,Cargo Pants Baggy Fit,1.0,$85.0,32.38
2026-01-17,  Flagship Store  ,Graphic Zip-Up Hoodie,1.0,95.0 €,46.71
2026-01-30,  Drop Online Global  ,Puffer Jacket Limited Release,1.0,$180.0,71.66
2026-04-27,  Pop-Up Store Madrid  ,Heavyweight Oversize Tee 300 GSM,3.0,45.0 €,18.53
2026-03-16,  Drop Online Global  ,Cargo Pants Baggy Fit,1.0,85.0,31.67
2026-07-26,  Flagship Store  ,Denim Shorts Wide Leg,5.0,-45.0,29.1
2026-05-20,  Retail Partner  ,ASICS GEL-NYC Tech Runner,1.0,150.0 €,74.61
2026-04-21,  Retail Partner  ,Puffer Jacket Limited Release,2.0,180.0,79.91
2026-02-09,  Retail Partner  ,Graphic Zip-Up Hoodie,2.0,$95.0,46.67
2026-01-07,  Drop Online Global  ,New Balance 990v3 Made in USA,-1.0,$220.0,98.66
2026-01-16,  Retail Partner  ,Cargo Pants Baggy Fit,5.0,$85.0,36.36
2026-07-05,  Retail Partner  ,Heavyweight Oversize Tee 300 GSM,2.0,45.0 €,20.12
2026-05-16,  Pop-Up Store Madrid  ,Cargo Pants Baggy Fit,3.0,$85.0,37.57
2026-05-12,  Flagship Store  ,Cargo Pants Baggy Fit,5.0,85.0 €,33.13
2026-04-26,  Drop Online Global  ,ASICS GEL-NYC Tech Runner,1.0,$150.0,60.45
2026-07-13,  Flagship Store  ,Denim Shorts Wide Leg,2.0,65.0,23.32
2026-06-11,  Flagship Store  ,Boxy Fit Hoodie 500 GSM,-1.0,90.0,42.64
2026-06-22,  Drop Online Global  ,Puffer Jacket Limited Release,2.0,$180.0,79.18
2026-05-19,  Retail Partner  ,Graphic Zip-Up Hoodie,1.0,95.0,39.26
2026-03-25,  Retail Partner  ,Denim Shorts Wide Leg,1.0,$65.0,25.91
2026-03-07,  Drop Online Global  ,ASICS GEL-NYC Tech Runner,2.0,150.0 €,69.32
2026-03-12,  Drop Online Global  ,ASICS GEL-NYC Tech Runner,1.0,150.0 €,72.04
2026-03-03,  Retail Partner  ,Boxy Fit Hoodie 500 GSM,1.0,$90.0,41.15
2026-01-06,  Retail Partner  ,Denim Shorts Wide Leg,,65.0,29.34
2026-07-24,  Retail Partner  ,Graphic Zip-Up Hoodie,3.0,95.0 €,36.33
2026-05-30,  Retail Partner  ,New Balance 990v3 Made in USA,-1.0,$220.0,88.46
2026-06-23,  Retail Partner  ,Cargo Pants Baggy Fit,3.0,$85.0,40.44
2026-04-13,  Retail Partner  ,New Balance 990v3 Made in USA,1.0,220.0 €,100.57
2026-01-21,  Pop-Up Store Madrid  ,Puffer Jacket Limited Release,5.0,180.0 €,65.42
2026-07-13,  Flagship Store  ,Heavyweight Oversize Tee 300 GSM,3.0,45.0,17.6
2026-07-04,  Flagship Store  ,Denim Shorts Wide Leg,-1.0,65.0 €,24.75
2026-07-27,  Drop Online Global  ,Heavyweight Oversize Tee 300 GSM,1.0,$45.0,16.54
2026-07-23,  Drop Online Global  ,New Balance 990v3 Made in USA,2.0,220.0 €,79.98
2026-06-21,  Drop Online Global  ,Heavyweight Oversize Tee 300 GSM,1.0,$45.0,18.39
2026-08-01,  Drop Online Global  ,Heavyweight Oversize Tee 300 GSM,1.0,$45.0,21.3
2026-02-03,  Flagship Store  ,Puffer Jacket Limited Release,1.0,180.0,72.96
2026-02-02,  Pop-Up Store Madrid  ,Cargo Pants Baggy Fit,1.0,85.0 €,31.29
2026-04-09,  Drop Online Global  ,Boxy Fit Hoodie 500 GSM,-1.0,$90.0,32.95
2026-03-09,  Retail Partner  ,Denim Shorts Wide Leg,2.0,65.0 €,28.25
2026-01-26,  Flagship Store  ,ASICS GEL-NYC Tech Runner,2.0,$150.0,69.2
2026-01-24,  Drop Online Global  ,Boxy Fit Hoodie 500 GSM,1.0,90.0,32.37
2026-07-05,  Flagship Store  ,New Balance 990v3 Made in USA,3.0,220.0,80.5
2026-04-18,  Drop Online Global  ,New Balance 990v3 Made in USA,2.0,$220.0,93.2
2026-03-18,  Flagship Store  ,Puffer Jacket Limited Release,2.0,$180.0,66.15
2026-05-08,  Drop Online Global  ,Cargo Pants Baggy Fit,3.0,85.0,33.75
2026-05-04,  Drop Online Global  ,Boxy Fit Hoodie 500 GSM,1.0,90.0 €,38.48
2026-03-06,  Pop-Up Store Madrid  ,Heavyweight Oversize Tee 300 GSM,-1.0,45.0 €,17.62
2026-05-11,  Retail Partner  ,Heavyweight Oversize Tee 300 GSM,-1.0,45.0,18.23
2026-08-08,  Retail Partner  ,New Balance 990v3 Made in USA,,220.0,80.83
2026-08-05,  Retail Partner  ,ASICS GEL-NYC Tech Runner,5.0,150.0 €,72.77
2026-01-21,  Drop Online Global  ,Denim Shorts Wide Leg,1.0,65.0,26.72
2026-06-29,  Retail Partner  ,Graphic Zip-Up Hoodie,-1.0,95.0 €,37.67
2026-01-01,  Flagship Store  ,Graphic Zip-Up Hoodie,,95.0,43.58
2026-04-03,  Retail Partner  ,New Balance 990v3 Made in USA,1.0,$220.0,83.09
2026-02-27,  Flagship Store  ,Graphic Zip-Up Hoodie,3.0,95.0,36.26
2026-06-26,  Flagship Store  ,Heavyweight Oversize Tee 300 GSM,1.0,$45.0,16.38
2026-05-23,  Pop-Up Store Madrid  ,Denim Shorts Wide Leg,1.0,65.0,30.08
2026-03-24,  Pop-Up Store Madrid  ,Denim Shorts Wide Leg,1.0,65.0,25.01
2026-04-30,  Retail Partner  ,New Balance 990v3 Made in USA,1.0,220.0,105.33
2026-01-09,  Flagship Store  ,Graphic Zip-Up Hoodie,5.0,95.0 €,47.2
2026-06-13,  Pop-Up Store Madrid  ,ASICS GEL-NYC Tech Runner,1.0,$150.0,58.0
2026-02-24,  Drop Online Global  ,Cargo Pants Baggy Fit,1.0,85.0,39.71
2026-07-19,  Drop Online Global  ,ASICS GEL-NYC Tech Runner,1.0,$150.0,61.63
2026-05-05,  Pop-Up Store Madrid  ,Puffer Jacket Limited Release,2.0,180.0 €,78.15
2026-02-19,  Retail Partner  ,ASICS GEL-NYC Tech Runner,1.0,150.0 €,55.36
2026-02-13,  Retail Partner  ,Puffer Jacket Limited Release,1.0,180.0 €,76.59
2026-05-09,  Pop-Up Store Madrid  ,New Balance 990v3 Made in USA,1.0,220.0,81.87
2026-01-09,  Retail Partner  ,Puffer Jacket Limited Release,2.0,180.0 €,89.5
2026-02-08,  Flagship Store  ,Denim Shorts Wide Leg,1.0,$65.0,27.02
2026-05-04,  Retail Partner  ,Heavyweight Oversize Tee 300 GSM,3.0,$45.0,17.85
2026-03-23,  Flagship Store  ,Cargo Pants Baggy Fit,1.0,85.0,33.35
2026-01-27,  Retail Partner  ,Puffer Jacket Limited Release,5.0,$180.0,85.95
2026-04-28,  Flagship Store  ,New Balance 990v3 Made in USA,1.0,$220.0,90.35
2026-04-11,  Retail Partner  ,ASICS GEL-NYC Tech Runner,5.0,150.0 €,62.87
2026-06-07,  Drop Online Global  ,Heavyweight Oversize Tee 300 GSM,2.0,45.0,21.03
2026-02-21,  Flagship Store  ,New Balance 990v3 Made in USA,1.0,$220.0,78.57
2026-01-06,  Pop-Up Store Madrid  ,Heavyweight Oversize Tee 300 GSM,3.0,45.0,16.67
2026-06-13,  Pop-Up Store Madrid  ,Graphic Zip-Up Hoodie,1.0,$95.0,46.09
2026-03-02,  Retail Partner  ,Puffer Jacket Limited Release,5.0,$180.0,68.47
2026-01-11,  Flagship Store  ,Heavyweight Oversize Tee 300 GSM,1.0,45.0 €,21.56
2026-04-24,  Drop Online Global  ,Puffer Jacket Limited Release,-1.0,180.0 €,63.14
2026-03-22,  Pop-Up Store Madrid  ,Heavyweight Oversize Tee 300 GSM,2.0,45.0 €,18.73
2026-08-09,  Drop Online Global  ,Cargo Pants Baggy Fit,1.0,85.0 €,30.44
2026-07-27,  Retail Partner  ,Heavyweight Oversize Tee 300 GSM,1.0,45.0 €,21.94
2026-06-21,  Flagship Store  ,Boxy Fit Hoodie 500 GSM,5.0,$90.0,38.75
2026-07-28,  Retail Partner  ,Puffer Jacket Limited Release,,180.0 €,72.28
2026-05-21,  Pop-Up Store Madrid  ,Graphic Zip-Up Hoodie,1.0,95.0,41.98
2026-03-10,  Flagship Store  ,ASICS GEL-NYC Tech Runner,1.0,$150.0,59.05
2026-02-22,  Drop Online Global  ,Boxy Fit Hoodie 500 GSM,2.0,90.0,43.87
2026-06-18,  Retail Partner  ,Heavyweight Oversize Tee 300 GSM,1.0,45.0,20.94
2026-04-26,  Retail Partner  ,Puffer Jacket Limited Release,5.0,180.0,65.81
2026-04-16,  Flagship Store  ,ASICS GEL-NYC Tech Runner,5.0,$150.0,55.39
2026-07-26,  Flagship Store  ,Graphic Zip-Up Hoodie,-1.0,95.0,34.18
2026-03-16,  Retail Partner  ,Denim Shorts Wide Leg,1.0,$65.0,24.56
2026-05-15,  Pop-Up Store Madrid  ,Graphic Zip-Up Hoodie,1.0,$95.0,46.97
2026-08-03,  Retail Partner  ,ASICS GEL-NYC Tech Runner,1.0,150.0 €,57.62
2026-05-25,  Drop Online Global  ,New Balance 990v3 Made in USA,1.0,$220.0,93.23
2026-02-02,  Drop Online Global  ,Graphic Zip-Up Hoodie,1.0,95.0 €,41.24
2026-05-23,  Retail Partner  ,Denim Shorts Wide Leg,5.0,$65.0,28.72
2026-07-03,  Flagship Store  ,Heavyweight Oversize Tee 300 GSM,,$45.0,20.16
2026-04-19,  Retail Partner  ,Heavyweight Oversize Tee 300 GSM,1.0,45.0 €,21.76
2026-04-27,  Pop-Up Store Madrid  ,Graphic Zip-Up Hoodie,3.0,$95.0,40.67
2026-07-25,  Flagship Store  ,Cargo Pants Baggy Fit,1.0,85.0 €,37.11
2026-05-02,  Drop Online Global  ,Boxy Fit Hoodie 500 GSM,,90.0 €,41.88
2026-01-29,  Retail Partner  ,Cargo Pants Baggy Fit,,85.0,38.26
2026-04-10,  Drop Online Global  ,Puffer Jacket Limited Release,1.0,$180.0,71.99
2026-05-21,  Drop Online Global  ,Boxy Fit Hoodie 500 GSM,3.0,90.0 €,36.98
2026-05-24,  Drop Online Global  ,Graphic Zip-Up Hoodie,-1.0,95.0,40.83
2026-03-18,  Pop-Up Store Madrid  ,Boxy Fit Hoodie 500 GSM,3.0,90.0 €,44.34
2026-05-15,  Flagship Store  ,Heavyweight Oversize Tee 300 GSM,,45.0 €,19.82
2026-08-05,  Pop-Up Store Madrid  ,Graphic Zip-Up Hoodie,3.0,95.0,33.96
2026-01-22,  Drop Online Global  ,ASICS GEL-NYC Tech Runner,1.0,150.0 €,54.61
2026-01-23,  Retail Partner  ,Cargo Pants Baggy Fit,2.0,$85.0,34.97
2026-01-12,  Retail Partner  ,Boxy Fit Hoodie 500 GSM,,90.0,38.48
2026-05-24,  Flagship Store  ,Graphic Zip-Up Hoodie,1.0,95.0,40.67
2026-06-09,  Retail Partner  ,Graphic Zip-Up Hoodie,-1.0,95.0 €,37.37
2026-05-12,  Drop Online Global  ,Puffer Jacket Limited Release,1.0,$180.0,88.18
2026-01-08,  Retail Partner  ,Graphic Zip-Up Hoodie,1.0,95.0 €,45.83
2026-01-12,  Flagship Store  ,New Balance 990v3 Made in USA,3.0,$220.0,107.08
2026-01-23,  Flagship Store  ,Graphic Zip-Up Hoodie,1.0,$95.0,42.77
2026-05-17,  Pop-Up Store Madrid  ,Cargo Pants Baggy Fit,3.0,$85.0,39.84
2026-05-16,  Drop Online Global  ,Cargo Pants Baggy Fit,,$85.0,40.58
2026-04-10,  Drop Online Global  ,Graphic Zip-Up Hoodie,5.0,95.0,44.47
2026-02-28,  Pop-Up Store Madrid  ,ASICS GEL-NYC Tech Runner,1.0,-45.0,56.91
2026-02-17,  Drop Online Global  ,Cargo Pants Baggy Fit,2.0,$85.0,35.58
2026-04-08,  Flagship Store  ,Heavyweight Oversize Tee 300 GSM,,$45.0,16.61
2026-02-13,  Retail Partner  ,ASICS GEL-NYC Tech Runner,5.0,$150.0,60.06
2026-06-15,  Drop Online Global  ,Denim Shorts Wide Leg,-1.0,65.0 €,23.91
2026-02-21,  Retail Partner  ,ASICS GEL-NYC Tech Runner,1.0,$150.0,72.0
2026-08-09,  Flagship Store  ,Graphic Zip-Up Hoodie,,$95.0,36.21
2026-05-29,  Pop-Up Store Madrid  ,New Balance 990v3 Made in USA,-1.0,220.0,107.16
2026-07-26,  Drop Online Global  ,Cargo Pants Baggy Fit,-1.0,-45.0,31.61
2026-07-07,  Drop Online Global  ,Cargo Pants Baggy Fit,3.0,$85.0,32.18
2026-04-06,  Drop Online Global  ,Cargo Pants Baggy Fit,1.0,85.0 €,31.79
2026-01-29,  Flagship Store  ,Puffer Jacket Limited Release,1.0,180.0 €,75.27
2026-02-11,  Drop Online Global  ,Cargo Pants Baggy Fit,5.0,85.0 €,31.81
2026-05-11,  Flagship Store  ,Puffer Jacket Limited Release,,$180.0,70.74
2026-01-23,  Drop Online Global  ,Cargo Pants Baggy Fit,2.0,85.0 €,34.74
2026-05-27,  Retail Partner  ,Boxy Fit Hoodie 500 GSM,3.0,90.0,37.01
2026-05-16,  Pop-Up Store Madrid  ,Graphic Zip-Up Hoodie,5.0,95.0 €,41.55
2026-01-01,  Pop-Up Store Madrid  ,Puffer Jacket Limited Release,1.0,180.0 €,86.02
2026-05-01,  Flagship Store  ,Heavyweight Oversize Tee 300 GSM,3.0,45.0 €,19.49
2026-02-28,  Pop-Up Store Madrid  ,Heavyweight Oversize Tee 300 GSM,3.0,45.0,22.29
2026-07-27,  Retail Partner  ,Heavyweight Oversize Tee 300 GSM,1.0,45.0,19.67
2026-03-14,  Retail Partner  ,Puffer Jacket Limited Release,1.0,$180.0,66.31
2026-05-07,  Pop-Up Store Madrid  ,Cargo Pants Baggy Fit,1.0,$85.0,37.55
2026-02-05,  Retail Partner  ,Graphic Zip-Up Hoodie,5.0,$95.0,43.38
2026-03-17,  Drop Online Global  ,New Balance 990v3 Made in USA,1.0,220.0,89.2
2026-07-13,  Flagship Store  ,Graphic Zip-Up Hoodie,1.0,95.0,42.96
2026-02-16,  Retail Partner  ,Denim Shorts Wide Leg,,65.0,26.06
2026-01-21,  Drop Online Global  ,Denim Shorts Wide Leg,1.0,-45.0,32.04
2026-04-03,  Retail Partner  ,Boxy Fit Hoodie 500 GSM,2.0,90.0 €,43.79
2026-07-23,  Pop-Up Store Madrid  ,Graphic Zip-Up Hoodie,-1.0,95.0 €,34.45
2026-03-07,  Flagship Store  ,New Balance 990v3 Made in USA,1.0,220.0 €,96.74
2026-04-14,  Drop Online Global  ,Puffer Jacket Limited Release,1.0,$180.0,88.24
2026-05-08,  Drop Online Global  ,ASICS GEL-NYC Tech Runner,1.0,150.0 €,63.69
2026-04-21,  Retail Partner  ,Denim Shorts Wide Leg,3.0,$65.0,22.84
2026-02-03,  Pop-Up Store Madrid  ,Denim Shorts Wide Leg,1.0,$65.0,25.03
2026-02-09,  Drop Online Global  ,Boxy Fit Hoodie 500 GSM,1.0,90.0 €,37.82
2026-02-12,  Pop-Up Store Madrid  ,Denim Shorts Wide Leg,5.0,$65.0,32.35
2026-01-16,  Flagship Store  ,Denim Shorts Wide Leg,-1.0,65.0 €,30.65
2026-05-01,  Retail Partner  ,ASICS GEL-NYC Tech Runner,1.0,-45.0,66.33
2026-01-09,  Retail Partner  ,Graphic Zip-Up Hoodie,1.0,$95.0,38.09
2026-01-08,  Pop-Up Store Madrid  ,Puffer Jacket Limited Release,2.0,180.0 €,85.17
2026-05-08,  Flagship Store  ,ASICS GEL-NYC Tech Runner,5.0,150.0,69.34
2026-04-27,  Retail Partner  ,Heavyweight Oversize Tee 300 GSM,-1.0,45.0 €,19.26
2026-02-22,  Flagship Store  ,Denim Shorts Wide Leg,3.0,65.0,25.9
2026-01-17,  Flagship Store  ,Graphic Zip-Up Hoodie,2.0,95.0 €,33.32
2026-01-19,  Flagship Store  ,New Balance 990v3 Made in USA,-1.0,220.0 €,85.92
2026-01-22,  Drop Online Global  ,Graphic Zip-Up Hoodie,1.0,95.0,37.32
2026-07-28,  Flagship Store  ,Heavyweight Oversize Tee 300 GSM,2.0,45.0 €,15.93
2026-07-25,  Flagship Store  ,Cargo Pants Baggy Fit,1.0,$85.0,29.77
2026-06-10,  Drop Online Global  ,Puffer Jacket Limited Release,1.0,$180.0,63.39
2026-05-17,  Drop Online Global  ,Heavyweight Oversize Tee 300 GSM,3.0,45.0 €,18.06
2026-06-09,  Flagship Store  ,Graphic Zip-Up Hoodie,,-45.0,38.61
2026-06-03,  Pop-Up Store Madrid  ,New Balance 990v3 Made in USA,2.0,-45.0,95.53
2026-02-05,  Drop Online Global  ,ASICS GEL-NYC Tech Runner,-1.0,$150.0,64.24
2026-05-08,  Retail Partner  ,ASICS GEL-NYC Tech Runner,3.0,150.0 €,57.51
2026-08-08,  Pop-Up Store Madrid  ,Cargo Pants Baggy Fit,5.0,85.0,31.19
2026-01-23,  Drop Online Global  ,Heavyweight Oversize Tee 300 GSM,1.0,$45.0,15.95
2026-04-29,  Retail Partner  ,ASICS GEL-NYC Tech Runner,1.0,150.0 €,55.81
2026-05-01,  Flagship Store  ,ASICS GEL-NYC Tech Runner,2.0,150.0 €,72.28
2026-04-11,  Flagship Store  ,Denim Shorts Wide Leg,-1.0,$65.0,24.53
2026-06-22,  Pop-Up Store Madrid  ,Puffer Jacket Limited Release,,$180.0,73.47
2026-04-22,  Pop-Up Store Madrid  ,Graphic Zip-Up Hoodie,,95.0 €,44.64
2026-03-11,  Flagship Store  ,Heavyweight Oversize Tee 300 GSM,,45.0,18.45
2026-02-01,  Drop Online Global  ,ASICS GEL-NYC Tech Runner,1.0,150.0,54.37
2026-02-19,  Flagship Store  ,Graphic Zip-Up Hoodie,1.0,95.0 €,40.22
2026-04-22,  Flagship Store  ,Graphic Zip-Up Hoodie,1.0,95.0,35.82
2026-06-24,  Drop Online Global  ,ASICS GEL-NYC Tech Runner,3.0,150.0 €,66.36
2026-05-19,  Flagship Store  ,Heavyweight Oversize Tee 300 GSM,1.0,45.0 €,22.13
2026-02-16,  Pop-Up Store Madrid  ,Heavyweight Oversize Tee 300 GSM,-1.0,-45.0,18.81
2026-06-05,  Pop-Up Store Madrid  ,Heavyweight Oversize Tee 300 GSM,3.0,$45.0,15.92
2026-05-27,  Drop Online Global  ,Heavyweight Oversize Tee 300 GSM,3.0,45.0,16.26
2026-01-14,  Flagship Store  ,Cargo Pants Baggy Fit,2.0,$85.0,38.83
2026-04-15,  Pop-Up Store Madrid  ,Boxy Fit Hoodie 500 GSM,,-45.0,31.65
2026-03-08,  Pop-Up Store Madrid  ,ASICS GEL-NYC Tech Runner,1.0,$150.0,63.39
2026-06-20,  Pop-Up Store Madrid  ,New Balance 990v3 Made in USA,1.0,$220.0,102.04
2026-07-25,  Pop-Up Store Madrid  ,Heavyweight Oversize Tee 300 GSM,2.0,$45.0,17.5
2026-02-17,  Pop-Up Store Madrid  ,ASICS GEL-NYC Tech Runner,1.0,150.0 €,58.78
2026-02-03,  Flagship Store  ,Denim Shorts Wide Leg,5.0,65.0 €,28.84
2026-04-11,  Retail Partner  ,New Balance 990v3 Made in USA,-1.0,220.0,100.78
2026-03-23,  Retail Partner  ,New Balance 990v3 Made in USA,1.0,$220.0,95.4
2026-06-19,  Pop-Up Store Madrid  ,Graphic Zip-Up Hoodie,,95.0,35.34
2026-07-31,  Retail Partner  ,Boxy Fit Hoodie 500 GSM,2.0,90.0,32.52
2026-06-03,  Drop Online Global  ,ASICS GEL-NYC Tech Runner,2.0,$150.0,69.14
2026-02-15,  Drop Online Global  ,New Balance 990v3 Made in USA,1.0,$220.0,95.04
2026-05-31,  Flagship Store  ,Boxy Fit Hoodie 500 GSM,1.0,$90.0,44.67
2026-08-03,  Flagship Store  ,ASICS GEL-NYC Tech Runner,1.0,150.0,61.36
2026-04-07,  Drop Online Global  ,Denim Shorts Wide Leg,1.0,-45.0,30.19
2026-01-31,  Retail Partner  ,Denim Shorts Wide Leg,1.0,65.0 €,23.45
2026-03-03,  Retail Partner  ,ASICS GEL-NYC Tech Runner,1.0,$150.0,53.98
2026-04-10,  Flagship Store  ,ASICS GEL-NYC Tech Runner,,$150.0,74.57
2026-04-29,  Drop Online Global  ,Graphic Zip-Up Hoodie,1.0,$95.0,34.26
2026-03-29,  Flagship Store  ,Heavyweight Oversize Tee 300 GSM,1.0,$45.0,20.64
2026-01-16,  Pop-Up Store Madrid  ,New Balance 990v3 Made in USA,5.0,220.0 €,88.48
2026-01-25,  Drop Online Global  ,Graphic Zip-Up Hoodie,1.0,95.0,39.53
2026-05-15,  Drop Online Global  ,Denim Shorts Wide Leg,,$65.0,32.36
2026-04-06,  Drop Online Global  ,ASICS GEL-NYC Tech Runner,1.0,150.0 €,66.56
2026-04-03,  Pop-Up Store Madrid  ,Heavyweight Oversize Tee 300 GSM,1.0,$45.0,17.32
2026-02-19,  Retail Partner  ,Denim Shorts Wide Leg,,65.0,27.13
2026-05-30,  Retail Partner  ,Cargo Pants Baggy Fit,,$85.0,35.5
2026-05-05,  Retail Partner  ,Boxy Fit Hoodie 500 GSM,2.0,90.0,34.61
2026-01-19,  Drop Online Global  ,ASICS GEL-NYC Tech Runner,2.0,150.0 €,57.38
2026-07-08,  Flagship Store  ,Cargo Pants Baggy Fit,3.0,85.0 €,35.64
2026-04-13,  Drop Online Global  ,Graphic Zip-Up Hoodie,3.0,$95.0,41.12
2026-05-10,  Pop-Up Store Madrid  ,Boxy Fit Hoodie 500 GSM,1.0,$90.0,32.35
2026-05-19,  Drop Online Global  ,New Balance 990v3 Made in USA,-1.0,-45.0,93.53
2026-04-17,  Pop-Up Store Madrid  ,Denim Shorts Wide Leg,,-45.0,32.04
2026-06-25,  Drop Online Global  ,Heavyweight Oversize Tee 300 GSM,1.0,$45.0,16.42
2026-07-20,  Drop Online Global  ,Graphic Zip-Up Hoodie,1.0,95.0,35.11
2026-07-29,  Flagship Store  ,Boxy Fit Hoodie 500 GSM,-1.0,90.0,33.35
2026-05-08,  Drop Online Global  ,Cargo Pants Baggy Fit,2.0,-45.0,34.94
2026-01-04,  Retail Partner  ,New Balance 990v3 Made in USA,1.0,$220.0,82.0
2026-01-12,  Pop-Up Store Madrid  ,New Balance 990v3 Made in USA,,220.0,108.67
2026-02-04,  Retail Partner  ,ASICS GEL-NYC Tech Runner,1.0,$150.0,52.87
2026-06-02,  Flagship Store  ,New Balance 990v3 Made in USA,1.0,220.0 €,90.21
2026-03-06,  Flagship Store  ,Graphic Zip-Up Hoodie,3.0,95.0 €,34.04
2026-04-05,  Flagship Store  ,Graphic Zip-Up Hoodie,2.0,95.0,45.95
2026-05-04,  Retail Partner  ,Boxy Fit Hoodie 500 GSM,,90.0 €,35.22
2026-07-06,  Flagship Store  ,Heavyweight Oversize Tee 300 GSM,-1.0,-45.0,22.34
2026-07-05,  Retail Partner  ,Graphic Zip-Up Hoodie,1.0,95.0 €,42.03
2026-06-14,  Retail Partner  ,Heavyweight Oversize Tee 300 GSM,,$45.0,19.63
2026-06-25,  Retail Partner  ,ASICS GEL-NYC Tech Runner,,150.0 €,62.82
2026-03-28,  Retail Partner  ,Cargo Pants Baggy Fit,1.0,85.0 €,30.18
2026-05-10,  Drop Online Global  ,Denim Shorts Wide Leg,1.0,65.0 €,27.3
2026-03-16,  Pop-Up Store Madrid  ,ASICS GEL-NYC Tech Runner,1.0,150.0 €,65.9
2026-02-22,  Pop-Up Store Madrid  ,Denim Shorts Wide Leg,1.0,65.0,29.63
2026-04-01,  Drop Online Global  ,New Balance 990v3 Made in USA,,220.0,86.57
2026-02-26,  Pop-Up Store Madrid  ,Heavyweight Oversize Tee 300 GSM,1.0,45.0,18.92
2026-02-22,  Drop Online Global  ,ASICS GEL-NYC Tech Runner,2.0,$150.0,66.96
2026-01-23,  Pop-Up Store Madrid  ,Heavyweight Oversize Tee 300 GSM,1.0,45.0 €,17.06
2026-06-06,  Pop-Up Store Madrid  ,ASICS GEL-NYC Tech Runner,3.0,150.0,73.44
2026-07-02,  Flagship Store  ,ASICS GEL-NYC Tech Runner,-1.0,$150.0,57.85
2026-01-21,  Retail Partner  ,Cargo Pants Baggy Fit,,$85.0,37.62
2026-07-01,  Drop Online Global  ,Boxy Fit Hoodie 500 GSM,1.0,90.0 €,37.85
2026-01-07,  Flagship Store  ,Cargo Pants Baggy Fit,3.0,$85.0,32.66
2026-04-24,  Flagship Store  ,Puffer Jacket Limited Release,3.0,180.0,83.34
2026-07-22,  Drop Online Global  ,Heavyweight Oversize Tee 300 GSM,-1.0,$45.0,22.44
2026-01-19,  Retail Partner  ,Boxy Fit Hoodie 500 GSM,3.0,90.0,37.32
2026-06-23,  Retail Partner  ,Denim Shorts Wide Leg,3.0,$65.0,32.48
2026-02-14,  Pop-Up Store Madrid  ,Graphic Zip-Up Hoodie,-1.0,95.0 €,37.52
2026-07-09,  Pop-Up Store Madrid  ,Graphic Zip-Up Hoodie,1.0,95.0 €,45.06
2026-06-20,  Flagship Store  ,Boxy Fit Hoodie 500 GSM,1.0,90.0 €,32.68
2026-05-14,  Retail Partner  ,Heavyweight Oversize Tee 300 GSM,2.0,45.0,18.39
2026-02-05,  Flagship Store  ,Denim Shorts Wide Leg,1.0,65.0 €,27.57
2026-07-28,  Pop-Up Store Madrid  ,Heavyweight Oversize Tee 300 GSM,1.0,45.0 €,20.13
2026-04-05,  Flagship Store  ,Cargo Pants Baggy Fit,,85.0 €,34.73
2026-02-06,  Drop Online Global  ,ASICS GEL-NYC Tech Runner,1.0,150.0 €,54.93
2026-02-21,  Flagship Store  ,New Balance 990v3 Made in USA,2.0,$220.0,89.58
2026-03-20,  Pop-Up Store Madrid  ,Boxy Fit Hoodie 500 GSM,,90.0,43.58
2026-05-10,  Pop-Up Store Madrid  ,Puffer Jacket Limited Release,1.0,180.0 €,65.96
2026-02-03,  Retail Partner  ,Denim Shorts Wide Leg,1.0,65.0,23.6
2026-05-06,  Pop-Up Store Madrid  ,ASICS GEL-NYC Tech Runner,1.0,$150.0,73.25
2026-01-03,  Retail Partner  ,New Balance 990v3 Made in USA,5.0,$220.0,83.84
2026-07-22,  Drop Online Global  ,Denim Shorts Wide Leg,3.0,65.0,24.82
2026-04-25,  Pop-Up Store Madrid  ,ASICS GEL-NYC Tech Runner,2.0,$150.0,65.65
2026-03-03,  Drop Online Global  ,Cargo Pants Baggy Fit,3.0,85.0 €,30.75
2026-05-25,  Drop Online Global  ,Denim Shorts Wide Leg,2.0,65.0,28.29
2026-02-01,  Drop Online Global  ,Puffer Jacket Limited Release,5.0,180.0,66.12
2026-05-10,  Drop Online Global  ,New Balance 990v3 Made in USA,,220.0,99.16
2026-01-15,  Drop Online Global  ,ASICS GEL-NYC Tech Runner,1.0,$150.0,67.37
2026-07-05,  Pop-Up Store Madrid  ,Heavyweight Oversize Tee 300 GSM,-1.0,$45.0,20.75
2026-07-16,  Pop-Up Store Madrid  ,Denim Shorts Wide Leg,-1.0,$65.0,26.98
2026-04-29,  Flagship Store  ,ASICS GEL-NYC Tech Runner,5.0,$150.0,63.46
2026-04-01,  Flagship Store  ,Graphic Zip-Up Hoodie,1.0,95.0,38.69
2026-06-17,  Retail Partner  ,New Balance 990v3 Made in USA,5.0,220.0,97.21
2026-05-06,  Drop Online Global  ,Puffer Jacket Limited Release,,180.0,78.56
2026-08-04,  Pop-Up Store Madrid  ,Boxy Fit Hoodie 500 GSM,1.0,$90.0,35.93
2026-04-27,  Pop-Up Store Madrid  ,Denim Shorts Wide Leg,5.0,65.0 €,26.39
2026-04-15,  Retail Partner  ,New Balance 990v3 Made in USA,5.0,220.0,100.03
2026-03-11,  Drop Online Global  ,ASICS GEL-NYC Tech Runner,1.0,150.0,66.8
2026-07-24,  Drop Online Global  ,Puffer Jacket Limited Release,1.0,$180.0,86.98
2026-02-06,  Pop-Up Store Madrid  ,ASICS GEL-NYC Tech Runner,5.0,150.0 €,68.9
2026-07-20,  Pop-Up Store Madrid  ,Cargo Pants Baggy Fit,3.0,85.0,38.14
2026-06-20,  Flagship Store  ,Graphic Zip-Up Hoodie,1.0,95.0 €,37.62
2026-06-28,  Flagship Store  ,Cargo Pants Baggy Fit,1.0,85.0 €,35.99
2026-06-17,  Retail Partner  ,New Balance 990v3 Made in USA,1.0,$220.0,87.57
2026-07-17,  Retail Partner  ,ASICS GEL-NYC Tech Runner,,$150.0,60.7
2026-01-05,  Flagship Store  ,Denim Shorts Wide Leg,-1.0,$65.0,29.16
2026-01-06,  Pop-Up Store Madrid  ,Cargo Pants Baggy Fit,3.0,85.0 €,39.36
2026-01-09,  Pop-Up Store Madrid  ,Graphic Zip-Up Hoodie,,95.0,40.2
2026-05-17,  Pop-Up Store Madrid  ,ASICS GEL-NYC Tech Runner,1.0,$150.0,60.54
2026-03-26,  Retail Partner  ,Cargo Pants Baggy Fit,3.0,$85.0,31.09
2026-07-13,  Retail Partner  ,Boxy Fit Hoodie 500 GSM,1.0,90.0 €,43.78
2026-04-27,  Drop Online Global  ,New Balance 990v3 Made in USA,,$220.0,98.21
2026-02-19,  Flagship Store  ,Puffer Jacket Limited Release,5.0,180.0 €,75.58
2026-07-16,  Drop Online Global  ,Heavyweight Oversize Tee 300 GSM,-1.0,$45.0,17.53
2026-02-17,  Pop-Up Store Madrid  ,Heavyweight Oversize Tee 300 GSM,1.0,45.0 €,17.59
2026-03-05,  Drop Online Global  ,ASICS GEL-NYC Tech Runner,2.0,150.0 €,62.1
2026-06-06,  Pop-Up Store Madrid  ,ASICS GEL-NYC Tech Runner,5.0,150.0,71.61
2026-07-05,  Pop-Up Store Madrid  ,Denim Shorts Wide Leg,1.0,65.0,30.42
2026-05-29,  Pop-Up Store Madrid  ,Heavyweight Oversize Tee 300 GSM,5.0,45.0,21.59
2026-07-31,  Flagship Store  ,Puffer Jacket Limited Release,1.0,180.0,87.67
2026-07-19,  Flagship Store  ,Boxy Fit Hoodie 500 GSM,1.0,90.0,37.75
2026-08-04,  Retail Partner  ,Denim Shorts Wide Leg,,65.0,27.07
2026-05-16,  Pop-Up Store Madrid  ,Denim Shorts Wide Leg,1.0,$65.0,22.87
2026-05-10,  Flagship Store  ,ASICS GEL-NYC Tech Runner,1.0,150.0,72.75
2026-02-04,  Flagship Store  ,Boxy Fit Hoodie 500 GSM,-1.0,90.0 €,33.15
2026-05-27,  Pop-Up Store Madrid  ,Denim Shorts Wide Leg,1.0,65.0,25.8
2026-02-01,  Flagship Store  ,New Balance 990v3 Made in USA,2.0,$220.0,98.85
2026-05-02,  Drop Online Global  ,Puffer Jacket Limited Release,1.0,180.0 €,72.45
2026-04-29,  Drop Online Global  ,ASICS GEL-NYC Tech Runner,1.0,150.0,70.89
2026-04-21,  Retail Partner  ,Heavyweight Oversize Tee 300 GSM,1.0,45.0 €,20.49
2026-02-03,  Drop Online Global  ,Heavyweight Oversize Tee 300 GSM,1.0,$45.0,19.25
2026-06-16,  Flagship Store  ,Denim Shorts Wide Leg,5.0,$65.0,30.48
2026-02-16,  Pop-Up Store Madrid  ,Denim Shorts Wide Leg,,$65.0,29.82
2026-03-06,  Pop-Up Store Madrid  ,Boxy Fit Hoodie 500 GSM,-1.0,90.0,34.82
2026-07-10,  Pop-Up Store Madrid  ,Denim Shorts Wide Leg,5.0,65.0 €,29.58
2026-03-28,  Flagship Store  ,ASICS GEL-NYC Tech Runner,5.0,150.0 €,58.14
2026-07-12,  Flagship Store  ,Boxy Fit Hoodie 500 GSM,1.0,90.0 €,44.05
2026-06-20,  Retail Partner  ,Heavyweight Oversize Tee 300 GSM,-1.0,45.0 €,18.58
2026-05-26,  Drop Online Global  ,Boxy Fit Hoodie 500 GSM,1.0,90.0,33.01
2026-05-30,  Flagship Store  ,ASICS GEL-NYC Tech Runner,5.0,150.0 €,73.66
2026-01-11,  Pop-Up Store Madrid  ,Heavyweight Oversize Tee 300 GSM,1.0,45.0 €,16.54
2026-04-12,  Flagship Store  ,Cargo Pants Baggy Fit,2.0,$85.0,41.4
2026-04-18,  Drop Online Global  ,ASICS GEL-NYC Tech Runner,5.0,$150.0,71.85
2026-04-20,  Flagship Store  ,Graphic Zip-Up Hoodie,3.0,$95.0,34.41
2026-04-12,  Drop Online Global  ,Heavyweight Oversize Tee 300 GSM,,$45.0,18.51
2026-03-25,  Drop Online Global  ,Heavyweight Oversize Tee 300 GSM,1.0,45.0 €,20.36
2026-02-14,  Pop-Up Store Madrid  ,Graphic Zip-Up Hoodie,2.0,95.0,39.47
2026-06-29,  Flagship Store  ,ASICS GEL-NYC Tech Runner,-1.0,$150.0,68.87
2026-01-05,  Pop-Up Store Madrid  ,Puffer Jacket Limited Release,2.0,$180.0,87.58
2026-07-16,  Drop Online Global  ,Puffer Jacket Limited Release,-1.0,180.0 €,87.35
2026-06-27,  Flagship Store  ,Graphic Zip-Up Hoodie,-1.0,$95.0,34.31
2026-01-12,  Drop Online Global  ,Denim Shorts Wide Leg,1.0,65.0 €,32.07
2026-04-26,  Pop-Up Store Madrid  ,Denim Shorts Wide Leg,1.0,65.0 €,32.49
2026-04-25,  Pop-Up Store Madrid  ,Graphic Zip-Up Hoodie,3.0,$95.0,43.58
2026-07-23,  Pop-Up Store Madrid  ,Boxy Fit Hoodie 500 GSM,1.0,90.0,34.38
2026-07-10,  Pop-Up Store Madrid  ,Cargo Pants Baggy Fit,,$85.0,37.49
2026-07-14,  Flagship Store  ,Cargo Pants Baggy Fit,-1.0,85.0 €,39.49
2026-04-05,  Flagship Store  ,Puffer Jacket Limited Release,1.0,180.0,74.89
2026-03-16,  Retail Partner  ,Cargo Pants Baggy Fit,-1.0,$85.0,33.13
2026-01-10,  Pop-Up Store Madrid  ,Cargo Pants Baggy Fit,3.0,85.0,31.3
2026-07-08,  Drop Online Global  ,Cargo Pants Baggy Fit,2.0,$85.0,40.03
2026-02-11,  Drop Online Global  ,Denim Shorts Wide Leg,,65.0,31.05
2026-01-27,  Drop Online Global  ,Denim Shorts Wide Leg,1.0,65.0 €,24.58
2026-02-27,  Retail Partner  ,Cargo Pants Baggy Fit,3.0,85.0,30.97
2026-07-25,  Pop-Up Store Madrid  ,New Balance 990v3 Made in USA,2.0,$220.0,82.68
2026-03-28,  Pop-Up Store Madrid  ,ASICS GEL-NYC Tech Runner,3.0,150.0,59.22
2026-04-12,  Flagship Store  ,ASICS GEL-NYC Tech Runner,5.0,$150.0,58.0
2026-04-09,  Flagship Store  ,Heavyweight Oversize Tee 300 GSM,1.0,45.0 €,16.89
2026-06-22,  Pop-Up Store Madrid  ,New Balance 990v3 Made in USA,-1.0,220.0,85.35
2026-01-01,  Drop Online Global  ,Heavyweight Oversize Tee 300 GSM,1.0,$45.0,16.84
2026-02-08,  Flagship Store  ,Denim Shorts Wide Leg,,$65.0,28.26
2026-05-11,  Flagship Store  ,New Balance 990v3 Made in USA,,220.0 €,90.36
2026-05-08,  Pop-Up Store Madrid  ,Denim Shorts Wide Leg,1.0,$65.0,24.18
2026-02-01,  Pop-Up Store Madrid  ,ASICS GEL-NYC Tech Runner,2.0,150.0 €,74.27
2026-03-27,  Flagship Store  ,Denim Shorts Wide Leg,1.0,$65.0,26.4
2026-04-10,  Drop Online Global  ,ASICS GEL-NYC Tech Runner,1.0,$150.0,65.4
2026-06-02,  Flagship Store  ,ASICS GEL-NYC Tech Runner,3.0,$150.0,56.83
2026-06-12,  Pop-Up Store Madrid  ,Puffer Jacket Limited Release,5.0,180.0 €,76.86
2026-05-04,  Flagship Store  ,Graphic Zip-Up Hoodie,5.0,95.0,38.52
2026-07-21,  Drop Online Global  ,Graphic Zip-Up Hoodie,5.0,95.0 €,34.05
2026-02-02,  Pop-Up Store Madrid  ,Denim Shorts Wide Leg,2.0,65.0,27.51
2026-02-25,  Pop-Up Store Madrid  ,Heavyweight Oversize Tee 300 GSM,1.0,45.0,20.39
2026-05-02,  Pop-Up Store Madrid  ,Puffer Jacket Limited Release,,180.0,68.07
2026-05-02,  Pop-Up Store Madrid  ,Graphic Zip-Up Hoodie,1.0,95.0,43.13
2026-03-29,  Flagship Store  ,Heavyweight Oversize Tee 300 GSM,2.0,45.0,21.53
2026-01-26,  Pop-Up Store Madrid  ,Denim Shorts Wide Leg,1.0,$65.0,22.94
2026-03-03,  Retail Partner  ,Graphic Zip-Up Hoodie,1.0,95.0 €,42.56
2026-03-27,  Retail Partner  ,Boxy Fit Hoodie 500 GSM,3.0,90.0,34.59
2026-06-01,  Pop-Up Store Madrid  ,Graphic Zip-Up Hoodie,1.0,95.0 €,34.1
2026-01-22,  Pop-Up Store Madrid  ,New Balance 990v3 Made in USA,3.0,220.0,100.19
2026-02-19,  Retail Partner  ,Heavyweight Oversize Tee 300 GSM,3.0,45.0 €,21.32
2026-01-25,  Retail Partner  ,Cargo Pants Baggy Fit,5.0,85.0 €,37.32
2026-06-13,  Retail Partner  ,Puffer Jacket Limited Release,,$180.0,78.75
2026-03-09,  Pop-Up Store Madrid  ,Heavyweight Oversize Tee 300 GSM,2.0,45.0 €,19.71
2026-03-06,  Flagship Store  ,New Balance 990v3 Made in USA,,220.0 €,93.35
2026-05-05,  Flagship Store  ,Graphic Zip-Up Hoodie,1.0,95.0 €,41.49
2026-06-05,  Pop-Up Store Madrid  ,Denim Shorts Wide Leg,3.0,65.0,29.19
2026-01-11,  Pop-Up Store Madrid  ,Puffer Jacket Limited Release,1.0,-45.0,87.29
2026-01-09,  Flagship Store  ,Graphic Zip-Up Hoodie,,$95.0,37.04
2026-04-03,  Retail Partner  ,ASICS GEL-NYC Tech Runner,3.0,150.0,58.04
2026-05-28,  Flagship Store  ,Denim Shorts Wide Leg,2.0,65.0,22.87
2026-07-01,  Pop-Up Store Madrid  ,New Balance 990v3 Made in USA,1.0,220.0 €,84.82
2026-08-07,  Drop Online Global  ,Boxy Fit Hoodie 500 GSM,2.0,90.0,43.32
2026-01-29,  Flagship Store  ,ASICS GEL-NYC Tech Runner,1.0,$150.0,53.28
2026-05-29,  Pop-Up Store Madrid  ,Denim Shorts Wide Leg,3.0,$65.0,23.82
2026-05-13,  Drop Online Global  ,Denim Shorts Wide Leg,1.0,65.0 €,26.53
2026-05-01,  Flagship Store  ,Puffer Jacket Limited Release,2.0,$180.0,88.03
2026-07-22,  Drop Online Global  ,Graphic Zip-Up Hoodie,-1.0,95.0 €,44.28
2026-07-04,  Flagship Store  ,New Balance 990v3 Made in USA,3.0,220.0,108.24
2026-03-10,  Drop Online Global  ,Boxy Fit Hoodie 500 GSM,1.0,90.0 €,32.75
2026-07-11,  Flagship Store  ,Puffer Jacket Limited Release,1.0,180.0 €,82.79
2026-03-19,  Drop Online Global  ,New Balance 990v3 Made in USA,1.0,220.0 €,93.57
2026-07-14,  Retail Partner  ,Boxy Fit Hoodie 500 GSM,-1.0,$90.0,39.5
2026-06-12,  Retail Partner  ,ASICS GEL-NYC Tech Runner,1.0,150.0 €,68.75
2026-03-07,  Pop-Up Store Madrid  ,Cargo Pants Baggy Fit,1.0,85.0,35.57
2026-05-05,  Retail Partner  ,Puffer Jacket Limited Release,1.0,180.0,89.19
2026-03-22,  Retail Partner  ,New Balance 990v3 Made in USA,1.0,220.0 €,104.1
2026-03-16,  Pop-Up Store Madrid  ,Boxy Fit Hoodie 500 GSM,3.0,90.0,33.66
2026-07-04,  Retail Partner  ,Denim Shorts Wide Leg,5.0,65.0,23.66
2026-06-30,  Flagship Store  ,New Balance 990v3 Made in USA,-1.0,220.0,103.94
2026-06-07,  Drop Online Global  ,New Balance 990v3 Made in USA,3.0,$220.0,93.38
2026-02-02,  Retail Partner  ,Heavyweight Oversize Tee 300 GSM,3.0,$45.0,17.41
2026-02-01,  Retail Partner  ,New Balance 990v3 Made in USA,3.0,220.0,92.27
2026-06-06,  Retail Partner  ,Graphic Zip-Up Hoodie,5.0,95.0,35.67
2026-03-03,  Drop Online Global  ,Cargo Pants Baggy Fit,3.0,$85.0,34.39
2026-03-10,  Drop Online Global  ,Denim Shorts Wide Leg,1.0,65.0 €,27.11
2026-02-10,  Retail Partner  ,ASICS GEL-NYC Tech Runner,3.0,$150.0,71.14
2026-03-16,  Drop Online Global  ,Boxy Fit Hoodie 500 GSM,1.0,90.0 €,36.4
2026-07-02,  Retail Partner  ,New Balance 990v3 Made in USA,,220.0 €,99.88
2026-04-11,  Drop Online Global  ,Puffer Jacket Limited Release,-1.0,180.0,64.77
2026-03-19,  Pop-Up Store Madrid  ,Cargo Pants Baggy Fit,2.0,$85.0,37.53
2026-05-18,  Drop Online Global  ,ASICS GEL-NYC Tech Runner,1.0,150.0 €,62.11
2026-06-03,  Pop-Up Store Madrid  ,Cargo Pants Baggy Fit,5.0,-45.0,33.69
2026-03-03,  Drop Online Global  ,Boxy Fit Hoodie 500 GSM,5.0,90.0 €,33.62
2026-02-13,  Flagship Store  ,Heavyweight Oversize Tee 300 GSM,3.0,45.0 €,17.5
2026-07-19,  Drop Online Global  ,Heavyweight Oversize Tee 300 GSM,2.0,$45.0,17.88
2026-04-07,  Drop Online Global  ,New Balance 990v3 Made in USA,1.0,$220.0,95.21
2026-05-06,  Drop Online Global  ,Boxy Fit Hoodie 500 GSM,-1.0,90.0 €,41.18
2026-05-17,  Drop Online Global  ,Heavyweight Oversize Tee 300 GSM,1.0,$45.0,21.31
2026-03-14,  Retail Partner  ,Graphic Zip-Up Hoodie,1.0,$95.0,42.19
2026-04-25,  Flagship Store  ,Boxy Fit Hoodie 500 GSM,,90.0,38.19
2026-02-12,  Flagship Store  ,ASICS GEL-NYC Tech Runner,-1.0,150.0 €,58.05
2026-07-31,  Retail Partner  ,New Balance 990v3 Made in USA,-1.0,220.0 €,85.86
2026-06-12,  Pop-Up Store Madrid  ,Graphic Zip-Up Hoodie,2.0,95.0 €,35.04
2026-03-11,  Retail Partner  ,Boxy Fit Hoodie 500 GSM,1.0,$90.0,32.64
2026-02-26,  Retail Partner  ,Cargo Pants Baggy Fit,3.0,85.0 €,35.02
2026-02-24,  Pop-Up Store Madrid  ,Heavyweight Oversize Tee 300 GSM,-1.0,45.0,20.97
2026-04-19,  Retail Partner  ,New Balance 990v3 Made in USA,1.0,$220.0,88.74
2026-01-30,  Retail Partner  ,Boxy Fit Hoodie 500 GSM,1.0,90.0 €,40.29
2026-04-25,  Pop-Up Store Madrid  ,Puffer Jacket Limited Release,2.0,$180.0,66.69
2026-06-29,  Drop Online Global  ,ASICS GEL-NYC Tech Runner,-1.0,-45.0,70.75
2026-03-04,  Drop Online Global  ,Heavyweight Oversize Tee 300 GSM,3.0,45.0 €,16.17
2026-02-23,  Retail Partner  ,Heavyweight Oversize Tee 300 GSM,5.0,$45.0,16.54
2026-04-07,  Pop-Up Store Madrid  ,ASICS GEL-NYC Tech Runner,,150.0,59.2
2026-08-01,  Pop-Up Store Madrid  ,Puffer Jacket Limited Release,2.0,180.0 €,68.88
2026-06-14,  Pop-Up Store Madrid  ,Puffer Jacket Limited Release,3.0,180.0 €,67.7
2026-07-26,  Flagship Store  ,New Balance 990v3 Made in USA,5.0,$220.0,100.71
2026-01-23,  Retail Partner  ,Boxy Fit Hoodie 500 GSM,2.0,$90.0,42.75
2026-05-22,  Flagship Store  ,New Balance 990v3 Made in USA,2.0,220.0 €,103.27
2026-06-09,  Flagship Store  ,New Balance 990v3 Made in USA,1.0,220.0,104.46
2026-04-06,  Retail Partner  ,New Balance 990v3 Made in USA,2.0,220.0,96.21
2026-06-07,  Flagship Store  ,New Balance 990v3 Made in USA,1.0,$220.0,92.19
2026-04-04,  Drop Online Global  ,ASICS GEL-NYC Tech Runner,2.0,150.0,68.79
2026-03-25,  Drop Online Global  ,Puffer Jacket Limited Release,-1.0,180.0 €,67.3
2026-02-01,  Pop-Up Store Madrid  ,Heavyweight Oversize Tee 300 GSM,-1.0,45.0,21.82
2026-05-16,  Flagship Store  ,New Balance 990v3 Made in USA,5.0,220.0 €,93.39
2026-03-25,  Flagship Store  ,Puffer Jacket Limited Release,,$180.0,64.64
2026-03-18,  Flagship Store  ,Cargo Pants Baggy Fit,2.0,-45.0,36.15
2026-02-22,  Drop Online Global  ,Heavyweight Oversize Tee 300 GSM,1.0,45.0 €,19.27
2026-05-03,  Retail Partner  ,Cargo Pants Baggy Fit,-1.0,85.0,33.35
2026-01-10,  Pop-Up Store Madrid  ,Boxy Fit Hoodie 500 GSM,-1.0,$90.0,37.97
2026-08-09,  Retail Partner  ,Cargo Pants Baggy Fit,1.0,85.0 €,33.67
2026-04-28,  Drop Online Global  ,Cargo Pants Baggy Fit,5.0,85.0,40.54
2026-02-02,  Drop Online Global  ,Graphic Zip-Up Hoodie,5.0,95.0,33.43
2026-05-25,  Flagship Store  ,New Balance 990v3 Made in USA,5.0,220.0,102.43
2026-05-31,  Pop-Up Store Madrid  ,Boxy Fit Hoodie 500 GSM,-1.0,90.0,41.49
2026-02-07,  Flagship Store  ,Graphic Zip-Up Hoodie,1.0,95.0 €,41.7
2026-02-12,  Flagship Store  ,Graphic Zip-Up Hoodie,3.0,$95.0,39.33
2026-01-05,  Drop Online Global  ,New Balance 990v3 Made in USA,5.0,220.0 €,109.02
2026-07-13,  Flagship Store  ,ASICS GEL-NYC Tech Runner,2.0,$150.0,69.36
2026-06-08,  Drop Online Global  ,Boxy Fit Hoodie 500 GSM,5.0,$90.0,35.44
2026-01-25,  Flagship Store  ,Puffer Jacket Limited Release,,180.0,65.31
2026-03-11,  Flagship Store  ,Heavyweight Oversize Tee 300 GSM,1.0,45.0,20.01
2026-04-13,  Drop Online Global  ,Heavyweight Oversize Tee 300 GSM,1.0,45.0 €,20.5
2026-05-16,  Retail Partner  ,New Balance 990v3 Made in USA,1.0,$220.0,86.45
2026-08-05,  Retail Partner  ,Graphic Zip-Up Hoodie,,95.0,42.45
2026-04-15,  Pop-Up Store Madrid  ,Cargo Pants Baggy Fit,,$85.0,40.07
2026-06-11,  Flagship Store  ,ASICS GEL-NYC Tech Runner,1.0,$150.0,55.91
2026-06-30,  Pop-Up Store Madrid  ,Boxy Fit Hoodie 500 GSM,3.0,$90.0,32.34
2026-03-01,  Drop Online Global  ,Graphic Zip-Up Hoodie,2.0,95.0 €,42.39
2026-08-04,  Retail Partner  ,Denim Shorts Wide Leg,-1.0,-45.0,23.12
2026-06-13,  Drop Online Global  ,Heavyweight Oversize Tee 300 GSM,2.0,45.0 €,22.19
2026-02-14,  Flagship Store  ,Graphic Zip-Up Hoodie,5.0,$95.0,40.43
2026-03-19,  Flagship Store  ,New Balance 990v3 Made in USA,3.0,220.0 €,85.12
2026-01-08,  Flagship Store  ,ASICS GEL-NYC Tech Runner,,$150.0,59.79
2026-01-12,  Pop-Up Store Madrid  ,Heavyweight Oversize Tee 300 GSM,2.0,45.0,16.04
2026-06-02,  Drop Online Global  ,Graphic Zip-Up Hoodie,1.0,$95.0,45.49
2026-03-15,  Pop-Up Store Madrid  ,Cargo Pants Baggy Fit,3.0,$85.0,35.78
2026-05-21,  Retail Partner  ,ASICS GEL-NYC Tech Runner,1.0,150.0 €,52.81
2026-02-22,  Retail Partner  ,Heavyweight Oversize Tee 300 GSM,,45.0 €,17.92
2026-01-19,  Drop Online Global  ,Puffer Jacket Limited Release,1.0,$180.0,80.55
2026-06-01,  Drop Online Global  ,Puffer Jacket Limited Release,1.0,$180.0,65.79
2026-01-15,  Drop Online Global  ,New Balance 990v3 Made in USA,1.0,$220.0,82.59
2026-03-16,  Flagship Store  ,Cargo Pants Baggy Fit,2.0,85.0,32.79
2026-04-29,  Retail Partner  ,Puffer Jacket Limited Release,-1.0,180.0 €,86.26
2026-04-29,  Drop Online Global  ,ASICS GEL-NYC Tech Runner,,150.0 €,57.54
2026-01-13,  Flagship Store  ,Cargo Pants Baggy Fit,1.0,$85.0,32.01
2026-07-01,  Retail Partner  ,Puffer Jacket Limited Release,2.0,-45.0,78.61
2026-01-28,  Drop Online Global  ,New Balance 990v3 Made in USA,3.0,220.0 €,86.47
2026-02-10,  Pop-Up Store Madrid  ,ASICS GEL-NYC Tech Runner,1.0,$150.0,58.99
2026-03-22,  Drop Online Global  ,Boxy Fit Hoodie 500 GSM,,90.0 €,40.25
2026-04-28,  Pop-Up Store Madrid  ,New Balance 990v3 Made in USA,5.0,220.0 €,88.14
2026-02-08,  Retail Partner  ,Cargo Pants Baggy Fit,,85.0 €,34.03
2026-03-29,  Drop Online Global  ,Denim Shorts Wide Leg,2.0,65.0 €,30.73
2026-02-26,  Drop Online Global  ,New Balance 990v3 Made in USA,1.0,220.0 €,85.03
2026-02-15,  Retail Partner  ,ASICS GEL-NYC Tech Runner,1.0,150.0 €,69.31
2026-06-28,  Retail Partner  ,Boxy Fit Hoodie 500 GSM,-1.0,90.0 €,31.64
2026-05-18,  Retail Partner  ,Graphic Zip-Up Hoodie,1.0,95.0 €,36.26
2026-02-09,  Flagship Store  ,Boxy Fit Hoodie 500 GSM,5.0,$90.0,40.21
2026-02-16,  Pop-Up Store Madrid  ,Boxy Fit Hoodie 500 GSM,2.0,90.0 €,41.92
2026-06-26,  Drop Online Global  ,Denim Shorts Wide Leg,-1.0,$65.0,28.79
2026-03-02,  Pop-Up Store Madrid  ,ASICS GEL-NYC Tech Runner,1.0,$150.0,54.88
2026-05-07,  Flagship Store  ,Graphic Zip-Up Hoodie,2.0,95.0 €,35.84
2026-06-07,  Pop-Up Store Madrid  ,Graphic Zip-Up Hoodie,-1.0,-45.0,37.81
2026-07-11,  Pop-Up Store Madrid  ,New Balance 990v3 Made in USA,1.0,$220.0,100.16
2026-04-09,  Drop Online Global  ,Boxy Fit Hoodie 500 GSM,-1.0,90.0,32.84
2026-04-18,  Drop Online Global  ,New Balance 990v3 Made in USA,1.0,$220.0,85.41
2026-07-21,  Retail Partner  ,Cargo Pants Baggy Fit,5.0,85.0 €,36.66
2026-01-25,  Flagship Store  ,Heavyweight Oversize Tee 300 GSM,2.0,45.0,16.29
2026-01-11,  Flagship Store  ,Heavyweight Oversize Tee 300 GSM,3.0,45.0 €,17.14
2026-08-08,  Flagship Store  ,Graphic Zip-Up Hoodie,1.0,95.0 €,45.3
2026-07-26,  Pop-Up Store Madrid  ,Graphic Zip-Up Hoodie,-1.0,95.0 €,46.76
2026-04-26,  Flagship Store  ,ASICS GEL-NYC Tech Runner,1.0,-45.0,67.18
2026-06-12,  Pop-Up Store Madrid  ,New Balance 990v3 Made in USA,1.0,220.0,106.05
2026-08-08,  Drop Online Global  ,ASICS GEL-NYC Tech Runner,3.0,150.0,64.7
2026-04-15,  Retail Partner  ,Graphic Zip-Up Hoodie,2.0,95.0 €,35.05
2026-02-12,  Flagship Store  ,New Balance 990v3 Made in USA,1.0,$220.0,102.24
2026-05-06,  Retail Partner  ,Graphic Zip-Up Hoodie,1.0,95.0 €,40.66
2026-04-21,  Pop-Up Store Madrid  ,Denim Shorts Wide Leg,3.0,65.0 €,22.94
2026-07-05,  Drop Online Global  ,Boxy Fit Hoodie 500 GSM,,90.0 €,33.05
2026-02-10,  Retail Partner  ,Heavyweight Oversize Tee 300 GSM,2.0,45.0,21.83
2026-05-13,  Retail Partner  ,Cargo Pants Baggy Fit,1.0,85.0,30.29
2026-02-23,  Drop Online Global  ,Graphic Zip-Up Hoodie,1.0,95.0,45.97
2026-02-13,  Retail Partner  ,New Balance 990v3 Made in USA,1.0,220.0 €,105.31
2026-06-02,  Pop-Up Store Madrid  ,ASICS GEL-NYC Tech Runner,1.0,150.0 €,57.71
2026-04-01,  Retail Partner  ,New Balance 990v3 Made in USA,3.0,220.0 €,95.67
2026-02-09,  Retail Partner  ,Cargo Pants Baggy Fit,,$85.0,35.77
2026-06-25,  Retail Partner  ,Boxy Fit Hoodie 500 GSM,2.0,$90.0,37.62
2026-04-04,  Drop Online Global  ,Heavyweight Oversize Tee 300 GSM,1.0,$45.0,16.67
2026-02-12,  Retail Partner  ,Puffer Jacket Limited Release,2.0,180.0,69.9
2026-03-24,  Drop Online Global  ,Puffer Jacket Limited Release,1.0,180.0 €,67.0
2026-02-10,  Drop Online Global  ,Puffer Jacket Limited Release,1.0,180.0,70.2
2026-06-29,  Retail Partner  ,New Balance 990v3 Made in USA,1.0,-45.0,104.19
2026-01-23,  Retail Partner  ,Denim Shorts Wide Leg,3.0,$65.0,24.94
2026-01-14,  Flagship Store  ,Heavyweight Oversize Tee 300 GSM,3.0,45.0 €,22.26
2026-04-05,  Drop Online Global  ,Puffer Jacket Limited Release,3.0,180.0 €,85.38
2026-01-12,  Pop-Up Store Madrid  ,Boxy Fit Hoodie 500 GSM,1.0,90.0 €,38.99
2026-03-16,  Pop-Up Store Madrid  ,Cargo Pants Baggy Fit,1.0,85.0,35.43
2026-06-14,  Drop Online Global  ,Denim Shorts Wide Leg,1.0,$65.0,23.35
2026-06-11,  Retail Partner  ,Puffer Jacket Limited Release,,180.0 €,73.04
2026-08-02,  Flagship Store  ,Cargo Pants Baggy Fit,2.0,85.0,31.6
2026-04-11,  Retail Partner  ,Cargo Pants Baggy Fit,5.0,85.0 €,35.73
2026-03-22,  Flagship Store  ,Boxy Fit Hoodie 500 GSM,2.0,90.0 €,43.79
2026-04-14,  Drop Online Global  ,Heavyweight Oversize Tee 300 GSM,1.0,45.0,19.53
2026-04-11,  Drop Online Global  ,Heavyweight Oversize Tee 300 GSM,2.0,45.0,19.28
2026-07-03,  Drop Online Global  ,Graphic Zip-Up Hoodie,2.0,$95.0,39.57
2026-04-12,  Pop-Up Store Madrid  ,Boxy Fit Hoodie 500 GSM,2.0,90.0,44.87
2026-05-16,  Flagship Store  ,ASICS GEL-NYC Tech Runner,2.0,150.0 €,59.94
2026-02-11,  Retail Partner  ,Cargo Pants Baggy Fit,1.0,85.0,32.74
2026-01-30,  Retail Partner  ,Boxy Fit Hoodie 500 GSM,1.0,$90.0,31.87
2026-02-17,  Flagship Store  ,Cargo Pants Baggy Fit,-1.0,$85.0,31.06
2026-02-02,  Pop-Up Store Madrid  ,Cargo Pants Baggy Fit,1.0,85.0 €,31.86
2026-06-28,  Pop-Up Store Madrid  ,Cargo Pants Baggy Fit,1.0,85.0 €,32.68
2026-07-10,  Retail Partner  ,New Balance 990v3 Made in USA,2.0,$220.0,100.41
2026-02-08,  Drop Online Global  ,Heavyweight Oversize Tee 300 GSM,-1.0,45.0,16.43
2026-04-25,  Flagship Store  ,Cargo Pants Baggy Fit,,85.0 €,35.72
2026-04-25,  Retail Partner  ,Boxy Fit Hoodie 500 GSM,1.0,$90.0,38.09
2026-06-26,  Flagship Store  ,New Balance 990v3 Made in USA,5.0,$220.0,107.3
2026-06-17,  Pop-Up Store Madrid  ,Puffer Jacket Limited Release,5.0,180.0 €,84.54
2026-06-07,  Pop-Up Store Madrid  ,Boxy Fit Hoodie 500 GSM,1.0,$90.0,44.38
2026-05-06,  Retail Partner  ,Denim Shorts Wide Leg,5.0,65.0,25.01
2026-04-03,  Drop Online Global  ,Graphic Zip-Up Hoodie,1.0,$95.0,46.2
2026-01-07,  Pop-Up Store Madrid  ,Cargo Pants Baggy Fit,1.0,$85.0,35.95
2026-06-18,  Retail Partner  ,Denim Shorts Wide Leg,1.0,65.0,29.46
2026-06-04,  Pop-Up Store Madrid  ,Puffer Jacket Limited Release,-1.0,180.0 €,66.03
2026-01-19,  Pop-Up Store Madrid  ,Puffer Jacket Limited Release,2.0,-45.0,80.64
2026-05-11,  Drop Online Global  ,ASICS GEL-NYC Tech Runner,1.0,150.0,61.14
2026-08-03,  Retail Partner  ,Puffer Jacket Limited Release,2.0,180.0,81.68
2026-02-19,  Flagship Store  ,Heavyweight Oversize Tee 300 GSM,2.0,45.0,20.79
2026-04-28,  Pop-Up Store Madrid  ,Puffer Jacket Limited Release,-1.0,$180.0,79.74
2026-04-16,  Pop-Up Store Madrid  ,Boxy Fit Hoodie 500 GSM,1.0,90.0,34.32
2026-03-22,  Flagship Store  ,Denim Shorts Wide Leg,,65.0,27.3
2026-03-22,  Pop-Up Store Madrid  ,New Balance 990v3 Made in USA,,$220.0,92.76
2026-02-28,  Retail Partner  ,Cargo Pants Baggy Fit,1.0,$85.0,41.7
2026-05-05,  Drop Online Global  ,Cargo Pants Baggy Fit,2.0,85.0 €,34.75
2026-02-14,  Pop-Up Store Madrid  ,Puffer Jacket Limited Release,1.0,-45.0,71.62
2026-06-07,  Drop Online Global  ,Graphic Zip-Up Hoodie,-1.0,-45.0,46.78
2026-07-30,  Flagship Store  ,Graphic Zip-Up Hoodie,1.0,$95.0,35.16
2026-01-12,  Drop Online Global  ,Graphic Zip-Up Hoodie,5.0,$95.0,36.99
2026-05-25,  Drop Online Global  ,ASICS GEL-NYC Tech Runner,1.0,150.0 €,63.72
2026-01-27,  Drop Online Global  ,ASICS GEL-NYC Tech Runner,5.0,150.0 €,69.53
2026-04-19,  Retail Partner  ,Boxy Fit Hoodie 500 GSM,,90.0 €,31.51
2026-06-08,  Retail Partner  ,Cargo Pants Baggy Fit,1.0,$85.0,32.53
2026-04-01,  Drop Online Global  ,Cargo Pants Baggy Fit,,$85.0,36.4
2026-03-23,  Flagship Store  ,Boxy Fit Hoodie 500 GSM,-1.0,90.0 €,44.17
2026-07-03,  Pop-Up Store Madrid  ,Puffer Jacket Limited Release,1.0,180.0 €,64.01
2026-07-20,  Flagship Store  ,ASICS GEL-NYC Tech Runner,5.0,-45.0,64.37
2026-04-07,  Retail Partner  ,ASICS GEL-NYC Tech Runner,3.0,150.0 €,70.58
2026-03-13,  Retail Partner  ,Cargo Pants Baggy Fit,1.0,85.0,39.49
2026-02-13,  Pop-Up Store Madrid  ,Cargo Pants Baggy Fit,,$85.0,38.02
2026-06-06,  Pop-Up Store Madrid  ,Denim Shorts Wide Leg,-1.0,$65.0,29.73
2026-03-15,  Drop Online Global  ,Cargo Pants Baggy Fit,1.0,85.0 €,37.59
2026-04-04,  Retail Partner  ,Puffer Jacket Limited Release,2.0,180.0 €,66.77
2026-03-11,  Flagship Store  ,Boxy Fit Hoodie 500 GSM,,90.0,35.27
2026-01-25,  Drop Online Global  ,New Balance 990v3 Made in USA,3.0,220.0 €,92.62
2026-04-02,  Pop-Up Store Madrid  ,Cargo Pants Baggy Fit,1.0,85.0,40.77
2026-02-05,  Flagship Store  ,New Balance 990v3 Made in USA,,220.0 €,78.83
2026-07-09,  Drop Online Global  ,Denim Shorts Wide Leg,1.0,65.0,23.49
2026-05-20,  Pop-Up Store Madrid  ,Boxy Fit Hoodie 500 GSM,,$90.0,39.51
2026-05-21,  Retail Partner  ,Puffer Jacket Limited Release,3.0,$180.0,63.23
2026-05-07,  Flagship Store  ,Cargo Pants Baggy Fit,1.0,85.0,39.11
2026-03-10,  Pop-Up Store Madrid  ,New Balance 990v3 Made in USA,5.0,220.0 €,79.62
2026-06-27,  Pop-Up Store Madrid  ,ASICS GEL-NYC Tech Runner,,150.0,56.88
2026-02-21,  Drop Online Global  ,Denim Shorts Wide Leg,5.0,65.0 €,30.2
2026-06-12,  Retail Partner  ,Cargo Pants Baggy Fit,3.0,85.0,31.36
2026-01-09,  Drop Online Global  ,Cargo Pants Baggy Fit,5.0,$85.0,32.25
2026-06-08,  Pop-Up Store Madrid  ,ASICS GEL-NYC Tech Runner,1.0,150.0 €,56.05
2026-04-11,  Flagship Store  ,New Balance 990v3 Made in USA,,220.0 €,96.43
2026-05-12,  Drop Online Global  ,Puffer Jacket Limited Release,1.0,180.0,87.94
2026-06-25,  Drop Online Global  ,Puffer Jacket Limited Release,,$180.0,87.94
2026-07-31,  Drop Online Global  ,Denim Shorts Wide Leg,-1.0,65.0 €,23.14
2026-01-29,  Retail Partner  ,Cargo Pants Baggy Fit,-1.0,85.0,40.93
2026-04-09,  Drop Online Global  ,Denim Shorts Wide Leg,1.0,65.0 €,28.4
2026-07-22,  Drop Online Global  ,New Balance 990v3 Made in USA,1.0,220.0 €,109.68
2026-07-14,  Retail Partner  ,New Balance 990v3 Made in USA,5.0,220.0,98.08
2026-08-05,  Drop Online Global  ,Cargo Pants Baggy Fit,2.0,85.0 €,34.88
2026-05-07,  Pop-Up Store Madrid  ,Puffer Jacket Limited Release,-1.0,-45.0,67.41
2026-01-06,  Flagship Store  ,Puffer Jacket Limited Release,1.0,$180.0,82.62
2026-06-25,  Drop Online Global  ,Boxy Fit Hoodie 500 GSM,1.0,90.0,34.15
2026-02-23,  Retail Partner  ,Cargo Pants Baggy Fit,1.0,85.0,39.53
2026-06-11,  Drop Online Global  ,Cargo Pants Baggy Fit,2.0,85.0 €,33.59
2026-03-17,  Drop Online Global  ,Puffer Jacket Limited Release,-1.0,180.0 €,73.89
2026-01-21,  Flagship Store  ,Puffer Jacket Limited Release,-1.0,$180.0,65.03
2026-04-06,  Retail Partner  ,Graphic Zip-Up Hoodie,3.0,95.0,47.26
2026-01-03,  Pop-Up Store Madrid  ,Puffer Jacket Limited Release,3.0,180.0 €,64.4
2026-07-06,  Drop Online Global  ,Cargo Pants Baggy Fit,3.0,85.0 €,41.26
2026-04-02,  Flagship Store  ,Cargo Pants Baggy Fit,5.0,85.0 €,32.16
2026-01-13,  Flagship Store  ,Graphic Zip-Up Hoodie,1.0,95.0 €,39.46
2026-07-31,  Pop-Up Store Madrid  ,Graphic Zip-Up Hoodie,5.0,95.0,45.37
2026-01-20,  Flagship Store  ,Puffer Jacket Limited Release,3.0,180.0,68.92
2026-04-22,  Pop-Up Store Madrid  ,Puffer Jacket Limited Release,1.0,180.0 €,81.28
2026-04-22,  Flagship Store  ,ASICS GEL-NYC Tech Runner,3.0,150.0 €,73.84
2026-05-05,  Drop Online Global  ,New Balance 990v3 Made in USA,-1.0,$220.0,97.64
2026-04-24,  Flagship Store  ,Graphic Zip-Up Hoodie,1.0,95.0,37.48
2026-06-14,  Drop Online Global  ,Denim Shorts Wide Leg,3.0,$65.0,27.33
2026-04-22,  Drop Online Global  ,Puffer Jacket Limited Release,5.0,$180.0,88.72
2026-01-13,  Retail Partner  ,ASICS GEL-NYC Tech Runner,,$150.0,65.5
2026-07-20,  Drop Online Global  ,Denim Shorts Wide Leg,2.0,65.0,31.23
2026-01-12,  Pop-Up Store Madrid  ,New Balance 990v3 Made in USA,2.0,$220.0,77.61
2026-03-03,  Drop Online Global  ,ASICS GEL-NYC Tech Runner,1.0,150.0 €,64.2
2026-06-17,  Drop Online Global  ,New Balance 990v3 Made in USA,1.0,$220.0,99.34
2026-07-31,  Flagship Store  ,Cargo Pants Baggy Fit,1.0,$85.0,41.06
2026-06-22,  Flagship Store  ,Graphic Zip-Up Hoodie,5.0,95.0 €,45.8
2026-04-24,  Retail Partner  ,Heavyweight Oversize Tee 300 GSM,1.0,45.0,17.22
2026-04-11,  Flagship Store  ,Puffer Jacket Limited Release,-1.0,180.0,79.8
2026-02-08,  Flagship Store  ,Cargo Pants Baggy Fit,5.0,$85.0,38.25
2026-03-04,  Drop Online Global  ,Boxy Fit Hoodie 500 GSM,1.0,$90.0,32.88
2026-07-11,  Retail Partner  ,Heavyweight Oversize Tee 300 GSM,1.0,$45.0,16.09
2026-07-30,  Pop-Up Store Madrid  ,Graphic Zip-Up Hoodie,1.0,95.0 €,38.67
2026-07-10,  Retail Partner  ,Puffer Jacket Limited Release,5.0,$180.0,86.47
2026-08-03,  Flagship Store  ,Boxy Fit Hoodie 500 GSM,1.0,$90.0,37.54
2026-01-02,  Flagship Store  ,New Balance 990v3 Made in USA,-1.0,220.0 €,82.39
2026-05-06,  Flagship Store  ,ASICS GEL-NYC Tech Runner,1.0,150.0,68.12
2026-04-20,  Pop-Up Store Madrid  ,Graphic Zip-Up Hoodie,5.0,95.0 €,37.67
2026-02-12,  Drop Online Global  ,ASICS GEL-NYC Tech Runner,1.0,150.0,69.07
2026-05-13,  Pop-Up Store Madrid  ,ASICS GEL-NYC Tech Runner,1.0,$150.0,68.78
2026-02-24,  Retail Partner  ,Graphic Zip-Up Hoodie,1.0,95.0,41.25
2026-03-01,  Retail Partner  ,Heavyweight Oversize Tee 300 GSM,1.0,45.0 €,16.21
2026-05-28,  Drop Online Global  ,Puffer Jacket Limited Release,5.0,$180.0,80.28
2026-06-22,  Retail Partner  ,Puffer Jacket Limited Release,1.0,180.0 €,84.72
2026-05-28,  Pop-Up Store Madrid  ,Graphic Zip-Up Hoodie,,95.0 €,41.44
2026-04-09,  Pop-Up Store Madrid  ,Graphic Zip-Up Hoodie,2.0,95.0 €,38.75
2026-04-16,  Retail Partner  ,Boxy Fit Hoodie 500 GSM,3.0,90.0,32.33
2026-01-14,  Retail Partner  ,New Balance 990v3 Made in USA,3.0,220.0,93.86
2026-04-03,  Flagship Store  ,Puffer Jacket Limited Release,,180.0 €,89.64
2026-01-20,  Flagship Store  ,New Balance 990v3 Made in USA,1.0,220.0 €,92.77
2026-07-19,  Drop Online Global  ,Graphic Zip-Up Hoodie,1.0,95.0,40.83
2026-05-31,  Pop-Up Store Madrid  ,Boxy Fit Hoodie 500 GSM,1.0,90.0,32.0
2026-01-05,  Pop-Up Store Madrid  ,Puffer Jacket Limited Release,3.0,-45.0,88.36
2026-04-02,  Pop-Up Store Madrid  ,Heavyweight Oversize Tee 300 GSM,,$45.0,16.52
2026-04-14,  Flagship Store  ,Heavyweight Oversize Tee 300 GSM,3.0,45.0,20.27
2026-02-27,  Flagship Store  ,ASICS GEL-NYC Tech Runner,1.0,150.0 €,71.95
2026-01-27,  Pop-Up Store Madrid  ,ASICS GEL-NYC Tech Runner,,-45.0,71.57
2026-05-24,  Flagship Store  ,Boxy Fit Hoodie 500 GSM,3.0,90.0 €,43.54
2026-06-02,  Drop Online Global  ,ASICS GEL-NYC Tech Runner,-1.0,$150.0,72.67
2026-07-18,  Flagship Store  ,Boxy Fit Hoodie 500 GSM,1.0,$90.0,37.84
2026-06-08,  Drop Online Global  ,Graphic Zip-Up Hoodie,1.0,95.0,39.11
2026-04-12,  Flagship Store  ,Puffer Jacket Limited Release,-1.0,$180.0,89.87
2026-07-08,  Drop Online Global  ,New Balance 990v3 Made in USA,1.0,$220.0,82.13
2026-03-17,  Pop-Up Store Madrid  ,Puffer Jacket Limited Release,1.0,$180.0,70.92
2026-02-15,  Flagship Store  ,Graphic Zip-Up Hoodie,1.0,95.0,37.14
2026-01-02,  Pop-Up Store Madrid  ,ASICS GEL-NYC Tech Runner,1.0,$150.0,61.65
2026-05-01,  Pop-Up Store Madrid  ,Boxy Fit Hoodie 500 GSM,3.0,$90.0,43.65
2026-03-20,  Drop Online Global  ,Boxy Fit Hoodie 500 GSM,3.0,90.0 €,44.21
2026-02-27,  Retail Partner  ,New Balance 990v3 Made in USA,5.0,220.0 €,77.67
2026-02-23,  Flagship Store  ,Puffer Jacket Limited Release,1.0,$180.0,70.59
2026-02-09,  Pop-Up Store Madrid  ,Graphic Zip-Up Hoodie,2.0,95.0 €,34.5
2026-01-11,  Flagship Store  ,Cargo Pants Baggy Fit,3.0,$85.0,33.14
2026-06-24,  Pop-Up Store Madrid  ,Denim Shorts Wide Leg,-1.0,$65.0,31.4
2026-04-06,  Flagship Store  ,Denim Shorts Wide Leg,-1.0,65.0,25.04
2026-07-17,  Pop-Up Store Madrid  ,Graphic Zip-Up Hoodie,1.0,$95.0,36.18
2026-08-09,  Retail Partner  ,ASICS GEL-NYC Tech Runner,1.0,$150.0,65.07
2026-02-17,  Drop Online Global  ,Denim Shorts Wide Leg,1.0,65.0 €,23.9
2026-02-13,  Retail Partner  ,ASICS GEL-NYC Tech Runner,-1.0,150.0 €,69.61
2026-07-02,  Retail Partner  ,Graphic Zip-Up Hoodie,,$95.0,43.47
2026-03-06,  Flagship Store  ,Graphic Zip-Up Hoodie,1.0,95.0 €,33.34
2026-03-27,  Pop-Up Store Madrid  ,ASICS GEL-NYC Tech Runner,1.0,150.0 €,55.47
2026-02-13,  Retail Partner  ,Cargo Pants Baggy Fit,5.0,85.0,38.49
2026-04-07,  Retail Partner  ,Graphic Zip-Up Hoodie,1.0,$95.0,43.95
2026-05-08,  Flagship Store  ,Boxy Fit Hoodie 500 GSM,,90.0 €,43.65
2026-02-14,  Drop Online Global  ,Denim Shorts Wide Leg,3.0,$65.0,28.68
2026-01-30,  Pop-Up Store Madrid  ,Boxy Fit Hoodie 500 GSM,1.0,$90.0,44.7
2026-01-08,  Drop Online Global  ,Heavyweight Oversize Tee 300 GSM,3.0,45.0,22.12
2026-06-05,  Retail Partner  ,Heavyweight Oversize Tee 300 GSM,1.0,45.0,19.95
2026-03-01,  Pop-Up Store Madrid  ,Boxy Fit Hoodie 500 GSM,-1.0,90.0 €,33.53
2026-04-11,  Drop Online Global  ,Heavyweight Oversize Tee 300 GSM,5.0,45.0 €,21.32
2026-02-16,  Pop-Up Store Madrid  ,Puffer Jacket Limited Release,1.0,$180.0,80.19
2026-01-03,  Flagship Store  ,New Balance 990v3 Made in USA,1.0,220.0 €,86.78
2026-07-19,  Drop Online Global  ,ASICS GEL-NYC Tech Runner,1.0,$150.0,68.94
2026-05-09,  Drop Online Global  ,Puffer Jacket Limited Release,2.0,180.0,89.42
2026-01-10,  Retail Partner  ,New Balance 990v3 Made in USA,-1.0,220.0,101.81
2026-04-10,  Flagship Store  ,Denim Shorts Wide Leg,-1.0,65.0,31.29
2026-06-28,  Retail Partner  ,New Balance 990v3 Made in USA,,$220.0,83.94
2026-02-26,  Flagship Store  ,Heavyweight Oversize Tee 300 GSM,-1.0,45.0,20.52
2026-07-18,  Flagship Store  ,Denim Shorts Wide Leg,1.0,65.0 €,23.04
2026-01-03,  Drop Online Global  ,ASICS GEL-NYC Tech Runner,5.0,-45.0,67.1
2026-03-31,  Retail Partner  ,ASICS GEL-NYC Tech Runner,5.0,150.0 €,62.2
2026-02-08,  Drop Online Global  ,Denim Shorts Wide Leg,2.0,$65.0,32.03
2026-02-03,  Pop-Up Store Madrid  ,ASICS GEL-NYC Tech Runner,1.0,150.0 €,61.5
2026-04-05,  Pop-Up Store Madrid  ,Heavyweight Oversize Tee 300 GSM,-1.0,$45.0,21.1
2026-02-09,  Retail Partner  ,Boxy Fit Hoodie 500 GSM,1.0,90.0 €,33.88
2026-02-21,  Flagship Store  ,Heavyweight Oversize Tee 300 GSM,2.0,45.0,19.39
2026-05-14,  Flagship Store  ,Boxy Fit Hoodie 500 GSM,1.0,$90.0,37.07
2026-07-25,  Flagship Store  ,Boxy Fit Hoodie 500 GSM,1.0,90.0 €,44.32
2026-06-13,  Drop Online Global  ,Puffer Jacket Limited Release,1.0,180.0,79.82
2026-07-01,  Flagship Store  ,Denim Shorts Wide Leg,3.0,$65.0,28.3
2026-04-07,  Flagship Store  ,Graphic Zip-Up Hoodie,-1.0,$95.0,42.46
2026-06-10,  Drop Online Global  ,Boxy Fit Hoodie 500 GSM,,$90.0,38.16
2026-03-16,  Pop-Up Store Madrid  ,Cargo Pants Baggy Fit,5.0,$85.0,38.66
2026-01-06,  Retail Partner  ,Cargo Pants Baggy Fit,-1.0,$85.0,36.18
2026-01-24,  Drop Online Global  ,Puffer Jacket Limited Release,3.0,180.0 €,82.95
2026-06-15,  Pop-Up Store Madrid  ,Puffer Jacket Limited Release,,$180.0,64.32
2026-07-08,  Flagship Store  ,Heavyweight Oversize Tee 300 GSM,2.0,45.0 €,18.44
2026-03-25,  Flagship Store  ,Graphic Zip-Up Hoodie,1.0,$95.0,34.44
2026-07-21,  Pop-Up Store Madrid  ,Boxy Fit Hoodie 500 GSM,1.0,90.0 €,40.99
2026-06-09,  Flagship Store  ,Heavyweight Oversize Tee 300 GSM,1.0,45.0,19.6
2026-02-05,  Drop Online Global  ,Graphic Zip-Up Hoodie,3.0,$95.0,40.24
2026-07-10,  Retail Partner  ,Graphic Zip-Up Hoodie,1.0,95.0,37.72
2026-06-14,  Flagship Store  ,Cargo Pants Baggy Fit,1.0,$85.0,38.8
2026-01-29,  Flagship Store  ,New Balance 990v3 Made in USA,2.0,$220.0,81.05
2026-05-26,  Retail Partner  ,Puffer Jacket Limited Release,1.0,180.0 €,71.14
2026-03-16,  Drop Online Global  ,Heavyweight Oversize Tee 300 GSM,5.0,$45.0,22.42
2026-06-22,  Pop-Up Store Madrid  ,Heavyweight Oversize Tee 300 GSM,1.0,45.0,19.61
2026-01-19,  Drop Online Global  ,Graphic Zip-Up Hoodie,1.0,95.0 €,42.09
2026-04-04,  Retail Partner  ,ASICS GEL-NYC Tech Runner,1.0,150.0 €,70.04
2026-03-14,  Retail Partner  ,Cargo Pants Baggy Fit,3.0,$85.0,30.78
2026-04-28,  Retail Partner  ,Puffer Jacket Limited Release,1.0,180.0 €,89.95
